Datetime,Open,High,Low,Close,Volume
2026-02-18 03:45:00+00:00,25754.650390625,25754.650390625,25706.849609375,25742.05078125,0
2026-02-18 03:50:00+00:00,25742.0,25742.0,25704.5,25704.5,0
2026-02-18 03:55:00+00:00,25705.400390625,25738.19921875,25699.150390625,25728.5,0
2026-02-18 04:00:00+00:00,25730.25,25736.44921875,25711.94921875,25731.44921875,0
2026-02-18 04:05:00+00:00,25731.80078125,25745.400390625,25725.849609375,25737.150390625,0
2026-02-18 04:10:00+00:00,25738.599609375,25746.650390625,25732.44921875,25741.849609375,0
2026-02-18 04:15:00+00:00,25741.849609375,25744.44921875,25714.05078125,25720.44921875,0
2026-02-18 04:20:00+00:00,25722.099609375,25724.19921875,25699.349609375,25702.349609375,0
2026-02-18 04:25:00+00:00,25701.849609375,25702.0,25656.5,25665.44921875,0
2026-02-18 04:30:00+00:00,25666.599609375,25669.150390625,25651.05078125,25666.44921875,0
2026-02-18 04:35:00+00:00,25668.30078125,25674.849609375,25652.30078125,25665.44921875,0
2026-02-18 04:40:00+00:00,25666.80078125,25674.55078125,25658.5,25661.94921875,0
2026-02-18 04:45:00+00:00,25663.849609375,25675.0,25645.900390625,25671.349609375,0
2026-02-18 04:50:00+00:00,25672.650390625,25675.599609375,25659.849609375,25670.30078125,0
2026-02-18 04:55:00+00:00,25670.94921875,25671.05078125,25646.05078125,25665.349609375,0
2026-02-18 05:00:00+00:00,25666.19921875,25675.099609375,25659.349609375,25673.0,0
2026-02-18 05:05:00+00:00,25673.349609375,25684.69921875,25660.75,25660.75,0
2026-02-18 05:10:00+00:00,25662.80078125,25667.44921875,25654.69921875,25660.75,0
2026-02-18 05:15:00+00:00,25661.900390625,25683.599609375,25658.849609375,25681.849609375,0
2026-02-18 05:20:00+00:00,25681.55078125,25696.80078125,25678.599609375,25691.650390625,0
2026-02-18 05:25:00+00:00,25692.19921875,25708.0,25688.05078125,25703.19921875,0
2026-02-18 05:30:00+00:00,25706.0,25709.0,25698.650390625,25706.150390625,0
2026-02-18 05:35:00+00:00,25706.0,25706.650390625,25697.19921875,25703.849609375,0
2026-02-18 05:40:00+00:00,25703.94921875,25705.849609375,25689.30078125,25700.05078125,0
2026-02-18 05:45:00+00:00,25700.69921875,25701.80078125,25683.5,25686.55078125,0
2026-02-18 05:50:00+00:00,25688.44921875,25697.69921875,25685.80078125,25688.0,0
2026-02-18 05:55:00+00:00,25687.69921875,25697.55078125,25679.94921875,25693.55078125,0
2026-02-18 06:00:00+00:00,25694.900390625,25716.55078125,25687.599609375,25713.650390625,0
2026-02-18 06:05:00+00:00,25711.599609375,25716.400390625,25695.650390625,25698.900390625,0
2026-02-18 06:10:00+00:00,25698.44921875,25701.349609375,25676.55078125,25686.900390625,0
2026-02-18 06:15:00+00:00,25687.5,25690.55078125,25682.650390625,25688.650390625,0
2026-02-18 06:20:00+00:00,25688.19921875,25695.69921875,25687.400390625,25695.55078125,0
2026-02-18 06:25:00+00:00,25695.5,25701.900390625,25689.94921875,25701.05078125,0
2026-02-18 06:30:00+00:00,25702.400390625,25711.599609375,25697.150390625,25704.5,0
2026-02-18 06:35:00+00:00,25705.44921875,25718.400390625,25704.30078125,25713.25,0
2026-02-18 06:40:00+00:00,25712.44921875,25717.400390625,25708.69921875,25709.849609375,0
2026-02-18 06:45:00+00:00,25710.5,25721.55078125,25710.5,25713.099609375,0
2026-02-18 06:50:00+00:00,25714.099609375,25723.0,25711.94921875,25720.30078125,0
2026-02-18 06:55:00+00:00,25720.400390625,25722.94921875,25703.650390625,25711.75,0
2026-02-18 07:00:00+00:00,25713.900390625,25726.19921875,25709.900390625,25722.69921875,0
2026-02-18 07:05:00+00:00,25722.44921875,25734.400390625,25722.44921875,25732.25,0
2026-02-18 07:10:00+00:00,25732.0,25732.349609375,25718.05078125,25726.349609375,0
2026-02-18 07:15:00+00:00,25725.099609375,25729.55078125,25713.69921875,25713.94921875,0
2026-02-18 07:20:00+00:00,25715.19921875,25728.5,25711.900390625,25726.80078125,0
2026-02-18 07:25:00+00:00,25726.55078125,25733.900390625,25719.55078125,25731.849609375,0
2026-02-18 07:30:00+00:00,25732.19921875,25742.05078125,25722.150390625,25737.0,0
2026-02-18 07:35:00+00:00,25736.69921875,25742.05078125,25730.69921875,25731.75,0
2026-02-18 07:40:00+00:00,25732.94921875,25733.5,25718.400390625,25731.5,0
2026-02-18 07:45:00+00:00,25730.94921875,25745.599609375,25730.94921875,25740.849609375,0
2026-02-18 07:50:00+00:00,25741.94921875,25753.19921875,25739.55078125,25744.849609375,0
2026-02-18 07:55:00+00:00,25745.150390625,25746.849609375,25717.80078125,25728.05078125,0
2026-02-18 08:00:00+00:00,25727.25,25730.5,25722.94921875,25727.55078125,0
2026-02-18 08:05:00+00:00,25726.19921875,25730.94921875,25719.849609375,25721.349609375,0
2026-02-18 08:10:00+00:00,25721.44921875,25729.44921875,25718.099609375,25724.69921875,0
2026-02-18 08:15:00+00:00,25724.599609375,25739.19921875,25723.30078125,25735.5,0
2026-02-18 08:20:00+00:00,25735.150390625,25746.150390625,25699.150390625,25700.0,0
2026-02-18 08:25:00+00:00,25699.19921875,25726.55078125,25695.75,25724.30078125,0
2026-02-18 08:30:00+00:00,25724.44921875,25728.19921875,25719.94921875,25725.44921875,0
2026-02-18 08:35:00+00:00,25726.55078125,25735.44921875,25725.25,25735.44921875,0
2026-02-18 08:40:00+00:00,25735.05078125,25757.349609375,25733.05078125,25756.80078125,0
2026-02-18 08:45:00+00:00,25756.94921875,25771.69921875,25750.599609375,25771.599609375,0
2026-02-18 08:50:00+00:00,25771.650390625,25791.25,25770.69921875,25790.55078125,0
2026-02-18 08:55:00+00:00,25789.900390625,25792.44921875,25778.94921875,25785.19921875,0
2026-02-18 09:00:00+00:00,25784.19921875,25789.900390625,25774.69921875,25779.099609375,0
2026-02-18 09:05:00+00:00,25778.80078125,25793.05078125,25778.25,25781.0,0
2026-02-18 09:10:00+00:00,25780.599609375,25784.55078125,25774.30078125,25779.80078125,0
2026-02-18 09:15:00+00:00,25779.650390625,25781.94921875,25768.44921875,25781.44921875,0
2026-02-18 09:20:00+00:00,25781.849609375,25790.55078125,25778.30078125,25787.44921875,0
2026-02-18 09:25:00+00:00,25786.94921875,25796.05078125,25786.94921875,25792.150390625,0
2026-02-18 09:30:00+00:00,25794.75,25826.75,25794.75,25814.55078125,0
2026-02-18 09:35:00+00:00,25813.650390625,25825.69921875,25807.94921875,25825.69921875,0
2026-02-18 09:40:00+00:00,25823.900390625,25827.150390625,25818.5,25821.94921875,0
2026-02-18 09:45:00+00:00,25820.05078125,25827.44921875,25817.099609375,25818.30078125,0
2026-02-18 09:50:00+00:00,25816.849609375,25822.400390625,25814.099609375,25817.30078125,0
2026-02-18 09:55:00+00:00,25815.44921875,25818.94921875,25805.05078125,25805.69921875,0
2026-02-19 03:45:00+00:00,25866.30078125,25879.599609375,25837.099609375,25853.900390625,0
2026-02-19 03:50:00+00:00,25853.650390625,25877.349609375,25849.80078125,25850.19921875,0
2026-02-19 03:55:00+00:00,25850.25,25851.900390625,25811.80078125,25817.650390625,0
2026-02-19 04:00:00+00:00,25817.75,25821.150390625,25803.80078125,25804.30078125,0
2026-02-19 04:05:00+00:00,25805.05078125,25821.19921875,25780.25,25790.650390625,0
2026-02-19 04:10:00+00:00,25790.75,25792.05078125,25776.80078125,25779.900390625,0
2026-02-19 04:15:00+00:00,25780.94921875,25812.94921875,25773.900390625,25809.25,0
2026-02-19 04:20:00+00:00,25808.30078125,25810.55078125,25782.650390625,25782.650390625,0
2026-02-19 04:25:00+00:00,25783.599609375,25789.099609375,25769.849609375,25772.849609375,0
2026-02-19 04:30:00+00:00,25772.55078125,25786.55078125,25763.400390625,25786.55078125,0
2026-02-19 04:35:00+00:00,25785.849609375,25793.900390625,25776.05078125,25779.599609375,0
2026-02-19 04:40:00+00:00,25778.650390625,25783.30078125,25750.69921875,25756.44921875,0
2026-02-19 04:45:00+00:00,25757.75,25765.849609375,25747.44921875,25756.849609375,0
2026-02-19 04:50:00+00:00,25757.30078125,25761.75,25742.099609375,25754.05078125,0
2026-02-19 04:55:00+00:00,25752.80078125,25754.94921875,25733.650390625,25746.69921875,0
2026-02-19 05:00:00+00:00,25746.75,25752.400390625,25736.80078125,25739.5,0
2026-02-19 05:05:00+00:00,25739.94921875,25743.19921875,25714.099609375,25716.400390625,0
2026-02-19 05:10:00+00:00,25716.599609375,25739.5,25708.75,25735.05078125,0
2026-02-19 05:15:00+00:00,25735.19921875,25736.75,25718.05078125,25723.150390625,0
2026-02-19 05:20:00+00:00,25722.94921875,25737.0,25718.25,25733.650390625,0
2026-02-19 05:25:00+00:00,25732.75,25740.5,25719.94921875,25734.849609375,0
2026-02-19 05:30:00+00:00,25734.75,25746.0,25726.150390625,25734.900390625,0
2026-02-19 05:35:00+00:00,25734.80078125,25745.05078125,25726.25,25726.94921875,0
2026-02-19 05:40:00+00:00,25727.30078125,25736.849609375,25713.849609375,25715.80078125,0
2026-02-19 05:45:00+00:00,25715.30078125,25720.69921875,25703.849609375,25705.650390625,0
2026-02-19 05:50:00+00:00,25705.150390625,25709.75,25679.849609375,25683.25,0
2026-02-19 05:55:00+00:00,25682.400390625,25692.44921875,25681.150390625,25688.650390625,0
2026-02-19 06:00:00+00:00,25687.69921875,25693.099609375,25683.44921875,25686.94921875,0
2026-02-19 06:05:00+00:00,25686.44921875,25688.94921875,25671.900390625,25684.599609375,0
2026-02-19 06:10:00+00:00,25683.650390625,25685.650390625,25667.94921875,25678.900390625,0
2026-02-19 06:15:00+00:00,25679.349609375,25680.05078125,25658.849609375,25664.44921875,0
2026-02-19 06:20:00+00:00,25664.5,25664.650390625,25652.69921875,25658.650390625,0
2026-02-19 06:25:00+00:00,25657.19921875,25663.94921875,25650.849609375,25658.69921875,0
2026-02-19 06:30:00+00:00,25658.650390625,25661.599609375,25642.05078125,25652.099609375,0
2026-02-19 06:35:00+00:00,25652.94921875,25655.849609375,25637.099609375,25637.75,0
2026-02-19 06:40:00+00:00,25636.55078125,25636.55078125,25601.0,25603.5,0
2026-02-19 06:45:00+00:00,25602.849609375,25615.69921875,25586.849609375,25611.400390625,0
2026-02-19 06:50:00+00:00,25611.80078125,25639.69921875,25607.55078125,25633.349609375,0
2026-02-19 06:55:00+00:00,25631.900390625,25634.900390625,25614.05078125,25626.0,0
2026-02-19 07:00:00+00:00,25625.400390625,25630.69921875,25608.599609375,25614.0,0
2026-02-19 07:05:00+00:00,25613.75,25621.400390625,25591.849609375,25593.80078125,0
2026-02-19 07:10:00+00:00,25594.19921875,25602.55078125,25569.44921875,25582.55078125,0
2026-02-19 07:15:00+00:00,25580.69921875,25585.55078125,25568.19921875,25584.05078125,0
2026-02-19 07:20:00+00:00,25584.44921875,25613.400390625,25580.05078125,25592.19921875,0
2026-02-19 07:25:00+00:00,25593.349609375,25602.400390625,25590.0,25597.5,0
2026-02-19 07:30:00+00:00,25598.400390625,25599.94921875,25586.25,25598.44921875,0
2026-02-19 07:35:00+00:00,25597.75,25629.80078125,25597.5,25628.0,0
2026-02-19 07:40:00+00:00,25628.75,25631.400390625,25618.5,25624.55078125,0
2026-02-19 07:45:00+00:00,25623.849609375,25624.55078125,25598.5,25607.0,0
2026-02-19 07:50:00+00:00,25606.75,25634.30078125,25604.55078125,25630.75,0
2026-02-19 07:55:00+00:00,25630.599609375,25636.25,25604.69921875,25619.69921875,0
2026-02-19 08:00:00+00:00,25617.94921875,25620.55078125,25575.849609375,25591.30078125,0
2026-02-19 08:05:00+00:00,25591.05078125,25606.80078125,25578.650390625,25600.94921875,0
2026-02-19 08:10:00+00:00,25600.55078125,25608.900390625,25594.5,25600.55078125,0
2026-02-19 08:15:00+00:00,25600.5,25605.69921875,25584.0,25587.30078125,0
2026-02-19 08:20:00+00:00,25587.599609375,25591.25,25565.30078125,25579.94921875,0
2026-02-19 08:25:00+00:00,25581.900390625,25582.69921875,25561.849609375,25562.44921875,0
2026-02-19 08:30:00+00:00,25562.849609375,25569.19921875,25549.849609375,25552.5,0
2026-02-19 08:35:00+00:00,25552.55078125,25568.400390625,25545.5,25566.650390625,0
2026-02-19 08:40:00+00:00,25566.099609375,25577.44921875,25559.900390625,25571.400390625,0
2026-02-19 08:45:00+00:00,25570.900390625,25601.69921875,25568.30078125,25598.599609375,0
2026-02-19 08:50:00+00:00,25599.75,25609.94921875,25571.150390625,25580.94921875,0
2026-02-19 08:55:00+00:00,25579.650390625,25580.44921875,25545.349609375,25547.099609375,0
2026-02-19 09:00:00+00:00,25545.849609375,25572.05078125,25545.849609375,25564.55078125,0
2026-02-19 09:05:00+00:00,25564.05078125,25575.55078125,25561.150390625,25567.900390625,0
2026-02-19 09:10:00+00:00,25568.150390625,25573.150390625,25518.25,25518.25,0
2026-02-19 09:15:00+00:00,25517.94921875,25522.19921875,25488.19921875,25515.900390625,0
2026-02-19 09:20:00+00:00,25513.849609375,25525.599609375,25512.19921875,25522.69921875,0
2026-02-19 09:25:00+00:00,25520.55078125,25535.400390625,25511.099609375,25523.349609375,0
2026-02-19 09:30:00+00:00,25521.75,25521.75,25467.25,25504.650390625,0
2026-02-19 09:35:00+00:00,25504.400390625,25512.30078125,25448.900390625,25489.400390625,0
2026-02-19 09:40:00+00:00,25488.05078125,25498.94921875,25442.0,25447.599609375,0
2026-02-19 09:45:00+00:00,25447.55078125,25447.55078125,25407.94921875,25410.150390625,0
2026-02-19 09:50:00+00:00,25410.30078125,25412.94921875,25390.5,25404.44921875,0
2026-02-19 09:55:00+00:00,25403.44921875,25419.30078125,25390.55078125,25416.44921875,0
2026-02-20 03:45:00+00:00,25406.349609375,25485.5,25386.75,25452.900390625,0
2026-02-20 03:50:00+00:00,25453.25,25479.44921875,25431.55078125,25431.55078125,0
2026-02-20 03:55:00+00:00,25432.0,25432.0,25380.349609375,25382.099609375,0
2026-02-20 04:00:00+00:00,25381.75,25468.849609375,25381.75,25466.349609375,0
2026-02-20 04:05:00+00:00,25466.599609375,25479.400390625,25456.69921875,25469.150390625,0
2026-02-20 04:10:00+00:00,25469.44921875,25486.599609375,25450.349609375,25482.30078125,0
2026-02-20 04:15:00+00:00,25481.650390625,25514.75,25480.599609375,25507.900390625,0
2026-02-20 04:20:00+00:00,25508.05078125,25523.849609375,25496.599609375,25504.05078125,0
2026-02-20 04:25:00+00:00,25503.900390625,25524.69921875,25498.55078125,25520.80078125,0
2026-02-20 04:30:00+00:00,25520.25,25523.44921875,25491.94921875,25496.349609375,0
2026-02-20 04:35:00+00:00,25497.44921875,25512.599609375,25468.94921875,25475.099609375,0
2026-02-20 04:40:00+00:00,25475.400390625,25501.80078125,25474.30078125,25480.44921875,0
2026-02-20 04:45:00+00:00,25479.900390625,25543.0,25479.900390625,25538.05078125,0
2026-02-20 04:50:00+00:00,25538.55078125,25554.650390625,25531.5,25544.849609375,0
2026-02-20 04:55:00+00:00,25543.75,25572.5,25543.75,25550.80078125,0
2026-02-20 05:00:00+00:00,25550.94921875,25577.75,25550.94921875,25570.849609375,0
2026-02-20 05:05:00+00:00,25570.5,25578.400390625,25564.150390625,25578.400390625,0
2026-02-20 05:10:00+00:00,25576.650390625,25602.80078125,25576.30078125,25596.650390625,0
2026-02-20 05:15:00+00:00,25595.599609375,25606.0,25581.94921875,25588.75,0
2026-02-20 05:20:00+00:00,25588.849609375,25593.94921875,25577.05078125,25587.94921875,0
2026-02-20 05:25:00+00:00,25588.30078125,25593.849609375,25574.05078125,25584.19921875,0
2026-02-20 05:30:00+00:00,25584.849609375,25590.30078125,25569.30078125,25579.19921875,0
2026-02-20 05:35:00+00:00,25579.55078125,25586.349609375,25564.849609375,25571.0,0
2026-02-20 05:40:00+00:00,25570.400390625,25583.900390625,25560.75,25561.849609375,0
2026-02-20 05:45:00+00:00,25563.349609375,25582.94921875,25563.349609375,25577.80078125,0
2026-02-20 05:50:00+00:00,25577.650390625,25583.19921875,25562.150390625,25568.849609375,0
2026-02-20 05:55:00+00:00,25568.400390625,25597.05078125,25563.400390625,25585.5,0
2026-02-20 06:00:00+00:00,25585.5,25602.599609375,25580.25,25593.900390625,0
2026-02-20 06:05:00+00:00,25593.25,25605.19921875,25586.05078125,25599.650390625,0
2026-02-20 06:10:00+00:00,25599.75,25606.650390625,25595.44921875,25600.849609375,0
2026-02-20 06:15:00+00:00,25600.25,25620.05078125,25586.94921875,25592.400390625,0
2026-02-20 06:20:00+00:00,25592.30078125,25600.849609375,25582.650390625,25583.849609375,0
2026-02-20 06:25:00+00:00,25583.599609375,25610.75,25581.099609375,25598.150390625,0
2026-02-20 06:30:00+00:00,25597.80078125,25602.05078125,25580.55078125,25587.30078125,0
2026-02-20 06:35:00+00:00,25586.75,25594.05078125,25582.80078125,25592.80078125,0
2026-02-20 06:40:00+00:00,25592.44921875,25604.5,25591.19921875,25603.099609375,0
2026-02-20 06:45:00+00:00,25602.44921875,25639.599609375,25602.099609375,25634.900390625,0
2026-02-20 06:50:00+00:00,25635.19921875,25651.19921875,25635.19921875,25648.099609375,0
2026-02-20 06:55:00+00:00,25648.05078125,25663.349609375,25646.650390625,25653.44921875,0
2026-02-20 07:00:00+00:00,25652.94921875,25658.349609375,25640.599609375,25643.0,0
2026-02-20 07:05:00+00:00,25643.349609375,25649.19921875,25632.0,25632.75,0
2026-02-20 07:10:00+00:00,25633.349609375,25636.94921875,25604.94921875,25606.80078125,0
2026-02-20 07:15:00+00:00,25605.94921875,25623.849609375,25588.44921875,25608.55078125,0
2026-02-20 07:20:00+00:00,25607.55078125,25613.69921875,25600.650390625,25612.25,0
2026-02-20 07:25:00+00:00,25612.099609375,25613.19921875,25573.30078125,25594.599609375,0
2026-02-20 07:30:00+00:00,25594.25,25609.75,25585.5,25587.900390625,0
2026-02-20 07:35:00+00:00,25588.25,25588.900390625,25560.80078125,25561.94921875,0
2026-02-20 07:40:00+00:00,25562.349609375,25566.30078125,25535.75,25554.599609375,0
2026-02-20 07:45:00+00:00,25554.5,25559.150390625,25538.900390625,25546.30078125,0
2026-02-20 07:50:00+00:00,25545.650390625,25551.44921875,25532.0,25549.849609375,0
2026-02-20 07:55:00+00:00,25549.19921875,25573.30078125,25540.30078125,25568.5,0
2026-02-20 08:00:00+00:00,25567.5,25593.5,25565.650390625,25593.5,0
2026-02-20 08:05:00+00:00,25593.5,25609.599609375,25568.69921875,25573.19921875,0
2026-02-20 08:10:00+00:00,25574.75,25580.099609375,25556.0,25573.0,0
2026-02-20 08:15:00+00:00,25572.849609375,25587.400390625,25568.75,25580.900390625,0
2026-02-20 08:20:00+00:00,25580.900390625,25583.25,25565.150390625,25565.19921875,0
2026-02-20 08:25:00+00:00,25564.900390625,25602.900390625,25561.400390625,25601.150390625,0
2026-02-20 08:30:00+00:00,25600.75,25611.80078125,25593.0,25593.0,0
2026-02-20 08:35:00+00:00,25592.19921875,25601.849609375,25577.44921875,25596.150390625,0
2026-02-20 08:40:00+00:00,25595.849609375,25602.150390625,25591.80078125,25602.150390625,0
2026-02-20 08:45:00+00:00,25601.650390625,25632.80078125,25601.650390625,25630.55078125,0
2026-02-20 08:50:00+00:00,25630.5,25634.150390625,25602.5,25604.55078125,0
2026-02-20 08:55:00+00:00,25604.349609375,25607.30078125,25587.05078125,25591.099609375,0
2026-02-20 09:00:00+00:00,25592.0,25604.849609375,25585.900390625,25600.75,0
2026-02-20 09:05:00+00:00,25600.69921875,25617.44921875,25595.75,25607.75,0
2026-02-20 09:10:00+00:00,25607.5,25637.599609375,25607.05078125,25625.55078125,0
2026-02-20 09:15:00+00:00,25625.94921875,25652.849609375,25625.94921875,25649.849609375,0
2026-02-20 09:20:00+00:00,25649.94921875,25650.599609375,25614.599609375,25632.55078125,0
2026-02-20 09:25:00+00:00,25632.099609375,25642.80078125,25629.150390625,25642.80078125,0
2026-02-20 09:30:00+00:00,25646.900390625,25649.650390625,25595.30078125,25598.0,0
2026-02-20 09:35:00+00:00,25597.05078125,25598.80078125,25570.349609375,25574.19921875,0
2026-02-20 09:40:00+00:00,25573.69921875,25576.05078125,25563.0,25571.94921875,0
2026-02-20 09:45:00+00:00,25570.849609375,25572.599609375,25552.30078125,25554.44921875,0
2026-02-20 09:50:00+00:00,25553.0,25568.349609375,25538.900390625,25567.0,0
2026-02-20 09:55:00+00:00,25566.30078125,25577.44921875,25551.650390625,25565.900390625,0
2026-02-23 03:45:00+00:00,25678.400390625,25706.650390625,25627.150390625,25698.349609375,0
2026-02-23 03:50:00+00:00,25697.400390625,25740.650390625,25697.05078125,25737.349609375,0
2026-02-23 03:55:00+00:00,25736.30078125,25766.44921875,25732.55078125,25760.0,0
2026-02-23 04:00:00+00:00,25759.05078125,25770.69921875,25736.900390625,25740.5,0
2026-02-23 04:05:00+00:00,25740.400390625,25768.25,25728.5,25728.69921875,0
2026-02-23 04:10:00+00:00,25728.69921875,25740.5,25718.599609375,25730.25,0
2026-02-23 04:15:00+00:00,25730.25,25749.0,25727.150390625,25741.400390625,0
2026-02-23 04:20:00+00:00,25740.599609375,25746.650390625,25711.099609375,25716.80078125,0
2026-02-23 04:25:00+00:00,25717.900390625,25743.94921875,25711.94921875,25729.19921875,0
2026-02-23 04:30:00+00:00,25728.650390625,25735.5,25721.05078125,25729.55078125,0
2026-02-23 04:35:00+00:00,25729.55078125,25737.44921875,25717.94921875,25727.69921875,0
2026-02-23 04:40:00+00:00,25727.19921875,25731.25,25705.150390625,25717.849609375,0
2026-02-23 04:45:00+00:00,25717.349609375,25733.69921875,25712.849609375,25728.5,0
2026-02-23 04:50:00+00:00,25727.900390625,25733.0,25719.650390625,25725.5,0
2026-02-23 04:55:00+00:00,25726.30078125,25726.30078125,25695.94921875,25705.55078125,0
2026-02-23 05:00:00+00:00,25706.44921875,25709.650390625,25693.55078125,25700.19921875,0
2026-02-23 05:05:00+00:00,25700.099609375,25706.349609375,25684.150390625,25689.55078125,0
2026-02-23 05:10:00+00:00,25689.599609375,25690.5,25655.150390625,25656.80078125,0
2026-02-23 05:15:00+00:00,25656.94921875,25664.19921875,25646.599609375,25653.30078125,0
2026-02-23 05:20:00+00:00,25653.650390625,25677.69921875,25653.150390625,25671.900390625,0
2026-02-23 05:25:00+00:00,25671.80078125,25676.94921875,25665.0,25667.900390625,0
2026-02-23 05:30:00+00:00,25667.849609375,25692.0,25666.75,25683.599609375,0
2026-02-23 05:35:00+00:00,25683.150390625,25684.05078125,25652.30078125,25679.400390625,0
2026-02-23 05:40:00+00:00,25680.5,25697.94921875,25674.400390625,25696.55078125,0
2026-02-23 05:45:00+00:00,25696.099609375,25699.19921875,25673.44921875,25673.44921875,0
2026-02-23 05:50:00+00:00,25673.44921875,25678.400390625,25660.19921875,25663.25,0
2026-02-23 05:55:00+00:00,25663.19921875,25666.0,25652.5,25661.94921875,0
2026-02-23 06:00:00+00:00,25662.0,25662.400390625,25654.849609375,25655.19921875,0
2026-02-23 06:05:00+00:00,25655.05078125,25670.849609375,25651.849609375,25668.349609375,0
2026-02-23 06:10:00+00:00,25668.599609375,25671.19921875,25662.150390625,25667.849609375,0
2026-02-23 06:15:00+00:00,25667.650390625,25671.19921875,25634.94921875,25648.30078125,0
2026-02-23 06:20:00+00:00,25648.69921875,25664.75,25631.650390625,25658.900390625,0
2026-02-23 06:25:00+00:00,25658.80078125,25666.44921875,25648.599609375,25648.94921875,0
2026-02-23 06:30:00+00:00,25649.44921875,25664.400390625,25646.05078125,25660.55078125,0
2026-02-23 06:35:00+00:00,25660.5,25673.349609375,25657.05078125,25664.69921875,0
2026-02-23 06:40:00+00:00,25664.75,25673.30078125,25651.55078125,25662.0,0
2026-02-23 06:45:00+00:00,25661.599609375,25682.94921875,25660.19921875,25670.44921875,0
2026-02-23 06:50:00+00:00,25669.94921875,25673.5,25653.150390625,25654.849609375,0
2026-02-23 06:55:00+00:00,25654.75,25658.94921875,25647.650390625,25651.349609375,0
2026-02-23 07:00:00+00:00,25651.900390625,25655.55078125,25636.400390625,25654.099609375,0
2026-02-23 07:05:00+00:00,25653.849609375,25664.099609375,25653.19921875,25661.849609375,0
2026-02-23 07:10:00+00:00,25660.75,25684.849609375,25660.150390625,25684.849609375,0
2026-02-23 07:15:00+00:00,25685.0,25690.849609375,25661.75,25663.150390625,0
2026-02-23 07:20:00+00:00,25662.69921875,25668.94921875,25643.55078125,25655.900390625,0
2026-02-23 07:25:00+00:00,25655.75,25657.650390625,25636.75,25638.349609375,0
2026-02-23 07:30:00+00:00,25638.05078125,25643.150390625,25631.55078125,25638.25,0
2026-02-23 07:35:00+00:00,25639.5,25654.900390625,25639.0,25649.94921875,0
2026-02-23 07:40:00+00:00,25649.099609375,25657.599609375,25636.150390625,25637.5,0
2026-02-23 07:45:00+00:00,25636.69921875,25653.25,25627.69921875,25645.19921875,0
2026-02-23 07:50:00+00:00,25644.849609375,25659.0,25644.05078125,25655.05078125,0
2026-02-23 07:55:00+00:00,25655.099609375,25668.44921875,25652.650390625,25667.400390625,0
2026-02-23 08:00:00+00:00,25667.44921875,25680.30078125,25646.44921875,25646.900390625,0
2026-02-23 08:05:00+00:00,25648.05078125,25652.599609375,25640.25,25643.849609375,0
2026-02-23 08:10:00+00:00,25647.150390625,25666.75,25632.349609375,25663.400390625,0
2026-02-23 08:15:00+00:00,25663.099609375,25669.400390625,25652.19921875,25652.19921875,0
2026-02-23 08:20:00+00:00,25653.0,25660.69921875,25650.75,25652.55078125,0
2026-02-23 08:25:00+00:00,25652.75,25656.349609375,25637.94921875,25637.94921875,0
2026-02-23 08:30:00+00:00,25638.400390625,25643.0,25609.349609375,25623.75,0
2026-02-23 08:35:00+00:00,25623.650390625,25638.30078125,25618.5,25626.900390625,0
2026-02-23 08:40:00+00:00,25627.25,25633.30078125,25615.0,25629.849609375,0
2026-02-23 08:45:00+00:00,25630.69921875,25644.349609375,25619.75,25643.650390625,0
2026-02-23 08:50:00+00:00,25643.55078125,25651.349609375,25638.5,25648.400390625,0
2026-02-23 08:55:00+00:00,25648.0,25673.94921875,25641.44921875,25673.44921875,0
2026-02-23 09:00:00+00:00,25673.650390625,25709.44921875,25673.349609375,25693.599609375,0
2026-02-23 09:05:00+00:00,25694.30078125,25702.75,25676.55078125,25680.5,0
2026-02-23 09:10:00+00:00,25680.05078125,25684.19921875,25661.75,25670.94921875,0
2026-02-23 09:15:00+00:00,25670.05078125,25699.75,25668.099609375,25698.55078125,0
2026-02-23 09:20:00+00:00,25697.94921875,25699.849609375,25672.80078125,25678.849609375,0
2026-02-23 09:25:00+00:00,25679.150390625,25683.55078125,25669.599609375,25673.0,0
2026-02-23 09:30:00+00:00,25674.150390625,25724.30078125,25674.150390625,25717.19921875,0
2026-02-23 09:35:00+00:00,25718.25,25728.94921875,25708.900390625,25710.599609375,0
2026-02-23 09:40:00+00:00,25710.19921875,25717.94921875,25705.69921875,25710.75,0
2026-02-23 09:45:00+00:00,25712.099609375,25722.400390625,25709.19921875,25716.150390625,0
2026-02-23 09:50:00+00:00,25716.25,25719.25,25705.5,25717.30078125,0
2026-02-23 09:55:00+00:00,25719.30078125,25722.5,25700.0,25704.25,0
2026-02-24 03:45:00+00:00,25641.80078125,25641.80078125,25570.849609375,25571.44921875,0
2026-02-24 03:50:00+00:00,25571.25,25581.400390625,25549.55078125,25560.0,0
2026-02-24 03:55:00+00:00,25559.400390625,25570.5,25547.94921875,25548.650390625,0
2026-02-24 04:00:00+00:00,25548.599609375,25549.75,25509.19921875,25513.900390625,0
2026-02-24 04:05:00+00:00,25512.80078125,25528.44921875,25506.849609375,25508.150390625,0
2026-02-24 04:10:00+00:00,25507.650390625,25514.55078125,25483.599609375,25499.44921875,0
2026-02-24 04:15:00+00:00,25500.30078125,25535.599609375,25497.349609375,25525.349609375,0
2026-02-24 04:20:00+00:00,25525.25,25526.30078125,25494.94921875,25511.599609375,0
2026-02-24 04:25:00+00:00,25511.650390625,25520.400390625,25510.099609375,25516.349609375,0
2026-02-24 04:30:00+00:00,25516.5,25525.30078125,25506.849609375,25514.05078125,0
2026-02-24 04:35:00+00:00,25513.25,25532.650390625,25513.0,25516.25,0
2026-02-24 04:40:00+00:00,25515.69921875,25517.55078125,25483.80078125,25484.69921875,0
2026-02-24 04:45:00+00:00,25484.0,25501.44921875,25475.19921875,25500.30078125,0
2026-02-24 04:50:00+00:00,25500.5,25515.0,25487.30078125,25488.5,0
2026-02-24 04:55:00+00:00,25487.849609375,25499.80078125,25486.599609375,25495.5,0
2026-02-24 05:00:00+00:00,25495.099609375,25510.349609375,25493.55078125,25500.69921875,0
2026-02-24 05:05:00+00:00,25499.650390625,25508.25,25499.44921875,25504.0,0
2026-02-24 05:10:00+00:00,25503.849609375,25513.25,25492.5,25498.099609375,0
2026-02-24 05:15:00+00:00,25497.900390625,25499.650390625,25472.44921875,25472.44921875,0
2026-02-24 05:20:00+00:00,25472.05078125,25481.150390625,25460.849609375,25465.349609375,0
2026-02-24 05:25:00+00:00,25465.650390625,25476.30078125,25462.400390625,25471.5,0
2026-02-24 05:30:00+00:00,25470.349609375,25487.849609375,25470.349609375,25484.650390625,0
2026-02-24 05:35:00+00:00,25484.55078125,25501.099609375,25480.400390625,25495.55078125,0
2026-02-24 05:40:00+00:00,25495.5,25512.5,25494.44921875,25505.849609375,0
2026-02-24 05:45:00+00:00,25505.69921875,25512.05078125,25497.099609375,25508.650390625,0
2026-02-24 05:50:00+00:00,25508.150390625,25519.150390625,25503.55078125,25504.44921875,0
2026-02-24 05:55:00+00:00,25504.30078125,25519.349609375,25503.650390625,25518.150390625,0
2026-02-24 06:00:00+00:00,25517.099609375,25520.69921875,25501.55078125,25506.55078125,0
2026-02-24 06:05:00+00:00,25506.55078125,25524.5,25503.849609375,25522.19921875,0
2026-02-24 06:10:00+00:00,25523.349609375,25525.19921875,25500.599609375,25501.55078125,0
2026-02-24 06:15:00+00:00,25500.599609375,25503.44921875,25489.099609375,25499.19921875,0
2026-02-24 06:20:00+00:00,25498.150390625,25498.75,25488.55078125,25488.849609375,0
2026-02-24 06:25:00+00:00,25488.099609375,25493.400390625,25471.69921875,25472.55078125,0
2026-02-24 06:30:00+00:00,25472.05078125,25474.25,25456.400390625,25463.25,0
2026-02-24 06:35:00+00:00,25462.75,25476.150390625,25456.69921875,25458.400390625,0
2026-02-24 06:40:00+00:00,25458.400390625,25470.55078125,25447.150390625,25466.05078125,0
2026-02-24 06:45:00+00:00,25464.5,25466.94921875,25442.05078125,25446.30078125,0
2026-02-24 06:50:00+00:00,25445.05078125,25448.849609375,25419.05078125,25421.05078125,0
2026-02-24 06:55:00+00:00,25420.900390625,25434.05078125,25417.099609375,25429.25,0
2026-02-24 07:00:00+00:00,25429.30078125,25433.099609375,25421.400390625,25428.80078125,0
2026-02-24 07:05:00+00:00,25428.150390625,25439.80078125,25426.5,25427.5,0
2026-02-24 07:10:00+00:00,25428.5,25432.30078125,25417.400390625,25418.05078125,0
2026-02-24 07:15:00+00:00,25417.30078125,25420.80078125,25387.75,25392.55078125,0
2026-02-24 07:20:00+00:00,25392.80078125,25401.69921875,25387.44921875,25401.69921875,0
2026-02-24 07:25:00+00:00,25401.349609375,25408.25,25395.69921875,25404.69921875,0
2026-02-24 07:30:00+00:00,25405.05078125,25425.0,25396.5,25421.900390625,0
2026-02-24 07:35:00+00:00,25421.650390625,25422.599609375,25411.099609375,25418.55078125,0
2026-02-24 07:40:00+00:00,25418.80078125,25433.25,25415.25,25424.599609375,0
2026-02-24 07:45:00+00:00,25424.599609375,25425.75,25410.150390625,25422.599609375,0
2026-02-24 07:50:00+00:00,25421.849609375,25424.0,25398.19921875,25398.94921875,0
2026-02-24 07:55:00+00:00,25397.75,25408.05078125,25378.650390625,25378.650390625,0
2026-02-24 08:00:00+00:00,25378.94921875,25380.19921875,25336.599609375,25339.849609375,0
2026-02-24 08:05:00+00:00,25339.849609375,25380.150390625,25328.0,25377.849609375,0
2026-02-24 08:10:00+00:00,25377.650390625,25379.19921875,25358.650390625,25365.44921875,0
2026-02-24 08:15:00+00:00,25365.900390625,25374.80078125,25359.400390625,25363.94921875,0
2026-02-24 08:20:00+00:00,25363.05078125,25375.650390625,25359.30078125,25374.650390625,0
2026-02-24 08:25:00+00:00,25373.900390625,25416.150390625,25373.900390625,25411.94921875,0
2026-02-24 08:30:00+00:00,25412.099609375,25414.5,25384.5,25388.75,0
2026-02-24 08:35:00+00:00,25388.349609375,25411.5,25382.05078125,25409.900390625,0
2026-02-24 08:40:00+00:00,25409.25,25443.55078125,25407.25,25440.5,0
2026-02-24 08:45:00+00:00,25440.05078125,25446.099609375,25418.0,25434.19921875,0
2026-02-24 08:50:00+00:00,25434.75,25436.55078125,25391.900390625,25405.099609375,0
2026-02-24 08:55:00+00:00,25406.44921875,25421.5,25403.0,25408.849609375,0
2026-02-24 09:00:00+00:00,25407.94921875,25413.599609375,25389.80078125,25397.30078125,0
2026-02-24 09:05:00+00:00,25395.55078125,25425.19921875,25395.099609375,25417.0,0
2026-02-24 09:10:00+00:00,25417.400390625,25423.5,25381.25,25381.25,0
2026-02-24 09:15:00+00:00,25380.44921875,25403.349609375,25361.900390625,25396.05078125,0
2026-02-24 09:20:00+00:00,25395.400390625,25423.30078125,25395.400390625,25412.80078125,0
2026-02-24 09:25:00+00:00,25412.650390625,25427.75,25411.5,25424.849609375,0
2026-02-24 09:30:00+00:00,25425.05078125,25443.599609375,25406.349609375,25406.849609375,0
2026-02-24 09:35:00+00:00,25406.900390625,25422.400390625,25401.150390625,25413.75,0
2026-02-24 09:40:00+00:00,25413.099609375,25426.099609375,25409.19921875,25421.19921875,0
2026-02-24 09:45:00+00:00,25422.19921875,25436.44921875,25416.650390625,25435.55078125,0
2026-02-24 09:50:00+00:00,25435.900390625,25441.5,25429.44921875,25441.099609375,0
2026-02-24 09:55:00+00:00,25442.349609375,25464.55078125,25435.75,25460.25,0
2026-02-25 03:45:00+00:00,25515.05078125,25573.900390625,25512.900390625,25561.80078125,0
2026-02-25 03:50:00+00:00,25562.19921875,25575.150390625,25552.849609375,25568.5,0
2026-02-25 03:55:00+00:00,25568.80078125,25594.900390625,25567.150390625,25582.900390625,0
2026-02-25 04:00:00+00:00,25584.849609375,25585.900390625,25559.099609375,25579.05078125,0
2026-02-25 04:05:00+00:00,25578.80078125,25587.80078125,25568.55078125,25569.19921875,0
2026-02-25 04:10:00+00:00,25570.44921875,25585.0,25560.75,25561.75,0
2026-02-25 04:15:00+00:00,25561.650390625,25587.400390625,25560.5,25575.94921875,0
2026-02-25 04:20:00+00:00,25576.75,25587.349609375,25559.150390625,25574.0,0
2026-02-25 04:25:00+00:00,25573.19921875,25603.25,25572.900390625,25600.599609375,0
2026-02-25 04:30:00+00:00,25600.849609375,25622.44921875,25594.80078125,25618.19921875,0
2026-02-25 04:35:00+00:00,25617.5,25631.30078125,25617.5,25629.849609375,0
2026-02-25 04:40:00+00:00,25628.75,25632.900390625,25618.900390625,25631.75,0
2026-02-25 04:45:00+00:00,25631.599609375,25652.5,25631.599609375,25639.400390625,0
2026-02-25 04:50:00+00:00,25638.900390625,25639.900390625,25629.94921875,25630.900390625,0
2026-02-25 04:55:00+00:00,25630.69921875,25639.650390625,25630.69921875,25635.19921875,0
2026-02-25 05:00:00+00:00,25635.0,25645.05078125,25633.5,25643.30078125,0
2026-02-25 05:05:00+00:00,25643.650390625,25649.650390625,25626.19921875,25634.05078125,0
2026-02-25 05:10:00+00:00,25634.150390625,25635.5,25618.900390625,25619.900390625,0
2026-02-25 05:15:00+00:00,25619.05078125,25625.400390625,25607.5,25616.599609375,0
2026-02-25 05:20:00+00:00,25616.650390625,25628.150390625,25613.400390625,25620.150390625,0
2026-02-25 05:25:00+00:00,25621.099609375,25624.05078125,25611.44921875,25612.349609375,0
2026-02-25 05:30:00+00:00,25614.099609375,25626.75,25613.19921875,25615.05078125,0
2026-02-25 05:35:00+00:00,25616.349609375,25630.80078125,25614.150390625,25621.05078125,0
2026-02-25 05:40:00+00:00,25621.19921875,25630.05078125,25608.55078125,25616.0,0
2026-02-25 05:45:00+00:00,25615.5,25620.0,25602.30078125,25607.099609375,0
2026-02-25 05:50:00+00:00,25608.099609375,25611.400390625,25597.599609375,25608.599609375,0
2026-02-25 05:55:00+00:00,25607.849609375,25617.5,25606.80078125,25613.30078125,0
2026-02-25 06:00:00+00:00,25613.30078125,25614.650390625,25599.94921875,25602.150390625,0
2026-02-25 06:05:00+00:00,25603.19921875,25609.900390625,25601.94921875,25605.150390625,0
2026-02-25 06:10:00+00:00,25604.75,25606.099609375,25581.05078125,25588.0,0
2026-02-25 06:15:00+00:00,25589.849609375,25619.0,25589.849609375,25617.650390625,0
2026-02-25 06:20:00+00:00,25618.25,25622.19921875,25606.75,25607.44921875,0
2026-02-25 06:25:00+00:00,25608.650390625,25609.19921875,25586.30078125,25595.099609375,0
2026-02-25 06:30:00+00:00,25592.650390625,25611.44921875,25592.650390625,25611.44921875,0
2026-02-25 06:35:00+00:00,25610.19921875,25614.25,25598.44921875,25606.5,0
2026-02-25 06:40:00+00:00,25606.05078125,25609.099609375,25591.900390625,25600.19921875,0
2026-02-25 06:45:00+00:00,25599.69921875,25615.5,25599.69921875,25606.75,0
2026-02-25 06:50:00+00:00,25608.5,25609.650390625,25588.650390625,25599.44921875,0
2026-02-25 06:55:00+00:00,25599.5,25599.849609375,25588.55078125,25592.5,0
2026-02-25 07:00:00+00:00,25591.94921875,25596.75,25534.75,25536.19921875,0
2026-02-25 07:05:00+00:00,25535.44921875,25537.849609375,25504.94921875,25528.599609375,0
2026-02-25 07:10:00+00:00,25528.849609375,25530.25,25503.05078125,25504.30078125,0
2026-02-25 07:15:00+00:00,25504.5,25505.150390625,25467.849609375,25467.849609375,0
2026-02-25 07:20:00+00:00,25464.25,25490.849609375,25461.900390625,25480.099609375,0
2026-02-25 07:25:00+00:00,25479.0,25491.44921875,25465.599609375,25472.19921875,0
2026-02-25 07:30:00+00:00,25471.650390625,25472.44921875,25440.30078125,25462.05078125,0
2026-02-25 07:35:00+00:00,25461.19921875,25469.900390625,25444.900390625,25463.150390625,0
2026-02-25 07:40:00+00:00,25463.80078125,25476.5,25461.400390625,25462.599609375,0
2026-02-25 07:45:00+00:00,25462.400390625,25479.44921875,25457.69921875,25478.5,0
2026-02-25 07:50:00+00:00,25478.44921875,25485.19921875,25455.0,25456.349609375,0
2026-02-25 07:55:00+00:00,25455.69921875,25461.150390625,25428.400390625,25460.30078125,0
2026-02-25 08:00:00+00:00,25460.099609375,25480.94921875,25460.099609375,25461.25,0
2026-02-25 08:05:00+00:00,25461.30078125,25479.25,25460.099609375,25466.400390625,0
2026-02-25 08:10:00+00:00,25467.30078125,25469.400390625,25461.75,25462.05078125,0
2026-02-25 08:15:00+00:00,25462.349609375,25469.849609375,25450.5,25467.400390625,0
2026-02-25 08:20:00+00:00,25467.55078125,25474.80078125,25463.19921875,25473.19921875,0
2026-02-25 08:25:00+00:00,25473.80078125,25474.69921875,25466.05078125,25472.650390625,0
2026-02-25 08:30:00+00:00,25473.05078125,25473.05078125,25439.30078125,25443.900390625,0
2026-02-25 08:35:00+00:00,25445.30078125,25453.5,25430.150390625,25435.650390625,0
2026-02-25 08:40:00+00:00,25436.400390625,25464.94921875,25436.30078125,25457.099609375,0
2026-02-25 08:45:00+00:00,25457.30078125,25495.75,25454.849609375,25493.80078125,0
2026-02-25 08:50:00+00:00,25494.19921875,25502.44921875,25472.400390625,25473.0,0
2026-02-25 08:55:00+00:00,25473.349609375,25475.650390625,25448.55078125,25448.55078125,0
2026-02-25 09:00:00+00:00,25449.5,25480.849609375,25449.5,25475.69921875,0
2026-02-25 09:05:00+00:00,25476.349609375,25482.599609375,25474.900390625,25477.94921875,0
2026-02-25 09:10:00+00:00,25478.25,25478.599609375,25457.94921875,25471.44921875,0
2026-02-25 09:15:00+00:00,25471.599609375,25473.349609375,25446.150390625,25450.349609375,0
2026-02-25 09:20:00+00:00,25451.05078125,25460.69921875,25439.94921875,25458.349609375,0
2026-02-25 09:25:00+00:00,25459.599609375,25473.55078125,25452.599609375,25468.25,0
2026-02-25 09:30:00+00:00,25469.80078125,25506.55078125,25469.80078125,25501.0,0
2026-02-25 09:35:00+00:00,25499.900390625,25501.400390625,25480.25,25483.349609375,0
2026-02-25 09:40:00+00:00,25482.69921875,25485.75,25469.5,25478.5,0
2026-02-25 09:45:00+00:00,25477.05078125,25485.19921875,25473.099609375,25481.400390625,0
2026-02-25 09:50:00+00:00,25481.25,25482.80078125,25473.80078125,25475.05078125,0
2026-02-25 09:55:00+00:00,25475.849609375,25488.25,25471.05078125,25478.650390625,0
2026-02-26 03:45:00+00:00,25551.55078125,25566.94921875,25525.80078125,25535.099609375,0
2026-02-26 03:50:00+00:00,25534.30078125,25543.099609375,25489.150390625,25498.44921875,0
2026-02-26 03:55:00+00:00,25499.099609375,25519.0,25488.30078125,25504.44921875,0
2026-02-26 04:00:00+00:00,25505.150390625,25519.69921875,25492.099609375,25518.80078125,0
2026-02-26 04:05:00+00:00,25518.849609375,25547.44921875,25516.400390625,25545.0,0
2026-02-26 04:10:00+00:00,25543.30078125,25556.30078125,25538.80078125,25555.900390625,0
2026-02-26 04:15:00+00:00,25555.30078125,25565.599609375,25547.05078125,25557.19921875,0
2026-02-26 04:20:00+00:00,25557.30078125,25559.44921875,25508.19921875,25510.599609375,0
2026-02-26 04:25:00+00:00,25509.80078125,25520.599609375,25500.099609375,25518.349609375,0
2026-02-26 04:30:00+00:00,25517.94921875,25543.80078125,25516.75,25543.80078125,0
2026-02-26 04:35:00+00:00,25543.25,25563.30078125,25540.25,25563.30078125,0
2026-02-26 04:40:00+00:00,25561.94921875,25572.25,25556.25,25558.25,0
2026-02-26 04:45:00+00:00,25558.599609375,25562.0,25544.5,25560.75,0
2026-02-26 04:50:00+00:00,25560.55078125,25561.69921875,25534.80078125,25538.400390625,0
2026-02-26 04:55:00+00:00,25537.650390625,25550.25,25519.55078125,25526.94921875,0
2026-02-26 05:00:00+00:00,25526.55078125,25544.349609375,25523.55078125,25536.599609375,0
2026-02-26 05:05:00+00:00,25538.94921875,25542.30078125,25523.19921875,25529.30078125,0
2026-02-26 05:10:00+00:00,25527.599609375,25539.849609375,25521.55078125,25531.80078125,0
2026-02-26 05:15:00+00:00,25532.80078125,25551.55078125,25527.099609375,25548.150390625,0
2026-02-26 05:20:00+00:00,25545.44921875,25548.05078125,25525.75,25525.75,0
2026-02-26 05:25:00+00:00,25527.150390625,25528.650390625,25505.44921875,25509.94921875,0
2026-02-26 05:30:00+00:00,25506.900390625,25523.44921875,25491.69921875,25521.80078125,0
2026-02-26 05:35:00+00:00,25520.75,25522.55078125,25509.5,25513.55078125,0
2026-02-26 05:40:00+00:00,25513.25,25530.44921875,25510.19921875,25523.25,0
2026-02-26 05:45:00+00:00,25523.5,25538.849609375,25517.44921875,25534.44921875,0
2026-02-26 05:50:00+00:00,25533.69921875,25541.099609375,25526.05078125,25540.650390625,0
2026-02-26 05:55:00+00:00,25541.400390625,25570.849609375,25535.19921875,25536.75,0
2026-02-26 06:00:00+00:00,25535.349609375,25537.25,25512.55078125,25521.349609375,0
2026-02-26 06:05:00+00:00,25522.099609375,25524.0,25495.75,25502.75,0
2026-02-26 06:10:00+00:00,25501.69921875,25501.75,25458.599609375,25461.349609375,0
2026-02-26 06:15:00+00:00,25460.349609375,25490.44921875,25452.349609375,25483.349609375,0
2026-02-26 06:20:00+00:00,25483.94921875,25490.650390625,25463.05078125,25469.650390625,0
2026-02-26 06:25:00+00:00,25468.900390625,25470.650390625,25446.75,25453.400390625,0
2026-02-26 06:30:00+00:00,25453.30078125,25472.44921875,25450.900390625,25470.19921875,0
2026-02-26 06:35:00+00:00,25469.75,25481.69921875,25466.849609375,25472.55078125,0
2026-02-26 06:40:00+00:00,25471.849609375,25475.30078125,25456.25,25459.30078125,0
2026-02-26 06:45:00+00:00,25458.05078125,25468.5,25440.349609375,25447.400390625,0
2026-02-26 06:50:00+00:00,25446.69921875,25446.75,25401.599609375,25432.400390625,0
2026-02-26 06:55:00+00:00,25432.849609375,25445.44921875,25425.25,25430.69921875,0
2026-02-26 07:00:00+00:00,25430.849609375,25445.400390625,25426.400390625,25436.099609375,0
2026-02-26 07:05:00+00:00,25435.400390625,25449.69921875,25431.30078125,25445.400390625,0
2026-02-26 07:10:00+00:00,25445.25,25461.150390625,25438.349609375,25459.94921875,0
2026-02-26 07:15:00+00:00,25457.44921875,25460.69921875,25441.80078125,25452.599609375,0
2026-02-26 07:20:00+00:00,25451.55078125,25452.75,25426.650390625,25430.75,0
2026-02-26 07:25:00+00:00,25432.25,25432.349609375,25412.05078125,25414.80078125,0
2026-02-26 07:30:00+00:00,25415.400390625,25452.25,25413.75,25451.75,0
2026-02-26 07:35:00+00:00,25451.349609375,25453.30078125,25430.5,25436.599609375,0
2026-02-26 07:40:00+00:00,25436.69921875,25437.400390625,25427.05078125,25428.55078125,0
2026-02-26 07:45:00+00:00,25428.19921875,25430.80078125,25403.400390625,25420.650390625,0
2026-02-26 07:50:00+00:00,25420.349609375,25438.30078125,25414.099609375,25438.05078125,0
2026-02-26 07:55:00+00:00,25437.5,25454.75,25432.0,25438.0,0
2026-02-26 08:00:00+00:00,25437.30078125,25449.30078125,25430.650390625,25432.849609375,0
2026-02-26 08:05:00+00:00,25434.44921875,25447.150390625,25432.80078125,25439.349609375,0
2026-02-26 08:10:00+00:00,25439.349609375,25448.150390625,25435.099609375,25438.19921875,0
2026-02-26 08:15:00+00:00,25438.05078125,25445.19921875,25417.400390625,25418.80078125,0
2026-02-26 08:20:00+00:00,25418.650390625,25447.75,25415.099609375,25441.94921875,0
2026-02-26 08:25:00+00:00,25443.19921875,25450.900390625,25431.650390625,25440.80078125,0
2026-02-26 08:30:00+00:00,25440.80078125,25447.25,25419.349609375,25427.44921875,0
2026-02-26 08:35:00+00:00,25425.30078125,25440.349609375,25406.150390625,25439.94921875,0
2026-02-26 08:40:00+00:00,25440.099609375,25460.55078125,25438.94921875,25453.44921875,0
2026-02-26 08:45:00+00:00,25456.650390625,25463.150390625,25442.19921875,25445.099609375,0
2026-02-26 08:50:00+00:00,25446.69921875,25452.400390625,25428.150390625,25430.150390625,0
2026-02-26 08:55:00+00:00,25429.55078125,25449.400390625,25427.0,25442.150390625,0
2026-02-26 09:00:00+00:00,25441.650390625,25462.5,25431.849609375,25462.44921875,0
2026-02-26 09:05:00+00:00,25462.44921875,25478.0,25459.0,25471.25,0
2026-02-26 09:10:00+00:00,25473.80078125,25513.0,25472.099609375,25513.0,0
2026-02-26 09:15:00+00:00,25514.80078125,25527.150390625,25503.69921875,25510.650390625,0
2026-02-26 09:20:00+00:00,25510.0,25522.150390625,25486.44921875,25504.55078125,0
2026-02-26 09:25:00+00:00,25504.69921875,25511.599609375,25492.05078125,25501.849609375,0
2026-02-26 09:30:00+00:00,25503.650390625,25524.849609375,25477.55078125,25486.0,0
2026-02-26 09:35:00+00:00,25485.25,25507.25,25485.25,25503.30078125,0
2026-02-26 09:40:00+00:00,25500.94921875,25504.0,25475.5,25486.150390625,0
2026-02-26 09:45:00+00:00,25486.94921875,25502.30078125,25483.80078125,25496.099609375,0
2026-02-26 09:50:00+00:00,25496.849609375,25503.25,25492.69921875,25498.599609375,0
2026-02-26 09:55:00+00:00,25499.0,25501.849609375,25482.94921875,25493.30078125,0
2026-02-27 03:45:00+00:00,25470.150390625,25470.150390625,25379.55078125,25395.400390625,0
2026-02-27 03:50:00+00:00,25394.80078125,25417.30078125,25381.30078125,25399.650390625,0
2026-02-27 03:55:00+00:00,25398.44921875,25417.69921875,25363.5,25364.55078125,0
2026-02-27 04:00:00+00:00,25365.099609375,25383.55078125,25364.05078125,25367.19921875,0
2026-02-27 04:05:00+00:00,25367.150390625,25383.400390625,25351.75,25383.400390625,0
2026-02-27 04:10:00+00:00,25383.099609375,25383.650390625,25358.05078125,25363.849609375,0
2026-02-27 04:15:00+00:00,25363.80078125,25363.80078125,25346.099609375,25347.349609375,0
2026-02-27 04:20:00+00:00,25347.44921875,25353.900390625,25334.5,25336.05078125,0
2026-02-27 04:25:00+00:00,25336.099609375,25348.150390625,25329.400390625,25330.0,0
2026-02-27 04:30:00+00:00,25330.30078125,25334.150390625,25322.94921875,25327.25,0
2026-02-27 04:35:00+00:00,25328.19921875,25328.19921875,25309.400390625,25320.0,0
2026-02-27 04:40:00+00:00,25319.69921875,25332.5,25318.69921875,25322.599609375,0
2026-02-27 04:45:00+00:00,25321.94921875,25324.0,25301.75,25302.80078125,0
2026-02-27 04:50:00+00:00,25303.099609375,25319.75,25292.650390625,25314.80078125,0
2026-02-27 04:55:00+00:00,25314.900390625,25333.0,25314.900390625,25324.30078125,0
2026-02-27 05:00:00+00:00,25324.349609375,25337.05078125,25319.150390625,25327.0,0
2026-02-27 05:05:00+00:00,25327.349609375,25346.44921875,25323.44921875,25335.30078125,0
2026-02-27 05:10:00+00:00,25335.19921875,25337.5,25313.94921875,25315.25,0
2026-02-27 05:15:00+00:00,25315.25,25326.650390625,25307.650390625,25322.900390625,0
2026-02-27 05:20:00+00:00,25322.900390625,25325.75,25308.05078125,25310.900390625,0
2026-02-27 05:25:00+00:00,25310.80078125,25318.0,25304.25,25304.650390625,0
2026-02-27 05:30:00+00:00,25305.349609375,25322.94921875,25305.150390625,25322.94921875,0
2026-02-27 05:35:00+00:00,25322.44921875,25338.19921875,25322.44921875,25336.599609375,0
2026-02-27 05:40:00+00:00,25335.55078125,25337.25,25322.55078125,25335.0,0
2026-02-27 05:45:00+00:00,25334.55078125,25341.650390625,25322.5,25325.349609375,0
2026-02-27 05:50:00+00:00,25325.55078125,25327.05078125,25312.30078125,25319.25,0
2026-02-27 05:55:00+00:00,25319.25,25321.19921875,25302.80078125,25306.849609375,0
2026-02-27 06:00:00+00:00,25307.900390625,25308.75,25284.5,25284.5,0
2026-02-27 06:05:00+00:00,25284.55078125,25291.099609375,25272.19921875,25281.849609375,0
2026-02-27 06:10:00+00:00,25282.30078125,25296.349609375,25279.150390625,25295.099609375,0
2026-02-27 06:15:00+00:00,25295.150390625,25305.5,25295.150390625,25302.0,0
2026-02-27 06:20:00+00:00,25302.25,25314.19921875,25297.55078125,25306.80078125,0
2026-02-27 06:25:00+00:00,25306.44921875,25317.75,25298.400390625,25313.400390625,0
2026-02-27 06:30:00+00:00,25313.400390625,25328.80078125,25309.849609375,25312.80078125,0
2026-02-27 06:35:00+00:00,25312.650390625,25315.75,25290.349609375,25293.099609375,0
2026-02-27 06:40:00+00:00,25292.69921875,25297.099609375,25284.80078125,25284.94921875,0
2026-02-27 06:45:00+00:00,25285.349609375,25288.44921875,25278.75,25284.55078125,0
2026-02-27 06:50:00+00:00,25284.400390625,25298.75,25270.19921875,25272.94921875,0
2026-02-27 06:55:00+00:00,25273.19921875,25313.150390625,25273.19921875,25300.599609375,0
2026-02-27 07:00:00+00:00,25300.55078125,25309.05078125,25289.69921875,25290.900390625,0
2026-02-27 07:05:00+00:00,25290.400390625,25294.349609375,25282.25,25282.25,0
2026-02-27 07:10:00+00:00,25282.55078125,25286.5,25274.44921875,25277.19921875,0
2026-02-27 07:15:00+00:00,25276.75,25293.69921875,25269.650390625,25282.25,0
2026-02-27 07:20:00+00:00,25282.150390625,25295.099609375,25281.25,25283.30078125,0
2026-02-27 07:25:00+00:00,25283.19921875,25285.55078125,25273.69921875,25276.94921875,0
2026-02-27 07:30:00+00:00,25277.150390625,25283.55078125,25274.25,25278.69921875,0
2026-02-27 07:35:00+00:00,25278.900390625,25296.849609375,25278.900390625,25293.05078125,0
2026-02-27 07:40:00+00:00,25293.30078125,25295.69921875,25287.349609375,25289.69921875,0
2026-02-27 07:45:00+00:00,25288.80078125,25292.94921875,25283.55078125,25284.25,0
2026-02-27 07:50:00+00:00,25284.0,25290.69921875,25281.650390625,25286.94921875,0
2026-02-27 07:55:00+00:00,25287.55078125,25300.94921875,25287.55078125,25300.75,0
2026-02-27 08:00:00+00:00,25300.19921875,25302.099609375,25293.0,25293.0,0
2026-02-27 08:05:00+00:00,25292.75,25307.150390625,25286.94921875,25296.5,0
2026-02-27 08:10:00+00:00,25296.349609375,25313.75,25295.80078125,25300.75,0
2026-02-27 08:15:00+00:00,25300.25,25328.55078125,25300.25,25327.650390625,0
2026-02-27 08:20:00+00:00,25327.19921875,25328.30078125,25312.099609375,25321.05078125,0
2026-02-27 08:25:00+00:00,25321.150390625,25343.94921875,25320.650390625,25343.150390625,0
2026-02-27 08:30:00+00:00,25342.599609375,25352.05078125,25323.94921875,25325.80078125,0
2026-02-27 08:35:00+00:00,25325.599609375,25332.44921875,25315.69921875,25332.0,0
2026-02-27 08:40:00+00:00,25331.94921875,25340.30078125,25320.19921875,25324.55078125,0
2026-02-27 08:45:00+00:00,25324.19921875,25327.349609375,25320.69921875,25323.75,0
2026-02-27 08:50:00+00:00,25323.19921875,25328.900390625,25316.900390625,25318.5,0
2026-02-27 08:55:00+00:00,25318.650390625,25319.05078125,25291.05078125,25293.55078125,0
2026-02-27 09:00:00+00:00,25293.55078125,25303.94921875,25287.0,25293.94921875,0
2026-02-27 09:05:00+00:00,25293.75,25310.099609375,25293.69921875,25298.25,0
2026-02-27 09:10:00+00:00,25298.650390625,25303.349609375,25289.650390625,25293.80078125,0
2026-02-27 09:15:00+00:00,25294.099609375,25301.0,25287.80078125,25300.75,0
2026-02-27 09:20:00+00:00,25301.55078125,25304.94921875,25290.5,25300.5,0
2026-02-27 09:25:00+00:00,25300.55078125,25314.80078125,25294.69921875,25312.400390625,0
2026-02-27 09:30:00+00:00,25309.44921875,25309.44921875,25179.650390625,25183.5,0
2026-02-27 09:35:00+00:00,25183.55078125,25190.900390625,25142.349609375,25168.19921875,0
2026-02-27 09:40:00+00:00,25167.849609375,25189.5,25162.69921875,25167.900390625,0
2026-02-27 09:45:00+00:00,25168.80078125,25189.099609375,25166.349609375,25170.25,0
2026-02-27 09:50:00+00:00,25170.69921875,25179.19921875,25159.349609375,25166.94921875,0
2026-02-27 09:55:00+00:00,25167.30078125,25188.19921875,25163.849609375,25181.80078125,0
2026-03-02 03:45:00+00:00,24723.400390625,24939.099609375,24722.0,24892.94921875,0
2026-03-02 03:50:00+00:00,24893.099609375,24957.05078125,24878.80078125,24896.5,0
2026-03-02 03:55:00+00:00,24896.69921875,24920.150390625,24857.099609375,24889.400390625,0
2026-03-02 04:00:00+00:00,24889.75,24975.400390625,24885.44921875,24974.55078125,0
2026-03-02 04:05:00+00:00,24975.69921875,24977.25,24923.80078125,24949.80078125,0
2026-03-02 04:10:00+00:00,24948.55078125,24977.099609375,24936.05078125,24963.650390625,0
2026-03-02 04:15:00+00:00,24964.30078125,24988.75,24948.599609375,24953.19921875,0
2026-03-02 04:20:00+00:00,24949.400390625,24951.099609375,24883.19921875,24884.150390625,0
2026-03-02 04:25:00+00:00,24886.69921875,24946.099609375,24886.099609375,24945.099609375,0
2026-03-02 04:30:00+00:00,24946.19921875,24953.25,24894.650390625,24898.25,0
2026-03-02 04:35:00+00:00,24898.94921875,24909.599609375,24874.150390625,24884.650390625,0
2026-03-02 04:40:00+00:00,24885.25,24894.0,24865.69921875,24884.849609375,0
2026-03-02 04:45:00+00:00,24885.349609375,24887.849609375,24853.69921875,24876.400390625,0
2026-03-02 04:50:00+00:00,24876.55078125,24876.75,24856.849609375,24864.599609375,0
2026-03-02 04:55:00+00:00,24863.599609375,24873.5,24856.400390625,24859.599609375,0
2026-03-02 05:00:00+00:00,24860.94921875,24885.25,24853.30078125,24872.69921875,0
2026-03-02 05:05:00+00:00,24874.05078125,24878.599609375,24843.69921875,24855.5,0
2026-03-02 05:10:00+00:00,24855.25,24857.80078125,24812.25,24813.69921875,0
2026-03-02 05:15:00+00:00,24814.80078125,24837.94921875,24814.0,24818.80078125,0
2026-03-02 05:20:00+00:00,24818.400390625,24834.05078125,24818.30078125,24828.849609375,0
2026-03-02 05:25:00+00:00,24828.599609375,24859.19921875,24826.650390625,24855.150390625,0
2026-03-02 05:30:00+00:00,24856.30078125,24868.69921875,24849.30078125,24854.05078125,0
2026-03-02 05:35:00+00:00,24853.75,24865.400390625,24842.55078125,24858.19921875,0
2026-03-02 05:40:00+00:00,24859.30078125,24860.349609375,24839.349609375,24843.19921875,0
2026-03-02 05:45:00+00:00,24844.80078125,24849.19921875,24831.55078125,24831.55078125,0
2026-03-02 05:50:00+00:00,24830.0,24834.94921875,24819.849609375,24825.150390625,0
2026-03-02 05:55:00+00:00,24825.349609375,24829.25,24797.55078125,24803.0,0
2026-03-02 06:00:00+00:00,24802.80078125,24813.80078125,24797.44921875,24808.05078125,0
2026-03-02 06:05:00+00:00,24807.650390625,24825.44921875,24806.25,24822.94921875,0
2026-03-02 06:10:00+00:00,24822.099609375,24824.5,24807.69921875,24821.599609375,0
2026-03-02 06:15:00+00:00,24822.19921875,24842.80078125,24813.650390625,24815.30078125,0
2026-03-02 06:20:00+00:00,24815.900390625,24821.849609375,24793.650390625,24804.19921875,0
2026-03-02 06:25:00+00:00,24804.25,24806.25,24782.69921875,24784.0,0
2026-03-02 06:30:00+00:00,24784.099609375,24784.599609375,24764.400390625,24773.69921875,0
2026-03-02 06:35:00+00:00,24775.099609375,24779.0,24761.599609375,24770.75,0
2026-03-02 06:40:00+00:00,24768.69921875,24781.19921875,24743.25,24744.55078125,0
2026-03-02 06:45:00+00:00,24743.5,24756.0,24721.69921875,24727.44921875,0
2026-03-02 06:50:00+00:00,24725.30078125,24736.30078125,24718.55078125,24728.55078125,0
2026-03-02 06:55:00+00:00,24728.44921875,24737.25,24721.44921875,24735.650390625,0
2026-03-02 07:00:00+00:00,24734.55078125,24741.25,24724.849609375,24734.900390625,0
2026-03-02 07:05:00+00:00,24734.150390625,24736.80078125,24691.5,24695.75,0
2026-03-02 07:10:00+00:00,24695.650390625,24712.80078125,24684.25,24687.900390625,0
2026-03-02 07:15:00+00:00,24687.5,24707.150390625,24679.099609375,24688.599609375,0
2026-03-02 07:20:00+00:00,24687.599609375,24711.80078125,24685.25,24698.099609375,0
2026-03-02 07:25:00+00:00,24697.80078125,24705.400390625,24687.80078125,24697.05078125,0
2026-03-02 07:30:00+00:00,24698.94921875,24706.650390625,24686.849609375,24697.69921875,0
2026-03-02 07:35:00+00:00,24699.30078125,24702.44921875,24692.25,24692.900390625,0
2026-03-02 07:40:00+00:00,24692.900390625,24699.44921875,24689.150390625,24695.5,0
2026-03-02 07:45:00+00:00,24695.650390625,24708.80078125,24688.400390625,24699.19921875,0
2026-03-02 07:50:00+00:00,24696.75,24704.599609375,24691.19921875,24696.0,0
2026-03-02 07:55:00+00:00,24696.30078125,24697.900390625,24671.599609375,24679.5,0
2026-03-02 08:00:00+00:00,24677.80078125,24690.650390625,24668.44921875,24677.25,0
2026-03-02 08:05:00+00:00,24677.900390625,24687.849609375,24669.650390625,24674.94921875,0
2026-03-02 08:10:00+00:00,24675.69921875,24676.5,24655.55078125,24675.349609375,0
2026-03-02 08:15:00+00:00,24675.150390625,24678.5,24658.05078125,24661.44921875,0
2026-03-02 08:20:00+00:00,24661.05078125,24665.75,24644.25,24645.849609375,0
2026-03-02 08:25:00+00:00,24646.69921875,24647.0,24604.69921875,24614.75,0
2026-03-02 08:30:00+00:00,24612.599609375,24740.80078125,24603.94921875,24687.30078125,0
2026-03-02 08:35:00+00:00,24686.349609375,24780.099609375,24685.30078125,24746.5,0
2026-03-02 08:40:00+00:00,24746.25,24795.5,24745.30078125,24787.400390625,0
2026-03-02 08:45:00+00:00,24787.5,24794.55078125,24752.349609375,24782.150390625,0
2026-03-02 08:50:00+00:00,24782.650390625,24791.30078125,24755.55078125,24779.25,0
2026-03-02 08:55:00+00:00,24779.5,24783.150390625,24727.80078125,24730.30078125,0
2026-03-02 09:00:00+00:00,24730.900390625,24799.75,24722.5,24799.75,0
2026-03-02 09:05:00+00:00,24801.849609375,24854.349609375,24801.849609375,24837.650390625,0
2026-03-02 09:10:00+00:00,24838.349609375,24879.349609375,24838.349609375,24864.849609375,0
2026-03-02 09:15:00+00:00,24865.30078125,24892.400390625,24825.900390625,24872.150390625,0
2026-03-02 09:20:00+00:00,24871.94921875,24880.44921875,24850.349609375,24876.5,0
2026-03-02 09:25:00+00:00,24875.75,24881.05078125,24815.19921875,24823.349609375,0
2026-03-02 09:30:00+00:00,24824.69921875,24878.25,24808.349609375,24862.19921875,0
2026-03-02 09:35:00+00:00,24863.05078125,24877.099609375,24830.599609375,24862.599609375,0
2026-03-02 09:40:00+00:00,24863.19921875,24904.80078125,24849.0,24904.80078125,0
2026-03-02 09:45:00+00:00,24905.25,24913.55078125,24878.94921875,24912.099609375,0
2026-03-02 09:50:00+00:00,24913.44921875,24914.849609375,24860.400390625,24864.25,0
2026-03-02 09:55:00+00:00,24865.55078125,24886.099609375,24845.19921875,24849.75,0
2026-03-04 03:45:00+00:00,24421.44921875,24471.19921875,24336.69921875,24385.099609375,0
2026-03-04 03:50:00+00:00,24388.19921875,24392.05078125,24339.55078125,24341.150390625,0
2026-03-04 03:55:00+00:00,24340.55078125,24374.44921875,24316.25,24342.849609375,0
2026-03-04 04:00:00+00:00,24344.75,24366.5,24326.0,24332.349609375,0
2026-03-04 04:05:00+00:00,24334.94921875,24362.05078125,24317.150390625,24346.849609375,0
2026-03-04 04:10:00+00:00,24348.75,24412.0,24347.80078125,24408.75,0
2026-03-04 04:15:00+00:00,24410.94921875,24416.19921875,24353.80078125,24365.25,0
2026-03-04 04:20:00+00:00,24365.75,24372.0,24349.80078125,24359.099609375,0
2026-03-04 04:25:00+00:00,24359.19921875,24360.349609375,24323.599609375,24325.900390625,0
2026-03-04 04:30:00+00:00,24325.80078125,24346.099609375,24306.599609375,24332.849609375,0
2026-03-04 04:35:00+00:00,24335.05078125,24371.80078125,24329.69921875,24367.94921875,0
2026-03-04 04:40:00+00:00,24368.849609375,24414.80078125,24351.05078125,24413.650390625,0
2026-03-04 04:45:00+00:00,24413.650390625,24417.55078125,24384.30078125,24387.0,0
2026-03-04 04:50:00+00:00,24387.75,24425.0,24382.599609375,24399.349609375,0
2026-03-04 04:55:00+00:00,24399.599609375,24437.349609375,24394.650390625,24419.05078125,0
2026-03-04 05:00:00+00:00,24420.0,24420.69921875,24394.150390625,24398.849609375,0
2026-03-04 05:05:00+00:00,24398.94921875,24409.30078125,24382.0,24390.099609375,0
2026-03-04 05:10:00+00:00,24391.55078125,24392.349609375,24379.94921875,24390.75,0
2026-03-04 05:15:00+00:00,24391.650390625,24422.400390625,24390.44921875,24400.30078125,0
2026-03-04 05:20:00+00:00,24401.69921875,24402.0,24382.80078125,24398.0,0
2026-03-04 05:25:00+00:00,24398.80078125,24399.849609375,24375.69921875,24391.44921875,0
2026-03-04 05:30:00+00:00,24394.19921875,24427.80078125,24388.599609375,24420.69921875,0
2026-03-04 05:35:00+00:00,24421.150390625,24453.400390625,24413.19921875,24450.900390625,0
2026-03-04 05:40:00+00:00,24451.650390625,24461.349609375,24433.849609375,24435.44921875,0
2026-03-04 05:45:00+00:00,24436.400390625,24438.900390625,24409.05078125,24412.05078125,0
2026-03-04 05:50:00+00:00,24412.150390625,24422.900390625,24390.349609375,24393.30078125,0
2026-03-04 05:55:00+00:00,24393.44921875,24397.55078125,24363.0,24365.55078125,0
2026-03-04 06:00:00+00:00,24367.05078125,24378.5,24354.150390625,24364.69921875,0
2026-03-04 06:05:00+00:00,24365.75,24383.349609375,24362.80078125,24367.25,0
2026-03-04 06:10:00+00:00,24367.05078125,24382.30078125,24361.099609375,24362.19921875,0
2026-03-04 06:15:00+00:00,24364.05078125,24372.55078125,24354.30078125,24367.849609375,0
2026-03-04 06:20:00+00:00,24368.599609375,24401.05078125,24367.0,24369.400390625,0
2026-03-04 06:25:00+00:00,24370.150390625,24380.400390625,24367.849609375,24375.150390625,0
2026-03-04 06:30:00+00:00,24376.849609375,24391.5,24376.349609375,24389.099609375,0
2026-03-04 06:35:00+00:00,24389.80078125,24395.599609375,24378.19921875,24393.400390625,0
2026-03-04 06:40:00+00:00,24394.80078125,24402.30078125,24378.44921875,24379.849609375,0
2026-03-04 06:45:00+00:00,24381.150390625,24383.80078125,24366.55078125,24369.0,0
2026-03-04 06:50:00+00:00,24371.349609375,24385.599609375,24369.55078125,24375.80078125,0
2026-03-04 06:55:00+00:00,24376.650390625,24384.94921875,24362.25,24368.30078125,0
2026-03-04 07:00:00+00:00,24368.94921875,24381.599609375,24368.94921875,24375.05078125,0
2026-03-04 07:05:00+00:00,24375.55078125,24387.5,24370.94921875,24377.94921875,0
2026-03-04 07:10:00+00:00,24378.5,24383.30078125,24357.75,24382.55078125,0
2026-03-04 07:15:00+00:00,24383.349609375,24396.19921875,24379.94921875,24385.849609375,0
2026-03-04 07:20:00+00:00,24386.55078125,24397.900390625,24384.19921875,24394.150390625,0
2026-03-04 07:25:00+00:00,24394.80078125,24428.099609375,24393.44921875,24416.80078125,0
2026-03-04 07:30:00+00:00,24418.0,24431.94921875,24414.75,24422.150390625,0
2026-03-04 07:35:00+00:00,24423.150390625,24438.349609375,24414.5,24438.150390625,0
2026-03-04 07:40:00+00:00,24438.94921875,24461.0,24433.0,24461.0,0
2026-03-04 07:45:00+00:00,24461.44921875,24465.75,24436.30078125,24441.44921875,0
2026-03-04 07:50:00+00:00,24442.150390625,24460.19921875,24432.30078125,24459.55078125,0
2026-03-04 07:55:00+00:00,24459.55078125,24476.69921875,24449.75,24451.599609375,0
2026-03-04 08:00:00+00:00,24451.25,24466.349609375,24435.099609375,24435.650390625,0
2026-03-04 08:05:00+00:00,24436.05078125,24448.099609375,24418.150390625,24447.0,0
2026-03-04 08:10:00+00:00,24448.05078125,24462.650390625,24440.25,24462.599609375,0
2026-03-04 08:15:00+00:00,24463.5,24469.849609375,24438.69921875,24441.94921875,0
2026-03-04 08:20:00+00:00,24442.599609375,24445.30078125,24426.900390625,24428.55078125,0
2026-03-04 08:25:00+00:00,24428.69921875,24438.400390625,24415.75,24437.0,0
2026-03-04 08:30:00+00:00,24437.900390625,24453.900390625,24437.55078125,24451.099609375,0
2026-03-04 08:35:00+00:00,24451.19921875,24496.19921875,24440.19921875,24494.599609375,0
2026-03-04 08:40:00+00:00,24495.55078125,24556.44921875,24483.30078125,24554.94921875,0
2026-03-04 08:45:00+00:00,24555.349609375,24574.25,24541.30078125,24567.849609375,0
2026-03-04 08:50:00+00:00,24568.349609375,24568.849609375,24533.94921875,24535.0,0
2026-03-04 08:55:00+00:00,24536.55078125,24541.30078125,24513.849609375,24522.5,0
2026-03-04 09:00:00+00:00,24523.099609375,24553.5,24502.599609375,24534.25,0
2026-03-04 09:05:00+00:00,24534.849609375,24543.5,24520.599609375,24537.849609375,0
2026-03-04 09:10:00+00:00,24540.349609375,24583.75,24539.25,24578.75,0
2026-03-04 09:15:00+00:00,24579.099609375,24598.94921875,24548.0,24581.19921875,0
2026-03-04 09:20:00+00:00,24584.849609375,24594.05078125,24570.69921875,24585.55078125,0
2026-03-04 09:25:00+00:00,24586.349609375,24602.0,24571.75,24582.94921875,0
2026-03-04 09:30:00+00:00,24582.94921875,24584.44921875,24506.19921875,24509.0,0
2026-03-04 09:35:00+00:00,24508.650390625,24518.44921875,24471.05078125,24472.19921875,0
2026-03-04 09:40:00+00:00,24471.150390625,24474.44921875,24457.44921875,24465.94921875,0
2026-03-04 09:45:00+00:00,24464.849609375,24473.55078125,24451.05078125,24456.900390625,0
2026-03-04 09:50:00+00:00,24457.099609375,24473.0,24453.650390625,24470.44921875,0
2026-03-04 09:55:00+00:00,24468.400390625,24482.150390625,24457.900390625,24473.94921875,0
2026-03-05 03:45:00+00:00,24615.900390625,24651.599609375,24553.75,24584.849609375,0
2026-03-05 03:50:00+00:00,24586.80078125,24609.5,24557.25,24607.19921875,0
2026-03-05 03:55:00+00:00,24608.30078125,24610.94921875,24558.849609375,24568.44921875,0
2026-03-05 04:00:00+00:00,24570.599609375,24586.30078125,24550.099609375,24564.5,0
2026-03-05 04:05:00+00:00,24566.30078125,24569.849609375,24533.599609375,24534.25,0
2026-03-05 04:10:00+00:00,24533.30078125,24599.599609375,24530.69921875,24596.19921875,0
2026-03-05 04:15:00+00:00,24597.5,24616.55078125,24583.75,24604.94921875,0
2026-03-05 04:20:00+00:00,24604.55078125,24651.150390625,24603.19921875,24648.900390625,0
2026-03-05 04:25:00+00:00,24648.849609375,24656.5,24626.900390625,24628.5,0
2026-03-05 04:30:00+00:00,24628.25,24649.0,24623.150390625,24623.25,0
2026-03-05 04:35:00+00:00,24622.400390625,24647.900390625,24622.400390625,24628.599609375,0
2026-03-05 04:40:00+00:00,24629.44921875,24630.25,24595.150390625,24596.25,0
2026-03-05 04:45:00+00:00,24597.05078125,24608.650390625,24594.400390625,24596.0,0
2026-03-05 04:50:00+00:00,24594.30078125,24598.19921875,24574.400390625,24581.44921875,0
2026-03-05 04:55:00+00:00,24582.599609375,24584.599609375,24538.55078125,24564.55078125,0
2026-03-05 05:00:00+00:00,24563.69921875,24572.05078125,24550.30078125,24559.599609375,0
2026-03-05 05:05:00+00:00,24559.94921875,24629.55078125,24559.69921875,24627.69921875,0
2026-03-05 05:10:00+00:00,24627.849609375,24653.94921875,24625.849609375,24650.94921875,0
2026-03-05 05:15:00+00:00,24651.05078125,24660.150390625,24639.80078125,24641.55078125,0
2026-03-05 05:20:00+00:00,24639.94921875,24645.75,24629.25,24644.25,0
2026-03-05 05:25:00+00:00,24646.25,24672.05078125,24645.75,24666.55078125,0
2026-03-05 05:30:00+00:00,24667.19921875,24672.5,24639.05078125,24648.099609375,0
2026-03-05 05:35:00+00:00,24649.150390625,24667.69921875,24645.650390625,24655.150390625,0
2026-03-05 05:40:00+00:00,24656.400390625,24657.400390625,24643.19921875,24643.19921875,0
2026-03-05 05:45:00+00:00,24639.849609375,24662.94921875,24636.05078125,24655.900390625,0
2026-03-05 05:50:00+00:00,24657.650390625,24658.099609375,24626.099609375,24634.650390625,0
2026-03-05 05:55:00+00:00,24635.099609375,24639.94921875,24607.69921875,24612.900390625,0
2026-03-05 06:00:00+00:00,24613.650390625,24638.30078125,24611.75,24624.94921875,0
2026-03-05 06:05:00+00:00,24624.80078125,24625.599609375,24593.69921875,24603.400390625,0
2026-03-05 06:10:00+00:00,24603.94921875,24605.849609375,24588.55078125,24590.349609375,0
2026-03-05 06:15:00+00:00,24590.75,24593.150390625,24568.55078125,24569.69921875,0
2026-03-05 06:20:00+00:00,24569.19921875,24594.599609375,24556.900390625,24594.599609375,0
2026-03-05 06:25:00+00:00,24594.849609375,24597.55078125,24560.349609375,24579.099609375,0
2026-03-05 06:30:00+00:00,24580.19921875,24596.05078125,24578.05078125,24590.150390625,0
2026-03-05 06:35:00+00:00,24590.80078125,24595.80078125,24574.44921875,24588.25,0
2026-03-05 06:40:00+00:00,24587.150390625,24616.30078125,24584.849609375,24615.5,0
2026-03-05 06:45:00+00:00,24615.650390625,24616.19921875,24592.900390625,24602.349609375,0
2026-03-05 06:50:00+00:00,24603.19921875,24635.650390625,24602.400390625,24619.150390625,0
2026-03-05 06:55:00+00:00,24619.19921875,24651.75,24611.599609375,24648.849609375,0
2026-03-05 07:00:00+00:00,24649.150390625,24665.94921875,24647.0,24650.30078125,0
2026-03-05 07:05:00+00:00,24650.650390625,24654.19921875,24632.650390625,24652.69921875,0
2026-03-05 07:10:00+00:00,24653.150390625,24657.599609375,24641.25,24645.80078125,0
2026-03-05 07:15:00+00:00,24645.80078125,24646.5,24619.400390625,24631.44921875,0
2026-03-05 07:20:00+00:00,24632.099609375,24654.349609375,24626.80078125,24652.650390625,0
2026-03-05 07:25:00+00:00,24653.150390625,24657.599609375,24643.69921875,24653.44921875,0
2026-03-05 07:30:00+00:00,24653.94921875,24660.849609375,24633.150390625,24633.30078125,0
2026-03-05 07:35:00+00:00,24633.150390625,24647.150390625,24632.55078125,24644.099609375,0
2026-03-05 07:40:00+00:00,24644.69921875,24656.599609375,24632.900390625,24639.650390625,0
2026-03-05 07:45:00+00:00,24640.69921875,24646.25,24627.0,24631.05078125,0
2026-03-05 07:50:00+00:00,24631.19921875,24645.55078125,24621.75,24638.19921875,0
2026-03-05 07:55:00+00:00,24638.650390625,24651.349609375,24629.05078125,24651.0,0
2026-03-05 08:00:00+00:00,24651.55078125,24671.30078125,24628.25,24639.19921875,0
2026-03-05 08:05:00+00:00,24639.599609375,24642.44921875,24605.80078125,24614.05078125,0
2026-03-05 08:10:00+00:00,24614.69921875,24629.94921875,24606.25,24619.80078125,0
2026-03-05 08:15:00+00:00,24619.849609375,24635.099609375,24615.30078125,24615.400390625,0
2026-03-05 08:20:00+00:00,24616.099609375,24618.5,24588.05078125,24592.599609375,0
2026-03-05 08:25:00+00:00,24593.94921875,24594.75,24569.75,24573.69921875,0
2026-03-05 08:30:00+00:00,24572.5,24586.099609375,24564.80078125,24578.19921875,0
2026-03-05 08:35:00+00:00,24578.650390625,24581.099609375,24552.900390625,24552.900390625,0
2026-03-05 08:40:00+00:00,24553.30078125,24563.19921875,24547.349609375,24553.75,0
2026-03-05 08:45:00+00:00,24554.150390625,24567.650390625,24529.55078125,24531.94921875,0
2026-03-05 08:50:00+00:00,24531.25,24600.0,24529.650390625,24590.94921875,0
2026-03-05 08:55:00+00:00,24591.099609375,24617.400390625,24576.900390625,24611.25,0
2026-03-05 09:00:00+00:00,24611.5,24612.75,24576.44921875,24582.5,0
2026-03-05 09:05:00+00:00,24583.599609375,24673.900390625,24580.150390625,24672.5,0
2026-03-05 09:10:00+00:00,24672.44921875,24759.44921875,24669.80078125,24726.80078125,0
2026-03-05 09:15:00+00:00,24727.05078125,24762.75,24712.75,24758.400390625,0
2026-03-05 09:20:00+00:00,24757.05078125,24853.75,24753.69921875,24846.55078125,0
2026-03-05 09:25:00+00:00,24846.25,24853.900390625,24799.849609375,24848.94921875,0
2026-03-05 09:30:00+00:00,24849.19921875,24853.25,24768.05078125,24790.69921875,0
2026-03-05 09:35:00+00:00,24789.400390625,24796.44921875,24765.599609375,24774.30078125,0
2026-03-05 09:40:00+00:00,24772.650390625,24784.69921875,24714.099609375,24714.80078125,0
2026-03-05 09:45:00+00:00,24716.0,24759.400390625,24713.75,24716.849609375,0
2026-03-05 09:50:00+00:00,24717.19921875,24730.650390625,24706.05078125,24719.05078125,0
2026-03-05 09:55:00+00:00,24719.849609375,24748.44921875,24715.900390625,24737.44921875,0
2026-03-06 03:45:00+00:00,24656.400390625,24656.400390625,24591.75,24594.400390625,0
2026-03-06 03:50:00+00:00,24594.900390625,24652.75,24588.349609375,24647.599609375,0
2026-03-06 03:55:00+00:00,24647.44921875,24683.0,24644.19921875,24681.19921875,0
2026-03-06 04:00:00+00:00,24681.5,24681.5,24649.30078125,24650.44921875,0
2026-03-06 04:05:00+00:00,24650.349609375,24676.55078125,24639.80078125,24648.400390625,0
2026-03-06 04:10:00+00:00,24647.80078125,24680.80078125,24641.25,24678.849609375,0
2026-03-06 04:15:00+00:00,24678.349609375,24688.099609375,24655.75,24657.900390625,0
2026-03-06 04:20:00+00:00,24658.19921875,24666.25,24638.94921875,24643.849609375,0
2026-03-06 04:25:00+00:00,24643.30078125,24643.599609375,24618.849609375,24625.150390625,0
2026-03-06 04:30:00+00:00,24624.30078125,24647.5,24616.94921875,24635.0,0
2026-03-06 04:35:00+00:00,24634.650390625,24661.099609375,24622.80078125,24653.599609375,0
2026-03-06 04:40:00+00:00,24654.0,24657.849609375,24648.94921875,24653.349609375,0
2026-03-06 04:45:00+00:00,24652.349609375,24675.44921875,24651.099609375,24673.5,0
2026-03-06 04:50:00+00:00,24674.150390625,24674.349609375,24658.75,24669.099609375,0
2026-03-06 04:55:00+00:00,24669.19921875,24675.650390625,24647.400390625,24651.75,0
2026-03-06 05:00:00+00:00,24652.349609375,24652.69921875,24618.849609375,24619.099609375,0
2026-03-06 05:05:00+00:00,24618.599609375,24630.55078125,24608.75,24621.599609375,0
2026-03-06 05:10:00+00:00,24620.94921875,24629.099609375,24613.30078125,24620.150390625,0
2026-03-06 05:15:00+00:00,24620.80078125,24622.30078125,24585.30078125,24586.5,0
2026-03-06 05:20:00+00:00,24587.19921875,24621.05078125,24575.75,24596.69921875,0
2026-03-06 05:25:00+00:00,24596.69921875,24598.099609375,24584.19921875,24594.650390625,0
2026-03-06 05:30:00+00:00,24594.900390625,24636.849609375,24594.900390625,24635.69921875,0
2026-03-06 05:35:00+00:00,24636.55078125,24648.69921875,24626.30078125,24635.94921875,0
2026-03-06 05:40:00+00:00,24636.099609375,24637.55078125,24615.099609375,24617.599609375,0
2026-03-06 05:45:00+00:00,24617.400390625,24621.400390625,24599.69921875,24606.349609375,0
2026-03-06 05:50:00+00:00,24606.599609375,24619.599609375,24600.150390625,24600.150390625,0
2026-03-06 05:55:00+00:00,24600.19921875,24607.55078125,24593.900390625,24607.25,0
2026-03-06 06:00:00+00:00,24607.75,24620.849609375,24602.55078125,24620.44921875,0
2026-03-06 06:05:00+00:00,24620.75,24635.650390625,24618.349609375,24635.55078125,0
2026-03-06 06:10:00+00:00,24634.849609375,24654.55078125,24615.80078125,24616.400390625,0
2026-03-06 06:15:00+00:00,24616.5,24634.0,24611.69921875,24632.44921875,0
2026-03-06 06:20:00+00:00,24632.400390625,24634.849609375,24613.900390625,24619.849609375,0
2026-03-06 06:25:00+00:00,24619.30078125,24630.19921875,24611.94921875,24625.69921875,0
2026-03-06 06:30:00+00:00,24625.849609375,24627.55078125,24608.94921875,24609.650390625,0
2026-03-06 06:35:00+00:00,24610.099609375,24629.55078125,24606.19921875,24626.5,0
2026-03-06 06:40:00+00:00,24626.80078125,24631.44921875,24605.44921875,24608.849609375,0
2026-03-06 06:45:00+00:00,24608.599609375,24623.349609375,24603.94921875,24610.0,0
2026-03-06 06:50:00+00:00,24610.599609375,24612.75,24600.099609375,24608.849609375,0
2026-03-06 06:55:00+00:00,24609.69921875,24609.69921875,24576.05078125,24578.30078125,0
2026-03-06 07:00:00+00:00,24578.25,24598.0,24578.25,24595.05078125,0
2026-03-06 07:05:00+00:00,24594.849609375,24597.900390625,24584.94921875,24586.150390625,0
2026-03-06 07:10:00+00:00,24586.05078125,24602.0,24586.05078125,24599.849609375,0
2026-03-06 07:15:00+00:00,24599.80078125,24603.30078125,24583.80078125,24595.5,0
2026-03-06 07:20:00+00:00,24596.0,24611.25,24595.400390625,24596.94921875,0
2026-03-06 07:25:00+00:00,24597.19921875,24607.44921875,24592.150390625,24603.69921875,0
2026-03-06 07:30:00+00:00,24603.599609375,24614.25,24591.900390625,24600.099609375,0
2026-03-06 07:35:00+00:00,24600.75,24610.05078125,24593.599609375,24595.099609375,0
2026-03-06 07:40:00+00:00,24595.44921875,24603.599609375,24594.25,24602.650390625,0
2026-03-06 07:45:00+00:00,24602.05078125,24606.69921875,24593.25,24597.80078125,0
2026-03-06 07:50:00+00:00,24597.849609375,24614.849609375,24593.599609375,24607.150390625,0
2026-03-06 07:55:00+00:00,24605.849609375,24613.150390625,24602.75,24609.650390625,0
2026-03-06 08:00:00+00:00,24609.0,24610.650390625,24576.900390625,24584.19921875,0
2026-03-06 08:05:00+00:00,24584.0,24623.5,24573.849609375,24600.400390625,0
2026-03-06 08:10:00+00:00,24600.44921875,24608.05078125,24592.19921875,24594.94921875,0
2026-03-06 08:15:00+00:00,24596.599609375,24596.599609375,24572.400390625,24581.849609375,0
2026-03-06 08:20:00+00:00,24580.94921875,24596.5,24569.94921875,24575.150390625,0
2026-03-06 08:25:00+00:00,24574.25,24574.599609375,24553.94921875,24554.900390625,0
2026-03-06 08:30:00+00:00,24555.69921875,24581.94921875,24543.80078125,24567.05078125,0
2026-03-06 08:35:00+00:00,24566.44921875,24585.0,24564.55078125,24584.900390625,0
2026-03-06 08:40:00+00:00,24584.099609375,24605.69921875,24584.099609375,24585.75,0
2026-03-06 08:45:00+00:00,24587.19921875,24615.900390625,24585.44921875,24609.25,0
2026-03-06 08:50:00+00:00,24610.05078125,24612.55078125,24603.099609375,24611.69921875,0
2026-03-06 08:55:00+00:00,24612.44921875,24616.44921875,24592.30078125,24593.0,0
2026-03-06 09:00:00+00:00,24593.44921875,24602.30078125,24581.30078125,24583.099609375,0
2026-03-06 09:05:00+00:00,24583.80078125,24592.44921875,24567.75,24568.900390625,0
2026-03-06 09:10:00+00:00,24569.19921875,24569.19921875,24534.94921875,24543.44921875,0
2026-03-06 09:15:00+00:00,24543.5,24559.75,24446.599609375,24488.80078125,0
2026-03-06 09:20:00+00:00,24488.400390625,24534.80078125,24484.69921875,24512.75,0
2026-03-06 09:25:00+00:00,24512.150390625,24515.349609375,24481.599609375,24482.55078125,0
2026-03-06 09:30:00+00:00,24481.80078125,24492.80078125,24459.44921875,24461.75,0
2026-03-06 09:35:00+00:00,24460.94921875,24465.349609375,24445.69921875,24460.05078125,0
2026-03-06 09:40:00+00:00,24460.150390625,24464.099609375,24431.5,24441.650390625,0
2026-03-06 09:45:00+00:00,24441.099609375,24443.849609375,24416.650390625,24434.900390625,0
2026-03-06 09:50:00+00:00,24434.0,24454.25,24434.0,24446.80078125,0
2026-03-06 09:55:00+00:00,24447.25,24474.400390625,24443.150390625,24469.400390625,0
2026-03-09 03:45:00+00:00,23868.05078125,23958.099609375,23744.75,23777.25,0
2026-03-09 03:50:00+00:00,23774.349609375,23786.80078125,23715.099609375,23719.19921875,0
2026-03-09 03:55:00+00:00,23720.94921875,23748.69921875,23697.849609375,23736.80078125,0
2026-03-09 04:00:00+00:00,23736.75,23799.30078125,23735.349609375,23764.400390625,0
2026-03-09 04:05:00+00:00,23764.849609375,23782.400390625,23751.44921875,23766.19921875,0
2026-03-09 04:10:00+00:00,23765.55078125,23776.69921875,23737.599609375,23738.69921875,0
2026-03-09 04:15:00+00:00,23737.400390625,23773.349609375,23711.849609375,23763.900390625,0
2026-03-09 04:20:00+00:00,23761.75,23784.30078125,23751.25,23777.099609375,0
2026-03-09 04:25:00+00:00,23776.5,23786.400390625,23763.30078125,23774.69921875,0
2026-03-09 04:30:00+00:00,23773.900390625,23789.25,23750.650390625,23757.099609375,0
2026-03-09 04:35:00+00:00,23758.599609375,23813.099609375,23756.5,23809.349609375,0
2026-03-09 04:40:00+00:00,23808.69921875,23834.150390625,23805.19921875,23807.25,0
2026-03-09 04:45:00+00:00,23806.19921875,23806.19921875,23755.849609375,23764.44921875,0
2026-03-09 04:50:00+00:00,23764.5,23797.19921875,23761.75,23776.75,0
2026-03-09 04:55:00+00:00,23776.30078125,23787.69921875,23758.099609375,23782.599609375,0
2026-03-09 05:00:00+00:00,23781.849609375,23785.19921875,23749.900390625,23753.099609375,0
2026-03-09 05:05:00+00:00,23752.30078125,23791.75,23744.849609375,23774.0,0
2026-03-09 05:10:00+00:00,23774.349609375,23787.30078125,23763.94921875,23782.099609375,0
2026-03-09 05:15:00+00:00,23783.400390625,23784.900390625,23754.0,23754.650390625,0
2026-03-09 05:20:00+00:00,23754.94921875,23862.349609375,23750.150390625,23851.44921875,0
2026-03-09 05:25:00+00:00,23852.650390625,23896.0,23847.30078125,23861.69921875,0
2026-03-09 05:30:00+00:00,23862.349609375,23871.650390625,23836.55078125,23849.0,0
2026-03-09 05:35:00+00:00,23848.650390625,23854.150390625,23824.69921875,23830.30078125,0
2026-03-09 05:40:00+00:00,23830.650390625,23837.30078125,23784.44921875,23818.599609375,0
2026-03-09 05:45:00+00:00,23819.5,23837.099609375,23787.349609375,23834.099609375,0
2026-03-09 05:50:00+00:00,23833.75,23864.75,23831.849609375,23847.0,0
2026-03-09 05:55:00+00:00,23846.80078125,23888.650390625,23840.400390625,23877.75,0
2026-03-09 06:00:00+00:00,23877.80078125,23889.55078125,23863.900390625,23882.150390625,0
2026-03-09 06:05:00+00:00,23881.44921875,23904.80078125,23881.44921875,23901.099609375,0
2026-03-09 06:10:00+00:00,23901.05078125,23932.0,23891.55078125,23897.650390625,0
2026-03-09 06:15:00+00:00,23897.650390625,23910.5,23878.75,23892.94921875,0
2026-03-09 06:20:00+00:00,23892.55078125,23899.30078125,23883.94921875,23891.75,0
2026-03-09 06:25:00+00:00,23892.400390625,23898.19921875,23882.099609375,23886.55078125,0
2026-03-09 06:30:00+00:00,23887.19921875,23888.599609375,23867.150390625,23881.400390625,0
2026-03-09 06:35:00+00:00,23882.599609375,23882.599609375,23841.94921875,23841.94921875,0
2026-03-09 06:40:00+00:00,23841.80078125,23869.19921875,23828.349609375,23855.80078125,0
2026-03-09 06:45:00+00:00,23855.349609375,23866.80078125,23848.94921875,23852.400390625,0
2026-03-09 06:50:00+00:00,23852.599609375,23864.80078125,23839.19921875,23863.849609375,0
2026-03-09 06:55:00+00:00,23865.0,23870.849609375,23854.099609375,23863.25,0
2026-03-09 07:00:00+00:00,23862.19921875,23870.69921875,23844.849609375,23844.849609375,0
2026-03-09 07:05:00+00:00,23844.5,23871.150390625,23834.099609375,23866.94921875,0
2026-03-09 07:10:00+00:00,23867.5,23883.150390625,23859.0,23873.25,0
2026-03-09 07:15:00+00:00,23873.44921875,23884.0,23854.30078125,23855.69921875,0
2026-03-09 07:20:00+00:00,23856.099609375,23891.400390625,23854.400390625,23889.150390625,0
2026-03-09 07:25:00+00:00,23889.5,23914.94921875,23881.0,23909.650390625,0
2026-03-09 07:30:00+00:00,23910.94921875,23917.75,23890.19921875,23915.05078125,0
2026-03-09 07:35:00+00:00,23914.44921875,23918.19921875,23893.400390625,23896.5,0
2026-03-09 07:40:00+00:00,23897.55078125,23900.25,23863.349609375,23870.69921875,0
2026-03-09 07:45:00+00:00,23869.69921875,23883.69921875,23853.849609375,23863.400390625,0
2026-03-09 07:50:00+00:00,23863.349609375,23902.80078125,23861.150390625,23868.099609375,0
2026-03-09 07:55:00+00:00,23866.75,23906.849609375,23858.75,23881.05078125,0
2026-03-09 08:00:00+00:00,23882.150390625,23937.55078125,23882.150390625,23912.44921875,0
2026-03-09 08:05:00+00:00,23912.30078125,23914.400390625,23891.30078125,23908.30078125,0
2026-03-09 08:10:00+00:00,23909.05078125,23919.349609375,23899.30078125,23903.400390625,0
2026-03-09 08:15:00+00:00,23902.849609375,23907.05078125,23876.900390625,23886.19921875,0
2026-03-09 08:20:00+00:00,23886.75,23910.349609375,23882.69921875,23900.900390625,0
2026-03-09 08:25:00+00:00,23901.150390625,23911.55078125,23876.05078125,23878.0,0
2026-03-09 08:30:00+00:00,23878.5,23885.69921875,23859.599609375,23883.599609375,0
2026-03-09 08:35:00+00:00,23883.650390625,23900.19921875,23876.650390625,23894.900390625,0
2026-03-09 08:40:00+00:00,23895.099609375,23904.80078125,23878.75,23881.349609375,0
2026-03-09 08:45:00+00:00,23883.599609375,23886.849609375,23865.900390625,23875.69921875,0
2026-03-09 08:50:00+00:00,23875.44921875,23901.150390625,23863.94921875,23897.650390625,0
2026-03-09 08:55:00+00:00,23899.150390625,23917.30078125,23891.80078125,23903.55078125,0
2026-03-09 09:00:00+00:00,23902.5,23925.0,23895.599609375,23907.55078125,0
2026-03-09 09:05:00+00:00,23907.75,23931.55078125,23901.150390625,23929.75,0
2026-03-09 09:10:00+00:00,23929.80078125,23956.30078125,23914.0,23946.55078125,0
2026-03-09 09:15:00+00:00,23946.94921875,24016.849609375,23939.30078125,23981.05078125,0
2026-03-09 09:20:00+00:00,23981.05078125,24012.44921875,23968.099609375,24012.150390625,0
2026-03-09 09:25:00+00:00,24011.650390625,24018.55078125,23991.349609375,24008.80078125,0
2026-03-09 09:30:00+00:00,24011.0,24056.30078125,23973.94921875,24048.30078125,0
2026-03-09 09:35:00+00:00,24049.400390625,24075.849609375,24021.599609375,24033.650390625,0
2026-03-09 09:40:00+00:00,24033.30078125,24061.0,24024.69921875,24047.80078125,0
2026-03-09 09:45:00+00:00,24047.69921875,24056.150390625,24037.80078125,24039.650390625,0
2026-03-09 09:50:00+00:00,24040.599609375,24040.75,24006.150390625,24015.69921875,0
2026-03-09 09:55:00+00:00,24014.650390625,24016.849609375,23994.69921875,24007.599609375,0
2026-03-10 03:45:00+00:00,24287.099609375,24296.900390625,24150.400390625,24150.400390625,0
2026-03-10 03:50:00+00:00,24150.69921875,24174.650390625,24138.599609375,24152.599609375,0
2026-03-10 03:55:00+00:00,24151.650390625,24171.19921875,24126.599609375,24159.80078125,0
2026-03-10 04:00:00+00:00,24159.349609375,24164.599609375,24121.30078125,24124.44921875,0
2026-03-10 04:05:00+00:00,24124.25,24124.25,24086.400390625,24093.400390625,0
2026-03-10 04:10:00+00:00,24093.150390625,24155.25,24089.349609375,24153.44921875,0
2026-03-10 04:15:00+00:00,24151.400390625,24157.19921875,24115.05078125,24136.650390625,0
2026-03-10 04:20:00+00:00,24136.599609375,24140.25,24121.80078125,24131.400390625,0
2026-03-10 04:25:00+00:00,24131.849609375,24131.94921875,24079.94921875,24093.099609375,0
2026-03-10 04:30:00+00:00,24092.05078125,24138.650390625,24091.30078125,24131.599609375,0
2026-03-10 04:35:00+00:00,24130.80078125,24147.5,24121.400390625,24139.5,0
2026-03-10 04:40:00+00:00,24139.150390625,24160.94921875,24131.099609375,24151.05078125,0
2026-03-10 04:45:00+00:00,24151.5,24213.69921875,24149.30078125,24204.55078125,0
2026-03-10 04:50:00+00:00,24205.0,24208.19921875,24151.900390625,24169.0,0
2026-03-10 04:55:00+00:00,24169.19921875,24175.94921875,24153.19921875,24160.599609375,0
2026-03-10 05:00:00+00:00,24160.30078125,24207.30078125,24159.099609375,24200.30078125,0
2026-03-10 05:05:00+00:00,24200.30078125,24209.150390625,24185.44921875,24193.19921875,0
2026-03-10 05:10:00+00:00,24192.69921875,24224.80078125,24191.5,24217.05078125,0
2026-03-10 05:15:00+00:00,24217.19921875,24233.19921875,24213.25,24222.400390625,0
2026-03-10 05:20:00+00:00,24222.19921875,24225.80078125,24184.94921875,24192.05078125,0
2026-03-10 05:25:00+00:00,24192.19921875,24198.80078125,24173.94921875,24197.400390625,0
2026-03-10 05:30:00+00:00,24197.599609375,24207.30078125,24186.599609375,24202.650390625,0
2026-03-10 05:35:00+00:00,24202.80078125,24219.599609375,24196.75,24219.599609375,0
2026-03-10 05:40:00+00:00,24219.099609375,24224.94921875,24216.19921875,24222.400390625,0
2026-03-10 05:45:00+00:00,24222.19921875,24243.5,24208.30078125,24210.25,0
2026-03-10 05:50:00+00:00,24210.80078125,24234.44921875,24206.099609375,24233.30078125,0
2026-03-10 05:55:00+00:00,24233.400390625,24237.69921875,24216.94921875,24229.0,0
2026-03-10 06:00:00+00:00,24229.55078125,24246.849609375,24226.94921875,24244.650390625,0
2026-03-10 06:05:00+00:00,24245.400390625,24255.05078125,24242.349609375,24252.05078125,0
2026-03-10 06:10:00+00:00,24252.30078125,24255.30078125,24247.849609375,24250.099609375,0
2026-03-10 06:15:00+00:00,24250.0,24250.5,24208.0,24208.19921875,0
2026-03-10 06:20:00+00:00,24207.44921875,24214.599609375,24195.69921875,24213.150390625,0
2026-03-10 06:25:00+00:00,24214.30078125,24225.25,24193.900390625,24210.650390625,0
2026-03-10 06:30:00+00:00,24210.80078125,24222.75,24207.94921875,24214.150390625,0
2026-03-10 06:35:00+00:00,24214.44921875,24229.44921875,24205.30078125,24205.30078125,0
2026-03-10 06:40:00+00:00,24205.349609375,24215.900390625,24172.5,24172.5,0
2026-03-10 06:45:00+00:00,24173.099609375,24189.44921875,24149.94921875,24184.5,0
2026-03-10 06:50:00+00:00,24184.400390625,24186.650390625,24143.05078125,24152.0,0
2026-03-10 06:55:00+00:00,24152.0,24166.05078125,24147.599609375,24162.650390625,0
2026-03-10 07:00:00+00:00,24163.30078125,24165.900390625,24153.150390625,24160.900390625,0
2026-03-10 07:05:00+00:00,24160.0,24191.5,24156.5,24157.0,0
2026-03-10 07:10:00+00:00,24156.650390625,24163.349609375,24142.44921875,24147.05078125,0
2026-03-10 07:15:00+00:00,24147.599609375,24184.5,24142.75,24184.5,0
2026-03-10 07:20:00+00:00,24184.44921875,24220.05078125,24181.900390625,24218.400390625,0
2026-03-10 07:25:00+00:00,24218.55078125,24231.349609375,24209.400390625,24219.150390625,0
2026-03-10 07:30:00+00:00,24219.400390625,24236.5,24213.599609375,24224.099609375,0
2026-03-10 07:35:00+00:00,24226.349609375,24226.69921875,24201.55078125,24206.30078125,0
2026-03-10 07:40:00+00:00,24208.05078125,24217.849609375,24194.900390625,24209.349609375,0
2026-03-10 07:45:00+00:00,24209.900390625,24219.05078125,24203.599609375,24215.400390625,0
2026-03-10 07:50:00+00:00,24215.75,24225.30078125,24190.400390625,24199.849609375,0
2026-03-10 07:55:00+00:00,24199.349609375,24213.349609375,24191.849609375,24212.599609375,0
2026-03-10 08:00:00+00:00,24212.55078125,24236.05078125,24212.400390625,24231.80078125,0
2026-03-10 08:05:00+00:00,24231.400390625,24262.849609375,24215.75,24252.150390625,0
2026-03-10 08:10:00+00:00,24251.69921875,24258.099609375,24230.349609375,24238.55078125,0
2026-03-10 08:15:00+00:00,24238.5,24238.69921875,24223.5,24233.650390625,0
2026-03-10 08:20:00+00:00,24233.80078125,24253.5,24232.75,24239.5,0
2026-03-10 08:25:00+00:00,24239.69921875,24244.349609375,24232.80078125,24233.19921875,0
2026-03-10 08:30:00+00:00,24233.44921875,24236.650390625,24215.599609375,24233.349609375,0
2026-03-10 08:35:00+00:00,24232.80078125,24289.94921875,24227.650390625,24275.5,0
2026-03-10 08:40:00+00:00,24276.75,24294.0,24269.599609375,24285.94921875,0
2026-03-10 08:45:00+00:00,24286.25,24296.650390625,24248.44921875,24252.849609375,0
2026-03-10 08:50:00+00:00,24252.650390625,24253.80078125,24222.44921875,24239.349609375,0
2026-03-10 08:55:00+00:00,24238.05078125,24244.44921875,24221.25,24235.44921875,0
2026-03-10 09:00:00+00:00,24235.19921875,24245.94921875,24201.94921875,24215.150390625,0
2026-03-10 09:05:00+00:00,24215.30078125,24245.150390625,24214.05078125,24228.44921875,0
2026-03-10 09:10:00+00:00,24227.5,24236.400390625,24203.05078125,24224.599609375,0
2026-03-10 09:15:00+00:00,24224.849609375,24267.650390625,24208.5,24264.599609375,0
2026-03-10 09:20:00+00:00,24265.75,24278.150390625,24240.349609375,24263.80078125,0
2026-03-10 09:25:00+00:00,24263.849609375,24273.900390625,24250.150390625,24261.44921875,0
2026-03-10 09:30:00+00:00,24261.94921875,24264.05078125,24217.5,24252.400390625,0
2026-03-10 09:35:00+00:00,24252.05078125,24269.19921875,24246.55078125,24259.0,0
2026-03-10 09:40:00+00:00,24259.0,24276.25,24250.599609375,24258.0,0
2026-03-10 09:45:00+00:00,24257.400390625,24280.400390625,24256.94921875,24274.25,0
2026-03-10 09:50:00+00:00,24273.599609375,24292.0,24254.0,24291.349609375,0
2026-03-10 09:55:00+00:00,24291.599609375,24302.5,24281.25,24286.150390625,0
2026-03-11 03:45:00+00:00,24262.69921875,24293.5,24220.5,24285.900390625,0
2026-03-11 03:50:00+00:00,24288.80078125,24298.44921875,24239.349609375,24242.5,0
2026-03-11 03:55:00+00:00,24243.599609375,24250.349609375,24214.650390625,24237.349609375,0
2026-03-11 04:00:00+00:00,24237.900390625,24238.25,24203.5,24228.599609375,0
2026-03-11 04:05:00+00:00,24228.75,24230.69921875,24182.849609375,24192.44921875,0
2026-03-11 04:10:00+00:00,24194.69921875,24197.599609375,24173.849609375,24187.650390625,0
2026-03-11 04:15:00+00:00,24188.94921875,24207.5,24179.94921875,24198.80078125,0
2026-03-11 04:20:00+00:00,24199.30078125,24205.349609375,24147.19921875,24148.55078125,0
2026-03-11 04:25:00+00:00,24148.349609375,24170.55078125,24145.44921875,24153.69921875,0
2026-03-11 04:30:00+00:00,24154.599609375,24161.69921875,24134.25,24160.599609375,0
2026-03-11 04:35:00+00:00,24160.94921875,24160.94921875,24117.25,24118.19921875,0
2026-03-11 04:40:00+00:00,24118.849609375,24125.900390625,24109.849609375,24116.5,0
2026-03-11 04:45:00+00:00,24117.099609375,24132.25,24112.0,24124.0,0
2026-03-11 04:50:00+00:00,24124.599609375,24130.349609375,24104.55078125,24125.05078125,0
2026-03-11 04:55:00+00:00,24126.30078125,24131.94921875,24111.0,24121.650390625,0
2026-03-11 05:00:00+00:00,24122.349609375,24141.94921875,24119.400390625,24125.400390625,0
2026-03-11 05:05:00+00:00,24125.349609375,24125.599609375,24084.900390625,24085.55078125,0
2026-03-11 05:10:00+00:00,24087.0,24101.400390625,24070.19921875,24074.099609375,0
2026-03-11 05:15:00+00:00,24074.0,24088.349609375,24049.400390625,24087.599609375,0
2026-03-11 05:20:00+00:00,24087.400390625,24097.650390625,24072.349609375,24083.44921875,0
2026-03-11 05:25:00+00:00,24083.44921875,24104.05078125,24080.349609375,24102.94921875,0
2026-03-11 05:30:00+00:00,24102.94921875,24114.099609375,24089.900390625,24110.849609375,0
2026-03-11 05:35:00+00:00,24111.44921875,24111.94921875,24083.650390625,24085.650390625,0
2026-03-11 05:40:00+00:00,24085.75,24087.400390625,24063.30078125,24071.400390625,0
2026-03-11 05:45:00+00:00,24073.75,24073.75,24037.900390625,24042.099609375,0
2026-03-11 05:50:00+00:00,24042.099609375,24042.099609375,24010.150390625,24010.599609375,0
2026-03-11 05:55:00+00:00,24013.5,24033.69921875,24011.94921875,24033.55078125,0
2026-03-11 06:00:00+00:00,24033.900390625,24034.349609375,23997.05078125,24001.19921875,0
2026-03-11 06:05:00+00:00,24001.44921875,24023.599609375,23986.849609375,24009.599609375,0
2026-03-11 06:10:00+00:00,24010.44921875,24014.25,24000.099609375,24013.94921875,0
2026-03-11 06:15:00+00:00,24014.44921875,24015.94921875,23996.150390625,23996.75,0
2026-03-11 06:20:00+00:00,23997.94921875,23998.25,23975.150390625,23995.25,0
2026-03-11 06:25:00+00:00,23995.55078125,23995.55078125,23972.349609375,23982.30078125,0
2026-03-11 06:30:00+00:00,23982.599609375,24022.849609375,23978.94921875,24021.94921875,0
2026-03-11 06:35:00+00:00,24022.099609375,24023.849609375,23997.599609375,24002.5,0
2026-03-11 06:40:00+00:00,24003.150390625,24020.80078125,23999.650390625,24011.599609375,0
2026-03-11 06:45:00+00:00,24012.55078125,24019.75,24006.25,24015.30078125,0
2026-03-11 06:50:00+00:00,24016.05078125,24024.19921875,24009.05078125,24015.599609375,0
2026-03-11 06:55:00+00:00,24016.19921875,24017.0,24002.5,24011.900390625,0
2026-03-11 07:00:00+00:00,24012.349609375,24023.650390625,23984.0,23990.900390625,0
2026-03-11 07:05:00+00:00,23993.25,24001.75,23969.80078125,23972.19921875,0
2026-03-11 07:10:00+00:00,23973.599609375,24011.0,23970.94921875,24010.94921875,0
2026-03-11 07:15:00+00:00,24011.849609375,24011.849609375,23983.099609375,23992.55078125,0
2026-03-11 07:20:00+00:00,23993.400390625,23999.25,23983.19921875,23985.94921875,0
2026-03-11 07:25:00+00:00,23986.30078125,23990.849609375,23971.150390625,23973.30078125,0
2026-03-11 07:30:00+00:00,23973.80078125,23993.75,23954.19921875,23961.5,0
2026-03-11 07:35:00+00:00,23962.150390625,23974.349609375,23958.69921875,23971.5,0
2026-03-11 07:40:00+00:00,23971.55078125,23971.55078125,23920.30078125,23929.650390625,0
2026-03-11 07:45:00+00:00,23930.69921875,23939.650390625,23914.19921875,23938.75,0
2026-03-11 07:50:00+00:00,23939.650390625,23963.19921875,23934.75,23961.44921875,0
2026-03-11 07:55:00+00:00,23962.05078125,23980.650390625,23952.400390625,23980.0,0
2026-03-11 08:00:00+00:00,23980.44921875,24005.349609375,23973.900390625,23977.099609375,0
2026-03-11 08:05:00+00:00,23977.55078125,23985.599609375,23958.349609375,23961.349609375,0
2026-03-11 08:10:00+00:00,23962.099609375,23974.25,23955.849609375,23957.94921875,0
2026-03-11 08:15:00+00:00,23958.44921875,23964.400390625,23941.80078125,23951.75,0
2026-03-11 08:20:00+00:00,23951.849609375,23965.650390625,23938.69921875,23961.5,0
2026-03-11 08:25:00+00:00,23961.849609375,23966.25,23942.44921875,23959.19921875,0
2026-03-11 08:30:00+00:00,23959.0,23960.900390625,23940.599609375,23955.05078125,0
2026-03-11 08:35:00+00:00,23955.099609375,23959.400390625,23934.349609375,23934.349609375,0
2026-03-11 08:40:00+00:00,23936.19921875,23944.150390625,23929.19921875,23939.94921875,0
2026-03-11 08:45:00+00:00,23940.94921875,23948.400390625,23904.349609375,23915.30078125,0
2026-03-11 08:50:00+00:00,23916.900390625,23927.349609375,23900.099609375,23900.099609375,0
2026-03-11 08:55:00+00:00,23899.55078125,23974.599609375,23892.19921875,23974.55078125,0
2026-03-11 09:00:00+00:00,23975.80078125,23977.05078125,23924.30078125,23924.30078125,0
2026-03-11 09:05:00+00:00,23923.25,23939.5,23918.650390625,23936.80078125,0
2026-03-11 09:10:00+00:00,23938.599609375,23938.599609375,23913.69921875,23921.30078125,0
2026-03-11 09:15:00+00:00,23921.55078125,23930.400390625,23912.30078125,23916.44921875,0
2026-03-11 09:20:00+00:00,23917.400390625,23923.849609375,23894.5,23916.150390625,0
2026-03-11 09:25:00+00:00,23916.75,23916.75,23872.05078125,23872.400390625,0
2026-03-11 09:30:00+00:00,23874.80078125,23913.099609375,23874.80078125,23883.94921875,0
2026-03-11 09:35:00+00:00,23887.150390625,23896.400390625,23855.25,23878.900390625,0
2026-03-11 09:40:00+00:00,23880.55078125,23885.849609375,23857.5,23861.900390625,0
2026-03-11 09:45:00+00:00,23864.19921875,23879.599609375,23856.44921875,23874.55078125,0
2026-03-11 09:50:00+00:00,23876.5,23878.44921875,23848.099609375,23860.25,0
2026-03-11 09:55:00+00:00,23860.55078125,23860.55078125,23837.05078125,23848.19921875,0
2026-03-12 03:45:00+00:00,23686.599609375,23686.599609375,23557.849609375,23563.150390625,0
2026-03-12 03:50:00+00:00,23564.5,23601.400390625,23557.849609375,23601.400390625,0
2026-03-12 03:55:00+00:00,23601.650390625,23612.75,23586.849609375,23603.349609375,0
2026-03-12 04:00:00+00:00,23600.44921875,23619.599609375,23589.55078125,23592.650390625,0
2026-03-12 04:05:00+00:00,23593.94921875,23610.099609375,23571.849609375,23572.849609375,0
2026-03-12 04:10:00+00:00,23574.5,23606.900390625,23569.400390625,23602.650390625,0
2026-03-12 04:15:00+00:00,23606.19921875,23624.55078125,23595.05078125,23623.150390625,0
2026-03-12 04:20:00+00:00,23623.5,23657.0,23618.44921875,23656.75,0
2026-03-12 04:25:00+00:00,23657.0,23696.30078125,23643.75,23693.80078125,0
2026-03-12 04:30:00+00:00,23695.400390625,23696.349609375,23670.599609375,23677.849609375,0
2026-03-12 04:35:00+00:00,23679.849609375,23679.849609375,23620.150390625,23628.19921875,0
2026-03-12 04:40:00+00:00,23632.44921875,23651.400390625,23605.349609375,23610.150390625,0
2026-03-12 04:45:00+00:00,23610.5,23615.900390625,23589.900390625,23612.650390625,0
2026-03-12 04:50:00+00:00,23614.75,23628.94921875,23608.5,23616.44921875,0
2026-03-12 04:55:00+00:00,23617.19921875,23681.55078125,23617.150390625,23666.650390625,0
2026-03-12 05:00:00+00:00,23666.349609375,23690.099609375,23632.349609375,23685.44921875,0
2026-03-12 05:05:00+00:00,23686.150390625,23719.44921875,23673.44921875,23712.94921875,0
2026-03-12 05:10:00+00:00,23714.349609375,23719.80078125,23684.650390625,23692.69921875,0
2026-03-12 05:15:00+00:00,23693.400390625,23704.849609375,23690.599609375,23694.0,0
2026-03-12 05:20:00+00:00,23694.599609375,23713.650390625,23669.30078125,23694.5,0
2026-03-12 05:25:00+00:00,23695.25,23741.599609375,23681.69921875,23740.900390625,0
2026-03-12 05:30:00+00:00,23741.599609375,23768.099609375,23741.150390625,23767.19921875,0
2026-03-12 05:35:00+00:00,23768.55078125,23773.650390625,23733.94921875,23738.400390625,0
2026-03-12 05:40:00+00:00,23739.44921875,23764.400390625,23737.19921875,23741.05078125,0
2026-03-12 05:45:00+00:00,23741.75,23756.650390625,23678.150390625,23696.900390625,0
2026-03-12 05:50:00+00:00,23700.69921875,23703.900390625,23665.0,23703.5,0
2026-03-12 05:55:00+00:00,23703.849609375,23713.44921875,23690.5,23703.30078125,0
2026-03-12 06:00:00+00:00,23704.19921875,23704.19921875,23676.599609375,23697.900390625,0
2026-03-12 06:05:00+00:00,23698.349609375,23701.25,23682.650390625,23697.25,0
2026-03-12 06:10:00+00:00,23699.400390625,23718.25,23689.80078125,23711.349609375,0
2026-03-12 06:15:00+00:00,23712.44921875,23725.0,23688.099609375,23694.30078125,0
2026-03-12 06:20:00+00:00,23695.69921875,23718.849609375,23692.5,23712.94921875,0
2026-03-12 06:25:00+00:00,23713.900390625,23742.19921875,23708.150390625,23739.849609375,0
2026-03-12 06:30:00+00:00,23739.44921875,23748.099609375,23735.30078125,23744.19921875,0
2026-03-12 06:35:00+00:00,23744.400390625,23748.44921875,23718.099609375,23725.650390625,0
2026-03-12 06:40:00+00:00,23727.80078125,23750.650390625,23710.5,23749.349609375,0
2026-03-12 06:45:00+00:00,23751.150390625,23751.150390625,23721.80078125,23724.30078125,0
2026-03-12 06:50:00+00:00,23725.69921875,23755.94921875,23724.0,23749.19921875,0
2026-03-12 06:55:00+00:00,23750.849609375,23759.19921875,23735.19921875,23744.099609375,0
2026-03-12 07:00:00+00:00,23744.400390625,23747.599609375,23717.5,23721.900390625,0
2026-03-12 07:05:00+00:00,23721.75,23731.69921875,23702.400390625,23709.75,0
2026-03-12 07:10:00+00:00,23710.650390625,23722.349609375,23702.30078125,23715.80078125,0
2026-03-12 07:15:00+00:00,23716.69921875,23731.25,23714.099609375,23722.099609375,0
2026-03-12 07:20:00+00:00,23722.849609375,23728.900390625,23701.5,23708.349609375,0
2026-03-12 07:25:00+00:00,23710.69921875,23723.80078125,23700.80078125,23717.0,0
2026-03-12 07:30:00+00:00,23717.849609375,23718.69921875,23691.400390625,23702.75,0
2026-03-12 07:35:00+00:00,23702.44921875,23702.599609375,23656.400390625,23682.55078125,0
2026-03-12 07:40:00+00:00,23683.55078125,23722.400390625,23678.75,23715.25,0
2026-03-12 07:45:00+00:00,23718.30078125,23718.5,23697.25,23702.25,0
2026-03-12 07:50:00+00:00,23702.94921875,23744.099609375,23695.80078125,23740.349609375,0
2026-03-12 07:55:00+00:00,23741.69921875,23767.94921875,23732.69921875,23764.30078125,0
2026-03-12 08:00:00+00:00,23765.25,23814.75,23764.69921875,23804.30078125,0
2026-03-12 08:05:00+00:00,23805.25,23818.44921875,23796.599609375,23811.80078125,0
2026-03-12 08:10:00+00:00,23813.599609375,23832.650390625,23784.25,23789.900390625,0
2026-03-12 08:15:00+00:00,23789.349609375,23801.25,23776.25,23782.55078125,0
2026-03-12 08:20:00+00:00,23783.599609375,23793.099609375,23762.5,23771.44921875,0
2026-03-12 08:25:00+00:00,23771.849609375,23772.0,23738.599609375,23738.599609375,0
2026-03-12 08:30:00+00:00,23740.55078125,23762.44921875,23733.5,23752.849609375,0
2026-03-12 08:35:00+00:00,23752.849609375,23771.55078125,23720.05078125,23721.5,0
2026-03-12 08:40:00+00:00,23721.69921875,23747.650390625,23701.94921875,23738.900390625,0
2026-03-12 08:45:00+00:00,23739.349609375,23758.150390625,23723.30078125,23749.349609375,0
2026-03-12 08:50:00+00:00,23749.5,23755.80078125,23730.349609375,23732.94921875,0
2026-03-12 08:55:00+00:00,23734.150390625,23744.30078125,23709.650390625,23711.80078125,0
2026-03-12 09:00:00+00:00,23713.5,23739.94921875,23710.400390625,23738.30078125,0
2026-03-12 09:05:00+00:00,23739.30078125,23745.150390625,23721.400390625,23724.94921875,0
2026-03-12 09:10:00+00:00,23726.150390625,23726.150390625,23667.599609375,23673.80078125,0
2026-03-12 09:15:00+00:00,23673.150390625,23684.099609375,23657.19921875,23672.55078125,0
2026-03-12 09:20:00+00:00,23674.25,23674.69921875,23605.55078125,23633.05078125,0
2026-03-12 09:25:00+00:00,23634.5,23647.94921875,23619.94921875,23639.44921875,0
2026-03-12 09:30:00+00:00,23641.099609375,23655.80078125,23609.94921875,23654.900390625,0
2026-03-12 09:35:00+00:00,23655.650390625,23669.05078125,23637.900390625,23666.80078125,0
2026-03-12 09:40:00+00:00,23665.349609375,23679.80078125,23628.80078125,23633.900390625,0
2026-03-12 09:45:00+00:00,23636.349609375,23652.0,23624.75,23649.55078125,0
2026-03-12 09:50:00+00:00,23650.650390625,23652.150390625,23630.55078125,23635.599609375,0
2026-03-12 09:55:00+00:00,23635.55078125,23643.099609375,23624.599609375,23639.349609375,0
2026-03-13 03:45:00+00:00,23472.80078125,23485.05078125,23421.55078125,23450.25,0
2026-03-13 03:50:00+00:00,23448.5,23451.94921875,23417.400390625,23431.599609375,0
2026-03-13 03:55:00+00:00,23431.150390625,23475.55078125,23416.05078125,23469.650390625,0
2026-03-13 04:00:00+00:00,23469.80078125,23491.900390625,23452.599609375,23453.900390625,0
2026-03-13 04:05:00+00:00,23455.05078125,23474.44921875,23433.599609375,23454.75,0
2026-03-13 04:10:00+00:00,23456.25,23462.0,23424.94921875,23425.5,0
2026-03-13 04:15:00+00:00,23426.55078125,23426.55078125,23388.849609375,23397.400390625,0
2026-03-13 04:20:00+00:00,23399.650390625,23399.650390625,23363.099609375,23363.099609375,0
2026-03-13 04:25:00+00:00,23364.44921875,23372.55078125,23344.75,23347.55078125,0
2026-03-13 04:30:00+00:00,23349.099609375,23369.94921875,23333.5,23361.099609375,0
2026-03-13 04:35:00+00:00,23361.80078125,23361.80078125,23326.94921875,23337.05078125,0
2026-03-13 04:40:00+00:00,23337.349609375,23344.099609375,23311.849609375,23329.80078125,0
2026-03-13 04:45:00+00:00,23330.94921875,23340.69921875,23317.349609375,23317.5,0
2026-03-13 04:50:00+00:00,23318.099609375,23334.849609375,23306.5,23311.849609375,0
2026-03-13 04:55:00+00:00,23313.69921875,23357.099609375,23309.0,23353.44921875,0
2026-03-13 05:00:00+00:00,23354.44921875,23360.0,23325.69921875,23326.75,0
2026-03-13 05:05:00+00:00,23326.75,23338.0,23320.30078125,23337.19921875,0
2026-03-13 05:10:00+00:00,23338.099609375,23342.0,23313.05078125,23324.55078125,0
2026-03-13 05:15:00+00:00,23325.19921875,23333.400390625,23309.30078125,23330.400390625,0
2026-03-13 05:20:00+00:00,23330.650390625,23379.55078125,23330.099609375,23359.19921875,0
2026-03-13 05:25:00+00:00,23362.099609375,23372.69921875,23348.900390625,23372.69921875,0
2026-03-13 05:30:00+00:00,23373.80078125,23374.69921875,23355.19921875,23358.25,0
2026-03-13 05:35:00+00:00,23357.25,23361.650390625,23331.5,23334.19921875,0
2026-03-13 05:40:00+00:00,23333.349609375,23339.55078125,23317.44921875,23321.650390625,0
2026-03-13 05:45:00+00:00,23323.55078125,23329.25,23309.650390625,23324.849609375,0
2026-03-13 05:50:00+00:00,23324.099609375,23342.849609375,23319.599609375,23335.94921875,0
2026-03-13 05:55:00+00:00,23337.0,23379.19921875,23333.150390625,23377.349609375,0
2026-03-13 06:00:00+00:00,23378.849609375,23400.30078125,23365.349609375,23391.30078125,0
2026-03-13 06:05:00+00:00,23392.19921875,23410.19921875,23380.5,23405.150390625,0
2026-03-13 06:10:00+00:00,23407.349609375,23414.900390625,23395.25,23407.900390625,0
2026-03-13 06:15:00+00:00,23409.349609375,23410.599609375,23390.400390625,23403.5,0
2026-03-13 06:20:00+00:00,23405.5,23409.400390625,23388.69921875,23389.25,0
2026-03-13 06:25:00+00:00,23389.69921875,23389.69921875,23360.5,23361.19921875,0
2026-03-13 06:30:00+00:00,23363.099609375,23365.44921875,23335.75,23344.150390625,0
2026-03-13 06:35:00+00:00,23344.30078125,23347.5,23322.349609375,23331.599609375,0
2026-03-13 06:40:00+00:00,23333.900390625,23342.55078125,23317.44921875,23336.150390625,0
2026-03-13 06:45:00+00:00,23338.900390625,23338.900390625,23318.099609375,23318.099609375,0
2026-03-13 06:50:00+00:00,23319.099609375,23319.099609375,23269.55078125,23269.55078125,0
2026-03-13 06:55:00+00:00,23273.30078125,23291.25,23266.5,23278.69921875,0
2026-03-13 07:00:00+00:00,23280.05078125,23281.5,23228.80078125,23239.19921875,0
2026-03-13 07:05:00+00:00,23241.0,23241.80078125,23211.5,23216.30078125,0
2026-03-13 07:10:00+00:00,23219.19921875,23219.400390625,23193.900390625,23212.400390625,0
2026-03-13 07:15:00+00:00,23214.0,23245.5,23210.19921875,23240.900390625,0
2026-03-13 07:20:00+00:00,23241.650390625,23250.19921875,23213.55078125,23229.599609375,0
2026-03-13 07:25:00+00:00,23230.44921875,23242.80078125,23213.30078125,23231.099609375,0
2026-03-13 07:30:00+00:00,23232.55078125,23239.55078125,23217.75,23221.25,0
2026-03-13 07:35:00+00:00,23223.75,23227.5,23194.0,23197.150390625,0
2026-03-13 07:40:00+00:00,23198.44921875,23210.19921875,23175.05078125,23175.69921875,0
2026-03-13 07:45:00+00:00,23178.349609375,23192.75,23169.349609375,23171.599609375,0
2026-03-13 07:50:00+00:00,23171.75,23187.650390625,23138.150390625,23141.25,0
2026-03-13 07:55:00+00:00,23142.75,23191.30078125,23139.25,23189.349609375,0
2026-03-13 08:00:00+00:00,23191.349609375,23202.650390625,23166.400390625,23167.94921875,0
2026-03-13 08:05:00+00:00,23169.19921875,23171.099609375,23142.69921875,23145.650390625,0
2026-03-13 08:10:00+00:00,23147.25,23165.19921875,23133.0,23157.150390625,0
2026-03-13 08:15:00+00:00,23159.099609375,23168.400390625,23148.849609375,23160.25,0
2026-03-13 08:20:00+00:00,23162.30078125,23166.900390625,23120.44921875,23138.25,0
2026-03-13 08:25:00+00:00,23141.55078125,23150.30078125,23113.30078125,23118.94921875,0
2026-03-13 08:30:00+00:00,23121.650390625,23161.44921875,23120.19921875,23143.19921875,0
2026-03-13 08:35:00+00:00,23145.25,23178.5,23142.25,23170.25,0
2026-03-13 08:40:00+00:00,23172.75,23205.5,23167.150390625,23201.849609375,0
2026-03-13 08:45:00+00:00,23203.650390625,23220.0,23182.75,23219.19921875,0
2026-03-13 08:50:00+00:00,23221.44921875,23233.5,23201.75,23210.19921875,0
2026-03-13 08:55:00+00:00,23210.80078125,23225.099609375,23199.75,23202.5,0
2026-03-13 09:00:00+00:00,23204.599609375,23258.599609375,23203.599609375,23235.5,0
2026-03-13 09:05:00+00:00,23242.099609375,23249.05078125,23208.30078125,23208.650390625,0
2026-03-13 09:10:00+00:00,23211.75,23231.55078125,23205.650390625,23224.80078125,0
2026-03-13 09:15:00+00:00,23228.69921875,23231.19921875,23177.55078125,23191.05078125,0
2026-03-13 09:20:00+00:00,23193.650390625,23212.5,23166.599609375,23167.349609375,0
2026-03-13 09:25:00+00:00,23172.650390625,23182.099609375,23144.55078125,23177.900390625,0
2026-03-13 09:30:00+00:00,23181.05078125,23190.55078125,23135.75,23138.05078125,0
2026-03-13 09:35:00+00:00,23137.44921875,23147.94921875,23125.099609375,23132.75,0
2026-03-13 09:40:00+00:00,23136.900390625,23167.05078125,23127.75,23162.55078125,0
2026-03-13 09:45:00+00:00,23161.44921875,23165.150390625,23145.650390625,23153.19921875,0
2026-03-13 09:50:00+00:00,23153.099609375,23154.099609375,23138.5,23148.150390625,0
2026-03-13 09:55:00+00:00,23147.30078125,23173.849609375,23147.0,23170.900390625,0
2026-03-16 03:45:00+00:00,23125.650390625,23240.849609375,23106.44921875,23172.55078125,0
2026-03-16 03:50:00+00:00,23173.80078125,23188.30078125,23131.650390625,23139.900390625,0
2026-03-16 03:55:00+00:00,23140.849609375,23166.94921875,23111.30078125,23157.75,0
2026-03-16 04:00:00+00:00,23159.5,23224.30078125,23158.19921875,23219.650390625,0
2026-03-16 04:05:00+00:00,23221.150390625,23269.80078125,23217.05078125,23242.75,0
2026-03-16 04:10:00+00:00,23240.94921875,23284.349609375,23237.400390625,23240.5,0
2026-03-16 04:15:00+00:00,23240.19921875,23276.94921875,23231.44921875,23241.0,0
2026-03-16 04:20:00+00:00,23240.849609375,23261.0,23221.0,23226.5,0
2026-03-16 04:25:00+00:00,23226.650390625,23232.75,23164.69921875,23167.55078125,0
2026-03-16 04:30:00+00:00,23168.80078125,23198.349609375,23167.44921875,23196.94921875,0
2026-03-16 04:35:00+00:00,23197.099609375,23210.5,23182.150390625,23184.44921875,0
2026-03-16 04:40:00+00:00,23184.75,23189.94921875,23143.25,23155.19921875,0
2026-03-16 04:45:00+00:00,23154.349609375,23154.349609375,23099.80078125,23100.0,0
2026-03-16 04:50:00+00:00,23100.599609375,23100.599609375,23055.75,23056.69921875,0
2026-03-16 04:55:00+00:00,23055.69921875,23065.94921875,23024.94921875,23024.94921875,0
2026-03-16 05:00:00+00:00,23026.5,23074.5,23025.94921875,23045.099609375,0
2026-03-16 05:05:00+00:00,23045.30078125,23076.75,23038.80078125,23057.69921875,0
2026-03-16 05:10:00+00:00,23056.849609375,23068.30078125,23047.75,23052.05078125,0
2026-03-16 05:15:00+00:00,23053.5,23064.25,23028.0,23035.599609375,0
2026-03-16 05:20:00+00:00,23035.69921875,23041.5,22985.349609375,22986.25,0
2026-03-16 05:25:00+00:00,22987.349609375,23034.05078125,22955.55078125,23032.25,0
2026-03-16 05:30:00+00:00,23032.94921875,23049.05078125,23012.94921875,23043.05078125,0
2026-03-16 05:35:00+00:00,23043.849609375,23079.0,23030.400390625,23076.75,0
2026-03-16 05:40:00+00:00,23077.900390625,23097.44921875,23060.650390625,23092.349609375,0
2026-03-16 05:45:00+00:00,23093.55078125,23190.150390625,23090.69921875,23187.75,0
2026-03-16 05:50:00+00:00,23189.05078125,23199.44921875,23164.5,23185.400390625,0
2026-03-16 05:55:00+00:00,23182.69921875,23184.150390625,23160.55078125,23172.19921875,0
2026-03-16 06:00:00+00:00,23172.75,23218.150390625,23163.19921875,23196.849609375,0
2026-03-16 06:05:00+00:00,23197.099609375,23209.05078125,23161.349609375,23166.69921875,0
2026-03-16 06:10:00+00:00,23166.349609375,23184.05078125,23148.349609375,23149.5,0
2026-03-16 06:15:00+00:00,23149.900390625,23166.44921875,23144.80078125,23160.0,0
2026-03-16 06:20:00+00:00,23160.0,23170.55078125,23144.94921875,23154.19921875,0
2026-03-16 06:25:00+00:00,23152.94921875,23172.0,23138.099609375,23144.94921875,0
2026-03-16 06:30:00+00:00,23144.400390625,23188.94921875,23144.400390625,23155.099609375,0
2026-03-16 06:35:00+00:00,23155.5,23168.150390625,23150.80078125,23159.55078125,0
2026-03-16 06:40:00+00:00,23159.19921875,23185.849609375,23147.30078125,23162.849609375,0
2026-03-16 06:45:00+00:00,23163.30078125,23169.150390625,23154.349609375,23166.05078125,0
2026-03-16 06:50:00+00:00,23166.5,23192.849609375,23162.30078125,23191.900390625,0
2026-03-16 06:55:00+00:00,23191.150390625,23196.44921875,23171.150390625,23179.400390625,0
2026-03-16 07:00:00+00:00,23178.650390625,23182.55078125,23138.849609375,23144.650390625,0
2026-03-16 07:05:00+00:00,23144.19921875,23160.55078125,23114.5,23159.44921875,0
2026-03-16 07:10:00+00:00,23159.44921875,23173.650390625,23151.44921875,23154.80078125,0
2026-03-16 07:15:00+00:00,23154.150390625,23154.599609375,23100.599609375,23102.650390625,0
2026-03-16 07:20:00+00:00,23102.400390625,23128.69921875,23093.25,23123.5,0
2026-03-16 07:25:00+00:00,23123.19921875,23132.75,23114.80078125,23132.400390625,0
2026-03-16 07:30:00+00:00,23132.75,23172.599609375,23121.900390625,23121.900390625,0
2026-03-16 07:35:00+00:00,23120.94921875,23131.849609375,23086.349609375,23121.55078125,0
2026-03-16 07:40:00+00:00,23120.25,23146.30078125,23111.650390625,23116.80078125,0
2026-03-16 07:45:00+00:00,23117.94921875,23151.099609375,23115.400390625,23151.099609375,0
2026-03-16 07:50:00+00:00,23150.69921875,23168.94921875,23144.80078125,23149.19921875,0
2026-03-16 07:55:00+00:00,23150.0,23161.80078125,23121.849609375,23124.5,0
2026-03-16 08:00:00+00:00,23123.75,23144.19921875,23100.69921875,23108.30078125,0
2026-03-16 08:05:00+00:00,23107.900390625,23130.44921875,23106.650390625,23128.19921875,0
2026-03-16 08:10:00+00:00,23126.349609375,23147.849609375,23107.05078125,23108.25,0
2026-03-16 08:15:00+00:00,23107.44921875,23119.349609375,23092.849609375,23107.80078125,0
2026-03-16 08:20:00+00:00,23107.849609375,23142.55078125,23097.150390625,23130.05078125,0
2026-03-16 08:25:00+00:00,23127.599609375,23133.25,23115.75,23130.80078125,0
2026-03-16 08:30:00+00:00,23130.44921875,23134.44921875,23121.599609375,23123.69921875,0
2026-03-16 08:35:00+00:00,23123.44921875,23142.900390625,23116.0,23137.599609375,0
2026-03-16 08:40:00+00:00,23136.349609375,23180.69921875,23136.349609375,23155.30078125,0
2026-03-16 08:45:00+00:00,23155.05078125,23226.849609375,23134.599609375,23225.599609375,0
2026-03-16 08:50:00+00:00,23226.55078125,23340.900390625,23225.19921875,23336.44921875,0
2026-03-16 08:55:00+00:00,23339.69921875,23369.5,23302.150390625,23347.849609375,0
2026-03-16 09:00:00+00:00,23352.849609375,23382.19921875,23337.650390625,23365.849609375,0
2026-03-16 09:05:00+00:00,23370.25,23416.80078125,23358.099609375,23411.599609375,0
2026-03-16 09:10:00+00:00,23415.0,23450.05078125,23390.05078125,23427.849609375,0
2026-03-16 09:15:00+00:00,23429.849609375,23460.650390625,23411.30078125,23453.849609375,0
2026-03-16 09:20:00+00:00,23456.25,23502.0,23435.099609375,23458.150390625,0
2026-03-16 09:25:00+00:00,23463.75,23475.44921875,23436.75,23454.05078125,0
2026-03-16 09:30:00+00:00,23455.30078125,23459.25,23388.75,23401.69921875,0
2026-03-16 09:35:00+00:00,23403.55078125,23458.0,23403.55078125,23440.19921875,0
2026-03-16 09:40:00+00:00,23442.19921875,23460.19921875,23418.25,23435.25,0
2026-03-16 09:45:00+00:00,23435.80078125,23436.05078125,23373.25,23376.0,0
2026-03-16 09:50:00+00:00,23376.69921875,23385.349609375,23352.650390625,23354.55078125,0
2026-03-16 09:55:00+00:00,23354.849609375,23359.900390625,23338.599609375,23355.599609375,0
2026-03-17 03:45:00+00:00,23493.19921875,23493.19921875,23361.349609375,23398.400390625,0
2026-03-17 03:50:00+00:00,23395.55078125,23424.25,23366.94921875,23368.55078125,0
2026-03-17 03:55:00+00:00,23363.75,23391.05078125,23347.400390625,23373.19921875,0
2026-03-17 04:00:00+00:00,23373.150390625,23402.849609375,23359.5,23387.80078125,0
2026-03-17 04:05:00+00:00,23388.80078125,23440.30078125,23385.05078125,23437.0,0
2026-03-17 04:10:00+00:00,23437.25,23462.900390625,23417.30078125,23452.900390625,0
2026-03-17 04:15:00+00:00,23453.150390625,23486.30078125,23431.69921875,23482.599609375,0
2026-03-17 04:20:00+00:00,23484.5,23488.30078125,23456.400390625,23483.0,0
2026-03-17 04:25:00+00:00,23483.0,23501.599609375,23466.0,23496.69921875,0
2026-03-17 04:30:00+00:00,23496.75,23524.94921875,23496.69921875,23513.0,0
2026-03-17 04:35:00+00:00,23513.44921875,23530.349609375,23512.650390625,23519.099609375,0
2026-03-17 04:40:00+00:00,23520.5,23536.849609375,23504.80078125,23526.0,0
2026-03-17 04:45:00+00:00,23525.849609375,23555.19921875,23525.75,23554.69921875,0
2026-03-17 04:50:00+00:00,23554.30078125,23576.55078125,23536.599609375,23564.44921875,0
2026-03-17 04:55:00+00:00,23563.69921875,23566.150390625,23500.19921875,23500.19921875,0
2026-03-17 05:00:00+00:00,23501.849609375,23510.650390625,23470.0,23470.099609375,0
2026-03-17 05:05:00+00:00,23467.849609375,23490.599609375,23443.0,23489.94921875,0
2026-03-17 05:10:00+00:00,23489.69921875,23493.80078125,23461.25,23483.75,0
2026-03-17 05:15:00+00:00,23483.900390625,23523.150390625,23475.5,23523.0,0
2026-03-17 05:20:00+00:00,23522.650390625,23533.0,23510.25,23519.94921875,0
2026-03-17 05:25:00+00:00,23521.150390625,23533.900390625,23509.400390625,23523.94921875,0
2026-03-17 05:30:00+00:00,23523.849609375,23528.150390625,23508.0,23515.19921875,0
2026-03-17 05:35:00+00:00,23514.900390625,23526.94921875,23481.599609375,23490.650390625,0
2026-03-17 05:40:00+00:00,23490.44921875,23507.400390625,23467.400390625,23470.55078125,0
2026-03-17 05:45:00+00:00,23471.44921875,23479.5,23440.44921875,23440.650390625,0
2026-03-17 05:50:00+00:00,23438.55078125,23448.150390625,23411.150390625,23412.75,0
2026-03-17 05:55:00+00:00,23412.650390625,23416.849609375,23375.94921875,23383.69921875,0
2026-03-17 06:00:00+00:00,23384.349609375,23394.0,23363.44921875,23366.05078125,0
2026-03-17 06:05:00+00:00,23365.75,23409.900390625,23355.69921875,23391.05078125,0
2026-03-17 06:10:00+00:00,23390.44921875,23408.150390625,23379.94921875,23390.650390625,0
2026-03-17 06:15:00+00:00,23390.44921875,23417.849609375,23387.80078125,23392.849609375,0
2026-03-17 06:20:00+00:00,23392.650390625,23429.599609375,23389.599609375,23410.44921875,0
2026-03-17 06:25:00+00:00,23410.599609375,23419.599609375,23376.05078125,23415.849609375,0
2026-03-17 06:30:00+00:00,23415.349609375,23421.94921875,23402.599609375,23412.900390625,0
2026-03-17 06:35:00+00:00,23410.400390625,23438.0,23408.19921875,23436.30078125,0
2026-03-17 06:40:00+00:00,23435.599609375,23450.05078125,23424.30078125,23435.30078125,0
2026-03-17 06:45:00+00:00,23435.150390625,23438.30078125,23382.25,23383.94921875,0
2026-03-17 06:50:00+00:00,23383.44921875,23413.05078125,23381.55078125,23386.44921875,0
2026-03-17 06:55:00+00:00,23385.19921875,23408.75,23385.19921875,23406.849609375,0
2026-03-17 07:00:00+00:00,23406.349609375,23415.19921875,23380.349609375,23411.0,0
2026-03-17 07:05:00+00:00,23410.55078125,23437.099609375,23409.849609375,23425.599609375,0
2026-03-17 07:10:00+00:00,23424.5,23457.25,23412.849609375,23451.0,0
2026-03-17 07:15:00+00:00,23450.900390625,23486.900390625,23449.30078125,23484.349609375,0
2026-03-17 07:20:00+00:00,23488.150390625,23496.19921875,23459.75,23466.19921875,0
2026-03-17 07:25:00+00:00,23465.5,23482.599609375,23456.94921875,23476.80078125,0
2026-03-17 07:30:00+00:00,23477.55078125,23512.55078125,23477.05078125,23505.599609375,0
2026-03-17 07:35:00+00:00,23505.19921875,23520.30078125,23476.150390625,23517.0,0
2026-03-17 07:40:00+00:00,23516.30078125,23533.5,23515.94921875,23531.599609375,0
2026-03-17 07:45:00+00:00,23532.94921875,23557.80078125,23532.94921875,23554.5,0
2026-03-17 07:50:00+00:00,23554.69921875,23560.19921875,23537.150390625,23540.650390625,0
2026-03-17 07:55:00+00:00,23539.900390625,23544.75,23524.849609375,23541.75,0
2026-03-17 08:00:00+00:00,23541.05078125,23591.400390625,23541.05078125,23548.900390625,0
2026-03-17 08:05:00+00:00,23549.900390625,23554.349609375,23512.55078125,23513.599609375,0
2026-03-17 08:10:00+00:00,23513.19921875,23540.75,23504.150390625,23530.44921875,0
2026-03-17 08:15:00+00:00,23530.75,23558.400390625,23530.75,23557.650390625,0
2026-03-17 08:20:00+00:00,23557.44921875,23568.30078125,23547.599609375,23548.19921875,0
2026-03-17 08:25:00+00:00,23547.5,23554.19921875,23531.05078125,23542.05078125,0
2026-03-17 08:30:00+00:00,23541.849609375,23573.19921875,23533.400390625,23565.05078125,0
2026-03-17 08:35:00+00:00,23566.69921875,23573.30078125,23537.25,23569.650390625,0
2026-03-17 08:40:00+00:00,23569.69921875,23608.900390625,23569.69921875,23600.44921875,0
2026-03-17 08:45:00+00:00,23600.0,23606.849609375,23551.150390625,23561.80078125,0
2026-03-17 08:50:00+00:00,23562.099609375,23575.30078125,23534.849609375,23545.25,0
2026-03-17 08:55:00+00:00,23545.75,23565.599609375,23526.849609375,23553.69921875,0
2026-03-17 09:00:00+00:00,23554.05078125,23587.80078125,23554.05078125,23580.099609375,0
2026-03-17 09:05:00+00:00,23579.30078125,23600.150390625,23575.099609375,23589.900390625,0
2026-03-17 09:10:00+00:00,23590.19921875,23614.69921875,23585.349609375,23587.400390625,0
2026-03-17 09:15:00+00:00,23587.099609375,23599.150390625,23567.55078125,23598.80078125,0
2026-03-17 09:20:00+00:00,23598.599609375,23623.5,23592.099609375,23623.150390625,0
2026-03-17 09:25:00+00:00,23622.44921875,23656.19921875,23621.94921875,23654.44921875,0
2026-03-17 09:30:00+00:00,23654.5,23655.19921875,23569.25,23593.19921875,0
2026-03-17 09:35:00+00:00,23592.94921875,23614.599609375,23574.44921875,23593.0,0
2026-03-17 09:40:00+00:00,23593.599609375,23610.69921875,23567.5,23607.5,0
2026-03-17 09:45:00+00:00,23607.05078125,23607.650390625,23546.55078125,23562.5,0
2026-03-17 09:50:00+00:00,23563.0,23580.55078125,23552.69921875,23558.94921875,0
2026-03-17 09:55:00+00:00,23559.0,23568.400390625,23553.150390625,23557.5,0
2026-03-18 03:45:00+00:00,23634.30078125,23726.0,23630.25,23721.900390625,0
2026-03-18 03:50:00+00:00,23721.599609375,23738.44921875,23675.5,23676.150390625,0
2026-03-18 03:55:00+00:00,23677.0,23724.150390625,23667.30078125,23715.30078125,0
2026-03-18 04:00:00+00:00,23714.80078125,23735.05078125,23714.80078125,23725.30078125,0
2026-03-18 04:05:00+00:00,23726.80078125,23729.349609375,23706.44921875,23708.05078125,0
2026-03-18 04:10:00+00:00,23708.099609375,23731.099609375,23700.099609375,23721.75,0
2026-03-18 04:15:00+00:00,23720.349609375,23733.94921875,23704.44921875,23732.19921875,0
2026-03-18 04:20:00+00:00,23733.400390625,23754.349609375,23720.849609375,23724.349609375,0
2026-03-18 04:25:00+00:00,23724.30078125,23725.19921875,23669.55078125,23691.25,0
2026-03-18 04:30:00+00:00,23691.150390625,23695.650390625,23650.599609375,23657.05078125,0
2026-03-18 04:35:00+00:00,23658.05078125,23664.0,23643.30078125,23650.19921875,0
2026-03-18 04:40:00+00:00,23649.349609375,23666.30078125,23640.69921875,23664.30078125,0
2026-03-18 04:45:00+00:00,23664.94921875,23711.0,23664.650390625,23707.349609375,0
2026-03-18 04:50:00+00:00,23707.69921875,23736.05078125,23701.349609375,23735.849609375,0
2026-03-18 04:55:00+00:00,23734.900390625,23737.849609375,23716.69921875,23722.94921875,0
2026-03-18 05:00:00+00:00,23721.650390625,23739.44921875,23713.44921875,23732.150390625,0
2026-03-18 05:05:00+00:00,23730.400390625,23746.0,23723.0,23731.5,0
2026-03-18 05:10:00+00:00,23730.55078125,23741.19921875,23718.30078125,23723.349609375,0
2026-03-18 05:15:00+00:00,23721.650390625,23760.19921875,23721.099609375,23759.849609375,0
2026-03-18 05:20:00+00:00,23759.55078125,23769.650390625,23752.650390625,23768.150390625,0
2026-03-18 05:25:00+00:00,23767.55078125,23777.900390625,23764.19921875,23770.599609375,0
2026-03-18 05:30:00+00:00,23770.80078125,23785.94921875,23764.150390625,23784.400390625,0
2026-03-18 05:35:00+00:00,23782.44921875,23784.19921875,23764.55078125,23777.150390625,0
2026-03-18 05:40:00+00:00,23776.599609375,23790.75,23768.44921875,23785.30078125,0
2026-03-18 05:45:00+00:00,23784.69921875,23787.05078125,23770.599609375,23787.05078125,0
2026-03-18 05:50:00+00:00,23786.25,23800.849609375,23781.849609375,23798.19921875,0
2026-03-18 05:55:00+00:00,23797.849609375,23805.80078125,23779.75,23799.599609375,0
2026-03-18 06:00:00+00:00,23798.75,23804.349609375,23790.099609375,23791.650390625,0
2026-03-18 06:05:00+00:00,23791.69921875,23814.849609375,23783.099609375,23812.94921875,0
2026-03-18 06:10:00+00:00,23813.349609375,23835.099609375,23812.099609375,23817.94921875,0
2026-03-18 06:15:00+00:00,23816.900390625,23820.400390625,23804.150390625,23804.150390625,0
2026-03-18 06:20:00+00:00,23804.30078125,23822.5,23803.55078125,23820.55078125,0
2026-03-18 06:25:00+00:00,23820.150390625,23821.30078125,23806.30078125,23806.30078125,0
2026-03-18 06:30:00+00:00,23806.650390625,23810.80078125,23787.0,23793.30078125,0
2026-03-18 06:35:00+00:00,23793.44921875,23797.19921875,23777.75,23779.599609375,0
2026-03-18 06:40:00+00:00,23779.05078125,23789.55078125,23772.150390625,23779.650390625,0
2026-03-18 06:45:00+00:00,23779.19921875,23787.69921875,23775.150390625,23786.44921875,0
2026-03-18 06:50:00+00:00,23785.69921875,23788.80078125,23769.400390625,23781.44921875,0
2026-03-18 06:55:00+00:00,23781.599609375,23784.19921875,23760.900390625,23767.0,0
2026-03-18 07:00:00+00:00,23767.150390625,23789.94921875,23767.150390625,23780.849609375,0
2026-03-18 07:05:00+00:00,23780.19921875,23788.80078125,23765.30078125,23772.599609375,0
2026-03-18 07:10:00+00:00,23772.599609375,23778.19921875,23762.400390625,23778.19921875,0
2026-03-18 07:15:00+00:00,23777.69921875,23785.75,23764.94921875,23785.75,0
2026-03-18 07:20:00+00:00,23785.44921875,23794.5,23768.349609375,23772.44921875,0
2026-03-18 07:25:00+00:00,23771.599609375,23781.150390625,23765.75,23775.900390625,0
2026-03-18 07:30:00+00:00,23775.150390625,23798.19921875,23775.150390625,23796.150390625,0
2026-03-18 07:35:00+00:00,23796.44921875,23797.599609375,23766.400390625,23777.849609375,0
2026-03-18 07:40:00+00:00,23776.5,23803.19921875,23774.69921875,23803.19921875,0
2026-03-18 07:45:00+00:00,23802.400390625,23810.19921875,23792.400390625,23796.599609375,0
2026-03-18 07:50:00+00:00,23798.0,23829.25,23797.25,23828.69921875,0
2026-03-18 07:55:00+00:00,23828.19921875,23836.650390625,23810.349609375,23824.349609375,0
2026-03-18 08:00:00+00:00,23823.849609375,23837.400390625,23816.0,23833.150390625,0
2026-03-18 08:05:00+00:00,23834.94921875,23843.25,23824.150390625,23841.400390625,0
2026-03-18 08:10:00+00:00,23840.5,23844.400390625,23829.650390625,23844.400390625,0
2026-03-18 08:15:00+00:00,23845.44921875,23845.44921875,23824.150390625,23829.44921875,0
2026-03-18 08:20:00+00:00,23828.150390625,23850.55078125,23819.05078125,23845.80078125,0
2026-03-18 08:25:00+00:00,23844.599609375,23858.75,23831.19921875,23833.650390625,0
2026-03-18 08:30:00+00:00,23832.5,23851.5,23820.849609375,23826.75,0
2026-03-18 08:35:00+00:00,23827.349609375,23830.25,23812.94921875,23828.0,0
2026-03-18 08:40:00+00:00,23827.5,23836.05078125,23809.599609375,23817.650390625,0
2026-03-18 08:45:00+00:00,23817.5,23845.599609375,23811.099609375,23839.349609375,0
2026-03-18 08:50:00+00:00,23839.849609375,23852.599609375,23833.150390625,23849.19921875,0
2026-03-18 08:55:00+00:00,23848.69921875,23861.80078125,23835.25,23835.25,0
2026-03-18 09:00:00+00:00,23836.44921875,23840.05078125,23795.80078125,23796.150390625,0
2026-03-18 09:05:00+00:00,23795.900390625,23805.69921875,23786.94921875,23801.150390625,0
2026-03-18 09:10:00+00:00,23801.5,23811.400390625,23779.69921875,23780.599609375,0
2026-03-18 09:15:00+00:00,23780.55078125,23802.55078125,23775.55078125,23799.05078125,0
2026-03-18 09:20:00+00:00,23798.599609375,23808.349609375,23780.599609375,23783.75,0
2026-03-18 09:25:00+00:00,23785.55078125,23804.0,23781.849609375,23801.80078125,0
2026-03-18 09:30:00+00:00,23801.650390625,23809.80078125,23766.900390625,23804.69921875,0
2026-03-18 09:35:00+00:00,23803.55078125,23806.0,23792.900390625,23795.25,0
2026-03-18 09:40:00+00:00,23795.900390625,23798.55078125,23789.0,23792.55078125,0
2026-03-18 09:45:00+00:00,23792.349609375,23792.900390625,23766.150390625,23766.80078125,0
2026-03-18 09:50:00+00:00,23767.44921875,23768.099609375,23730.650390625,23751.25,0
2026-03-18 09:55:00+00:00,23750.94921875,23770.05078125,23750.05078125,23764.099609375,0
2026-03-19 03:45:00+00:00,23209.099609375,23371.75,23209.099609375,23289.5,0
2026-03-19 03:50:00+00:00,23289.69921875,23345.150390625,23276.80078125,23345.150390625,0
2026-03-19 03:55:00+00:00,23345.44921875,23352.5,23316.05078125,23316.05078125,0
2026-03-19 04:00:00+00:00,23317.19921875,23325.599609375,23296.69921875,23301.0,0
2026-03-19 04:05:00+00:00,23299.69921875,23306.80078125,23255.5,23257.25,0
2026-03-19 04:10:00+00:00,23261.099609375,23281.650390625,23255.69921875,23271.0,0
2026-03-19 04:15:00+00:00,23269.599609375,23273.349609375,23226.75,23238.30078125,0
2026-03-19 04:20:00+00:00,23235.900390625,23263.650390625,23231.19921875,23239.25,0
2026-03-19 04:25:00+00:00,23239.150390625,23260.30078125,23229.349609375,23242.69921875,0
2026-03-19 04:30:00+00:00,23241.94921875,23269.94921875,23230.44921875,23264.849609375,0
2026-03-19 04:35:00+00:00,23264.900390625,23268.349609375,23247.599609375,23261.19921875,0
2026-03-19 04:40:00+00:00,23260.5,23260.849609375,23235.69921875,23236.650390625,0
2026-03-19 04:45:00+00:00,23234.75,23234.94921875,23204.05078125,23217.0,0
2026-03-19 04:50:00+00:00,23216.94921875,23260.0,23214.75,23260.0,0
2026-03-19 04:55:00+00:00,23258.44921875,23283.94921875,23257.94921875,23272.400390625,0
2026-03-19 05:00:00+00:00,23272.400390625,23287.150390625,23272.400390625,23274.150390625,0
2026-03-19 05:05:00+00:00,23275.19921875,23317.80078125,23271.69921875,23311.599609375,0
2026-03-19 05:10:00+00:00,23313.349609375,23316.30078125,23287.30078125,23311.69921875,0
2026-03-19 05:15:00+00:00,23312.599609375,23312.599609375,23275.05078125,23276.75,0
2026-03-19 05:20:00+00:00,23276.75,23291.25,23272.599609375,23287.5,0
2026-03-19 05:25:00+00:00,23286.400390625,23291.69921875,23258.30078125,23260.44921875,0
2026-03-19 05:30:00+00:00,23260.650390625,23264.650390625,23244.650390625,23250.099609375,0
2026-03-19 05:35:00+00:00,23251.05078125,23259.25,23238.55078125,23239.400390625,0
2026-03-19 05:40:00+00:00,23241.44921875,23254.94921875,23217.099609375,23220.94921875,0
2026-03-19 05:45:00+00:00,23221.349609375,23228.900390625,23207.55078125,23218.69921875,0
2026-03-19 05:50:00+00:00,23219.55078125,23253.599609375,23214.94921875,23246.44921875,0
2026-03-19 05:55:00+00:00,23244.900390625,23246.0,23224.44921875,23228.05078125,0
2026-03-19 06:00:00+00:00,23227.349609375,23250.099609375,23225.55078125,23248.900390625,0
2026-03-19 06:05:00+00:00,23246.75,23253.849609375,23237.650390625,23240.599609375,0
2026-03-19 06:10:00+00:00,23240.349609375,23246.75,23229.19921875,23241.650390625,0
2026-03-19 06:15:00+00:00,23241.599609375,23260.0,23236.94921875,23246.19921875,0
2026-03-19 06:20:00+00:00,23246.44921875,23256.80078125,23242.44921875,23245.900390625,0
2026-03-19 06:25:00+00:00,23245.599609375,23248.0,23236.19921875,23241.05078125,0
2026-03-19 06:30:00+00:00,23241.900390625,23245.150390625,23226.349609375,23231.599609375,0
2026-03-19 06:35:00+00:00,23232.650390625,23240.80078125,23217.849609375,23234.0,0
2026-03-19 06:40:00+00:00,23231.900390625,23268.75,23226.900390625,23265.5,0
2026-03-19 06:45:00+00:00,23265.5,23281.19921875,23257.099609375,23276.75,0
2026-03-19 06:50:00+00:00,23276.099609375,23276.30078125,23238.94921875,23245.94921875,0
2026-03-19 06:55:00+00:00,23244.94921875,23257.94921875,23240.94921875,23254.849609375,0
2026-03-19 07:00:00+00:00,23254.900390625,23264.69921875,23235.849609375,23248.94921875,0
2026-03-19 07:05:00+00:00,23249.05078125,23261.150390625,23244.25,23253.44921875,0
2026-03-19 07:10:00+00:00,23253.349609375,23255.099609375,23229.30078125,23235.650390625,0
2026-03-19 07:15:00+00:00,23234.849609375,23274.900390625,23233.80078125,23270.19921875,0
2026-03-19 07:20:00+00:00,23271.5,23274.94921875,23253.400390625,23273.849609375,0
2026-03-19 07:25:00+00:00,23274.599609375,23277.30078125,23257.44921875,23264.650390625,0
2026-03-19 07:30:00+00:00,23265.349609375,23265.599609375,23235.599609375,23238.900390625,0
2026-03-19 07:35:00+00:00,23238.69921875,23243.900390625,23226.150390625,23234.150390625,0
2026-03-19 07:40:00+00:00,23233.599609375,23255.05078125,23194.69921875,23200.25,0
2026-03-19 07:45:00+00:00,23200.349609375,23208.69921875,23194.849609375,23200.900390625,0
2026-03-19 07:50:00+00:00,23200.69921875,23206.099609375,23181.80078125,23182.75,0
2026-03-19 07:55:00+00:00,23183.69921875,23195.69921875,23172.55078125,23176.650390625,0
2026-03-19 08:00:00+00:00,23176.69921875,23194.94921875,23174.900390625,23175.849609375,0
2026-03-19 08:05:00+00:00,23177.44921875,23204.5,23173.80078125,23204.5,0
2026-03-19 08:10:00+00:00,23205.19921875,23217.849609375,23198.30078125,23199.150390625,0
2026-03-19 08:15:00+00:00,23198.55078125,23203.75,23182.900390625,23190.849609375,0
2026-03-19 08:20:00+00:00,23190.25,23199.5,23185.349609375,23198.30078125,0
2026-03-19 08:25:00+00:00,23197.75,23200.5,23156.900390625,23163.05078125,0
2026-03-19 08:30:00+00:00,23163.30078125,23171.80078125,23123.650390625,23128.05078125,0
2026-03-19 08:35:00+00:00,23129.099609375,23132.5,23106.55078125,23107.25,0
2026-03-19 08:40:00+00:00,23106.44921875,23113.849609375,23088.94921875,23111.30078125,0
2026-03-19 08:45:00+00:00,23111.55078125,23137.05078125,23108.05078125,23128.75,0
2026-03-19 08:50:00+00:00,23129.0,23133.44921875,23109.30078125,23127.900390625,0
2026-03-19 08:55:00+00:00,23128.19921875,23129.80078125,23096.900390625,23100.650390625,0
2026-03-19 09:00:00+00:00,23101.099609375,23121.400390625,23097.94921875,23117.150390625,0
2026-03-19 09:05:00+00:00,23116.599609375,23127.55078125,23097.55078125,23098.900390625,0
2026-03-19 09:10:00+00:00,23098.19921875,23115.599609375,23084.650390625,23110.69921875,0
2026-03-19 09:15:00+00:00,23110.55078125,23111.55078125,23053.25,23064.0,0
2026-03-19 09:20:00+00:00,23062.150390625,23064.80078125,23027.599609375,23033.5,0
2026-03-19 09:25:00+00:00,23033.44921875,23044.44921875,22947.69921875,22954.05078125,0
2026-03-19 09:30:00+00:00,22954.900390625,23016.19921875,22931.94921875,22990.0,0
2026-03-19 09:35:00+00:00,22988.599609375,22993.69921875,22954.19921875,22971.900390625,0
2026-03-19 09:40:00+00:00,22972.05078125,23019.099609375,22965.900390625,22987.25,0
2026-03-19 09:45:00+00:00,22987.55078125,23037.400390625,22977.650390625,23037.25,0
2026-03-19 09:50:00+00:00,23037.5,23072.94921875,23036.0,23069.150390625,0
2026-03-19 09:55:00+00:00,23068.69921875,23093.900390625,23061.75,23087.849609375,0
2026-03-20 03:45:00+00:00,23130.599609375,23284.5,23130.599609375,23281.5,0
2026-03-20 03:50:00+00:00,23283.44921875,23303.05078125,23223.25,23254.44921875,0
2026-03-20 03:55:00+00:00,23257.400390625,23287.5,23248.400390625,23286.80078125,0
2026-03-20 04:00:00+00:00,23287.05078125,23317.75,23277.900390625,23313.80078125,0
2026-03-20 04:05:00+00:00,23314.900390625,23318.900390625,23262.69921875,23270.80078125,0
2026-03-20 04:10:00+00:00,23271.400390625,23271.400390625,23228.94921875,23228.94921875,0
2026-03-20 04:15:00+00:00,23230.599609375,23249.80078125,23222.75,23246.900390625,0
2026-03-20 04:20:00+00:00,23248.599609375,23266.69921875,23236.150390625,23244.30078125,0
2026-03-20 04:25:00+00:00,23243.349609375,23264.19921875,23239.099609375,23259.0,0
2026-03-20 04:30:00+00:00,23260.19921875,23261.05078125,23220.69921875,23233.94921875,0
2026-03-20 04:35:00+00:00,23234.25,23258.19921875,23232.80078125,23246.44921875,0
2026-03-20 04:40:00+00:00,23244.94921875,23260.75,23236.400390625,23243.650390625,0
2026-03-20 04:45:00+00:00,23243.400390625,23246.80078125,23200.650390625,23219.599609375,0
2026-03-20 04:50:00+00:00,23220.900390625,23244.150390625,23205.69921875,23244.150390625,0
2026-03-20 04:55:00+00:00,23243.55078125,23261.30078125,23237.55078125,23260.599609375,0
2026-03-20 05:00:00+00:00,23261.75,23278.349609375,23252.599609375,23269.30078125,0
2026-03-20 05:05:00+00:00,23269.75,23286.55078125,23269.44921875,23286.55078125,0
2026-03-20 05:10:00+00:00,23287.30078125,23301.80078125,23285.400390625,23290.150390625,0
2026-03-20 05:15:00+00:00,23290.599609375,23312.599609375,23277.05078125,23296.19921875,0
2026-03-20 05:20:00+00:00,23297.400390625,23317.900390625,23296.900390625,23313.44921875,0
2026-03-20 05:25:00+00:00,23313.599609375,23313.900390625,23281.44921875,23296.599609375,0
2026-03-20 05:30:00+00:00,23298.650390625,23303.650390625,23264.150390625,23268.30078125,0
2026-03-20 05:35:00+00:00,23268.69921875,23293.30078125,23265.099609375,23290.150390625,0
2026-03-20 05:40:00+00:00,23290.599609375,23291.44921875,23266.19921875,23289.150390625,0
2026-03-20 05:45:00+00:00,23288.94921875,23307.349609375,23284.599609375,23305.44921875,0
2026-03-20 05:50:00+00:00,23306.599609375,23344.900390625,23302.55078125,23327.55078125,0
2026-03-20 05:55:00+00:00,23329.099609375,23332.150390625,23309.44921875,23317.30078125,0
2026-03-20 06:00:00+00:00,23317.900390625,23331.599609375,23310.19921875,23312.19921875,0
2026-03-20 06:05:00+00:00,23312.30078125,23321.69921875,23302.55078125,23304.849609375,0
2026-03-20 06:10:00+00:00,23306.5,23310.80078125,23285.80078125,23286.900390625,0
2026-03-20 06:15:00+00:00,23287.400390625,23292.849609375,23279.900390625,23288.150390625,0
2026-03-20 06:20:00+00:00,23288.75,23288.75,23249.19921875,23249.19921875,0
2026-03-20 06:25:00+00:00,23249.55078125,23250.900390625,23223.099609375,23250.30078125,0
2026-03-20 06:30:00+00:00,23251.25,23259.5,23224.349609375,23228.94921875,0
2026-03-20 06:35:00+00:00,23229.849609375,23240.0,23210.900390625,23212.25,0
2026-03-20 06:40:00+00:00,23212.94921875,23236.099609375,23210.900390625,23233.05078125,0
2026-03-20 06:45:00+00:00,23234.150390625,23234.150390625,23183.0,23185.599609375,0
2026-03-20 06:50:00+00:00,23187.44921875,23193.55078125,23153.19921875,23155.05078125,0
2026-03-20 06:55:00+00:00,23154.80078125,23160.05078125,23137.05078125,23155.150390625,0
2026-03-20 07:00:00+00:00,23155.650390625,23170.900390625,23120.349609375,23170.099609375,0
2026-03-20 07:05:00+00:00,23171.599609375,23191.75,23165.849609375,23184.650390625,0
2026-03-20 07:10:00+00:00,23185.5,23216.400390625,23180.650390625,23205.75,0
2026-03-20 07:15:00+00:00,23206.5,23226.69921875,23202.80078125,23217.30078125,0
2026-03-20 07:20:00+00:00,23218.900390625,23241.349609375,23204.849609375,23227.0,0
2026-03-20 07:25:00+00:00,23227.94921875,23249.69921875,23214.80078125,23214.80078125,0
2026-03-20 07:30:00+00:00,23214.900390625,23243.150390625,23202.599609375,23240.30078125,0
2026-03-20 07:35:00+00:00,23240.900390625,23251.19921875,23227.650390625,23240.900390625,0
2026-03-20 07:40:00+00:00,23242.150390625,23243.150390625,23224.55078125,23231.5,0
2026-03-20 07:45:00+00:00,23232.0,23257.349609375,23230.30078125,23235.599609375,0
2026-03-20 07:50:00+00:00,23236.75,23259.349609375,23230.0,23248.150390625,0
2026-03-20 07:55:00+00:00,23249.19921875,23271.099609375,23243.69921875,23257.69921875,0
2026-03-20 08:00:00+00:00,23258.44921875,23266.44921875,23243.05078125,23245.19921875,0
2026-03-20 08:05:00+00:00,23246.19921875,23272.400390625,23242.5,23270.19921875,0
2026-03-20 08:10:00+00:00,23270.30078125,23270.55078125,23231.94921875,23232.0,0
2026-03-20 08:15:00+00:00,23233.69921875,23234.0,23206.05078125,23206.44921875,0
2026-03-20 08:20:00+00:00,23207.599609375,23218.05078125,23194.650390625,23216.849609375,0
2026-03-20 08:25:00+00:00,23216.650390625,23230.30078125,23188.650390625,23193.44921875,0
2026-03-20 08:30:00+00:00,23195.0,23235.349609375,23185.25,23235.349609375,0
2026-03-20 08:35:00+00:00,23237.400390625,23244.55078125,23212.0,23225.55078125,0
2026-03-20 08:40:00+00:00,23226.849609375,23228.55078125,23192.55078125,23199.150390625,0
2026-03-20 08:45:00+00:00,23200.05078125,23204.849609375,23183.44921875,23200.69921875,0
2026-03-20 08:50:00+00:00,23201.80078125,23205.75,23169.75,23185.400390625,0
2026-03-20 08:55:00+00:00,23186.19921875,23186.19921875,23164.0,23164.0,0
2026-03-20 09:00:00+00:00,23164.05078125,23188.05078125,23152.0,23176.650390625,0
2026-03-20 09:05:00+00:00,23177.599609375,23177.599609375,23133.150390625,23150.25,0
2026-03-20 09:10:00+00:00,23151.400390625,23154.80078125,23098.25,23098.25,0
2026-03-20 09:15:00+00:00,23099.400390625,23113.400390625,23086.5,23104.349609375,0
2026-03-20 09:20:00+00:00,23105.75,23107.55078125,23067.900390625,23086.599609375,0
2026-03-20 09:25:00+00:00,23086.650390625,23096.150390625,23077.55078125,23090.5,0
2026-03-20 09:30:00+00:00,23091.30078125,23177.44921875,23078.599609375,23139.400390625,0
2026-03-20 09:35:00+00:00,23139.25,23156.05078125,23121.55078125,23124.44921875,0
2026-03-20 09:40:00+00:00,23124.349609375,23132.80078125,23088.5,23106.849609375,0
2026-03-20 09:45:00+00:00,23106.25,23107.30078125,23078.69921875,23092.5,0
2026-03-20 09:50:00+00:00,23091.650390625,23139.0,23091.400390625,23112.900390625,0
2026-03-20 09:55:00+00:00,23112.75,23139.80078125,23105.05078125,23134.650390625,0
2026-03-23 03:45:00+00:00,22837.19921875,22838.349609375,22637.80078125,22687.44921875,0
2026-03-23 03:50:00+00:00,22686.25,22737.099609375,22676.94921875,22702.599609375,0
2026-03-23 03:55:00+00:00,22701.599609375,22728.25,22699.349609375,22704.400390625,0
2026-03-23 04:00:00+00:00,22702.150390625,22721.849609375,22694.849609375,22713.05078125,0
2026-03-23 04:05:00+00:00,22712.44921875,22742.80078125,22707.150390625,22715.30078125,0
2026-03-23 04:10:00+00:00,22714.650390625,22716.69921875,22691.80078125,22706.400390625,0
2026-03-23 04:15:00+00:00,22706.099609375,22706.650390625,22658.80078125,22663.0,0
2026-03-23 04:20:00+00:00,22662.05078125,22665.05078125,22625.44921875,22629.05078125,0
2026-03-23 04:25:00+00:00,22628.55078125,22634.349609375,22593.849609375,22597.5,0
2026-03-23 04:30:00+00:00,22597.44921875,22618.0,22582.599609375,22616.099609375,0
2026-03-23 04:35:00+00:00,22615.19921875,22633.05078125,22605.0,22605.650390625,0
2026-03-23 04:40:00+00:00,22607.099609375,22609.19921875,22571.400390625,22572.30078125,0
2026-03-23 04:45:00+00:00,22571.94921875,22587.5,22554.099609375,22554.5,0
2026-03-23 04:50:00+00:00,22554.30078125,22559.150390625,22538.5,22541.599609375,0
2026-03-23 04:55:00+00:00,22541.19921875,22559.599609375,22530.900390625,22531.0,0
2026-03-23 05:00:00+00:00,22530.599609375,22554.05078125,22529.849609375,22537.75,0
2026-03-23 05:05:00+00:00,22538.19921875,22581.5,22536.849609375,22557.94921875,0
2026-03-23 05:10:00+00:00,22558.349609375,22558.349609375,22536.650390625,22548.099609375,0
2026-03-23 05:15:00+00:00,22548.19921875,22550.25,22534.0,22547.55078125,0
2026-03-23 05:20:00+00:00,22545.75,22545.75,22510.69921875,22527.099609375,0
2026-03-23 05:25:00+00:00,22528.94921875,22536.75,22516.80078125,22531.849609375,0
2026-03-23 05:30:00+00:00,22531.19921875,22533.400390625,22505.0,22533.150390625,0
2026-03-23 05:35:00+00:00,22531.94921875,22583.650390625,22526.599609375,22560.349609375,0
2026-03-23 05:40:00+00:00,22560.80078125,22562.44921875,22546.349609375,22554.150390625,0
2026-03-23 05:45:00+00:00,22554.599609375,22554.599609375,22528.0,22534.349609375,0
2026-03-23 05:50:00+00:00,22534.25,22556.599609375,22528.900390625,22548.0,0
2026-03-23 05:55:00+00:00,22547.599609375,22561.44921875,22536.400390625,22559.150390625,0
2026-03-23 06:00:00+00:00,22557.849609375,22571.599609375,22524.94921875,22531.30078125,0
2026-03-23 06:05:00+00:00,22531.75,22542.349609375,22519.69921875,22539.599609375,0
2026-03-23 06:10:00+00:00,22539.19921875,22557.44921875,22508.30078125,22520.150390625,0
2026-03-23 06:15:00+00:00,22518.0,22534.5,22518.0,22532.25,0
2026-03-23 06:20:00+00:00,22533.150390625,22563.55078125,22527.900390625,22552.75,0
2026-03-23 06:25:00+00:00,22555.400390625,22564.0,22539.349609375,22554.650390625,0
2026-03-23 06:30:00+00:00,22556.05078125,22561.150390625,22541.94921875,22546.55078125,0
2026-03-23 06:35:00+00:00,22545.69921875,22554.099609375,22530.599609375,22547.75,0
2026-03-23 06:40:00+00:00,22551.25,22562.349609375,22533.80078125,22535.349609375,0
2026-03-23 06:45:00+00:00,22534.25,22535.55078125,22514.44921875,22528.44921875,0
2026-03-23 06:50:00+00:00,22527.30078125,22527.30078125,22483.44921875,22489.55078125,0
2026-03-23 06:55:00+00:00,22487.55078125,22515.05078125,22478.69921875,22511.94921875,0
2026-03-23 07:00:00+00:00,22514.599609375,22519.099609375,22497.69921875,22518.849609375,0
2026-03-23 07:05:00+00:00,22517.69921875,22551.5,22514.80078125,22524.900390625,0
2026-03-23 07:10:00+00:00,22524.650390625,22540.599609375,22510.599609375,22535.650390625,0
2026-03-23 07:15:00+00:00,22534.69921875,22555.900390625,22522.75,22543.30078125,0
2026-03-23 07:20:00+00:00,22542.44921875,22543.349609375,22503.650390625,22504.25,0
2026-03-23 07:25:00+00:00,22504.19921875,22505.5,22481.69921875,22500.05078125,0
2026-03-23 07:30:00+00:00,22499.55078125,22499.55078125,22480.25,22480.900390625,0
2026-03-23 07:35:00+00:00,22480.150390625,22508.25,22474.650390625,22489.05078125,0
2026-03-23 07:40:00+00:00,22488.900390625,22493.150390625,22472.099609375,22489.099609375,0
2026-03-23 07:45:00+00:00,22489.69921875,22512.55078125,22489.44921875,22494.05078125,0
2026-03-23 07:50:00+00:00,22493.75,22514.5,22488.05078125,22501.849609375,0
2026-03-23 07:55:00+00:00,22501.25,22512.05078125,22482.849609375,22487.05078125,0
2026-03-23 08:00:00+00:00,22487.599609375,22525.44921875,22487.150390625,22517.25,0
2026-03-23 08:05:00+00:00,22518.05078125,22529.0,22513.25,22518.05078125,0
2026-03-23 08:10:00+00:00,22517.349609375,22567.349609375,22513.69921875,22561.69921875,0
2026-03-23 08:15:00+00:00,22558.94921875,22601.25,22557.599609375,22598.94921875,0
2026-03-23 08:20:00+00:00,22597.94921875,22629.75,22593.19921875,22601.349609375,0
2026-03-23 08:25:00+00:00,22602.0,22620.55078125,22599.150390625,22599.650390625,0
2026-03-23 08:30:00+00:00,22598.849609375,22655.400390625,22590.44921875,22644.75,0
2026-03-23 08:35:00+00:00,22645.69921875,22661.150390625,22607.44921875,22627.44921875,0
2026-03-23 08:40:00+00:00,22627.80078125,22643.349609375,22610.349609375,22618.69921875,0
2026-03-23 08:45:00+00:00,22619.650390625,22652.650390625,22612.25,22641.599609375,0
2026-03-23 08:50:00+00:00,22641.349609375,22656.44921875,22624.55078125,22625.55078125,0
2026-03-23 08:55:00+00:00,22624.900390625,22633.69921875,22591.94921875,22611.19921875,0
2026-03-23 09:00:00+00:00,22610.55078125,22617.400390625,22515.25,22526.80078125,0
2026-03-23 09:05:00+00:00,22524.80078125,22591.94921875,22522.150390625,22564.05078125,0
2026-03-23 09:10:00+00:00,22561.05078125,22599.099609375,22541.94921875,22599.099609375,0
2026-03-23 09:15:00+00:00,22596.94921875,22603.400390625,22579.05078125,22596.75,0
2026-03-23 09:20:00+00:00,22597.900390625,22646.55078125,22597.900390625,22613.849609375,0
2026-03-23 09:25:00+00:00,22612.69921875,22617.400390625,22586.19921875,22614.5,0
2026-03-23 09:30:00+00:00,22614.75,22614.75,22503.05078125,22503.900390625,0
2026-03-23 09:35:00+00:00,22503.55078125,22531.849609375,22486.099609375,22523.849609375,0
2026-03-23 09:40:00+00:00,22523.25,22542.44921875,22505.19921875,22509.25,0
2026-03-23 09:45:00+00:00,22509.55078125,22510.69921875,22483.849609375,22485.19921875,0
2026-03-23 09:50:00+00:00,22484.25,22495.849609375,22479.55078125,22492.400390625,0
2026-03-23 09:55:00+00:00,22492.0,22505.349609375,22478.099609375,22492.650390625,0
2026-03-24 03:45:00+00:00,22854.05078125,22897.650390625,22775.400390625,22785.150390625,0
2026-03-24 03:50:00+00:00,22789.80078125,22817.0,22765.150390625,22816.69921875,0
2026-03-24 03:55:00+00:00,22815.80078125,22849.25,22811.150390625,22839.900390625,0
2026-03-24 04:00:00+00:00,22839.599609375,22852.400390625,22815.19921875,22815.19921875,0
2026-03-24 04:05:00+00:00,22815.599609375,22827.900390625,22763.099609375,22764.30078125,0
2026-03-24 04:10:00+00:00,22764.30078125,22783.099609375,22732.30078125,22744.80078125,0
2026-03-24 04:15:00+00:00,22747.30078125,22748.099609375,22707.05078125,22718.900390625,0
2026-03-24 04:20:00+00:00,22718.75,22737.150390625,22701.80078125,22730.69921875,0
2026-03-24 04:25:00+00:00,22729.900390625,22773.650390625,22725.05078125,22754.19921875,0
2026-03-24 04:30:00+00:00,22753.900390625,22756.650390625,22701.849609375,22705.599609375,0
2026-03-24 04:35:00+00:00,22705.69921875,22719.44921875,22682.349609375,22685.150390625,0
2026-03-24 04:40:00+00:00,22684.5,22714.849609375,22682.30078125,22708.099609375,0
2026-03-24 04:45:00+00:00,22706.94921875,22748.5,22701.55078125,22731.69921875,0
2026-03-24 04:50:00+00:00,22731.400390625,22766.80078125,22712.25,22762.150390625,0
2026-03-24 04:55:00+00:00,22763.099609375,22765.80078125,22725.099609375,22737.900390625,0
2026-03-24 05:00:00+00:00,22738.19921875,22738.900390625,22667.75,22667.75,0
2026-03-24 05:05:00+00:00,22665.599609375,22667.69921875,22624.900390625,22631.80078125,0
2026-03-24 05:10:00+00:00,22631.599609375,22680.650390625,22630.55078125,22667.900390625,0
2026-03-24 05:15:00+00:00,22667.55078125,22723.5,22657.0,22692.0,0
2026-03-24 05:20:00+00:00,22691.900390625,22707.69921875,22653.599609375,22667.25,0
2026-03-24 05:25:00+00:00,22667.80078125,22674.25,22629.400390625,22639.69921875,0
2026-03-24 05:30:00+00:00,22639.80078125,22682.0,22639.80078125,22678.80078125,0
2026-03-24 05:35:00+00:00,22679.75,22689.099609375,22661.44921875,22680.900390625,0
2026-03-24 05:40:00+00:00,22680.099609375,22711.05078125,22678.69921875,22698.25,0
2026-03-24 05:45:00+00:00,22699.400390625,22732.349609375,22694.349609375,22730.44921875,0
2026-03-24 05:50:00+00:00,22731.80078125,22746.0,22701.599609375,22703.150390625,0
2026-03-24 05:55:00+00:00,22703.25,22737.19921875,22689.55078125,22728.5,0
2026-03-24 06:00:00+00:00,22729.349609375,22756.55078125,22724.5,22753.599609375,0
2026-03-24 06:05:00+00:00,22751.650390625,22770.0,22749.900390625,22766.19921875,0
2026-03-24 06:10:00+00:00,22764.94921875,22770.150390625,22738.94921875,22754.650390625,0
2026-03-24 06:15:00+00:00,22754.349609375,22793.25,22745.849609375,22769.25,0
2026-03-24 06:20:00+00:00,22769.19921875,22795.5,22756.599609375,22785.55078125,0
2026-03-24 06:25:00+00:00,22785.099609375,22827.80078125,22784.400390625,22806.900390625,0
2026-03-24 06:30:00+00:00,22806.75,22816.900390625,22793.80078125,22796.55078125,0
2026-03-24 06:35:00+00:00,22796.400390625,22796.400390625,22765.150390625,22770.099609375,0
2026-03-24 06:40:00+00:00,22769.900390625,22787.75,22760.0,22761.44921875,0
2026-03-24 06:45:00+00:00,22761.900390625,22773.69921875,22753.349609375,22757.30078125,0
2026-03-24 06:50:00+00:00,22758.0,22883.400390625,22756.400390625,22881.5,0
2026-03-24 06:55:00+00:00,22880.19921875,22935.55078125,22822.349609375,22844.44921875,0
2026-03-24 07:00:00+00:00,22844.150390625,22922.80078125,22843.400390625,22922.80078125,0
2026-03-24 07:05:00+00:00,22922.30078125,22952.69921875,22915.900390625,22951.0,0
2026-03-24 07:10:00+00:00,22952.05078125,22988.849609375,22937.400390625,22955.19921875,0
2026-03-24 07:15:00+00:00,22956.94921875,22996.099609375,22955.30078125,22993.400390625,0
2026-03-24 07:20:00+00:00,22993.349609375,23025.19921875,22980.0,23008.5,0
2026-03-24 07:25:00+00:00,23009.05078125,23009.05078125,22952.849609375,22974.400390625,0
2026-03-24 07:30:00+00:00,22974.599609375,22979.349609375,22936.44921875,22941.44921875,0
2026-03-24 07:35:00+00:00,22941.900390625,22956.5,22911.349609375,22939.0,0
2026-03-24 07:40:00+00:00,22939.5,22990.5,22935.30078125,22990.5,0
2026-03-24 07:45:00+00:00,22990.75,22991.80078125,22958.400390625,22987.5,0
2026-03-24 07:50:00+00:00,22986.69921875,23012.94921875,22966.44921875,22992.05078125,0
2026-03-24 07:55:00+00:00,22991.400390625,23025.650390625,22983.75,23021.94921875,0
2026-03-24 08:00:00+00:00,23021.19921875,23039.05078125,22999.849609375,23034.849609375,0
2026-03-24 08:05:00+00:00,23034.69921875,23056.25,23021.69921875,23028.94921875,0
2026-03-24 08:10:00+00:00,23029.19921875,23057.099609375,23022.0,23037.5,0
2026-03-24 08:15:00+00:00,23037.599609375,23047.900390625,22962.900390625,22962.900390625,0
2026-03-24 08:20:00+00:00,22963.650390625,22992.55078125,22950.599609375,22972.69921875,0
2026-03-24 08:25:00+00:00,22972.650390625,22996.55078125,22971.30078125,22976.19921875,0
2026-03-24 08:30:00+00:00,22975.25,22993.75,22954.25,22970.69921875,0
2026-03-24 08:35:00+00:00,22970.650390625,22992.400390625,22957.150390625,22972.5,0
2026-03-24 08:40:00+00:00,22971.75,22995.75,22971.30078125,22992.349609375,0
2026-03-24 08:45:00+00:00,22993.19921875,23037.900390625,22980.05078125,22981.099609375,0
2026-03-24 08:50:00+00:00,22981.19921875,22996.44921875,22920.0,22956.75,0
2026-03-24 08:55:00+00:00,22955.099609375,22964.30078125,22932.349609375,22945.599609375,0
2026-03-24 09:00:00+00:00,22945.099609375,22959.400390625,22926.400390625,22948.05078125,0
2026-03-24 09:05:00+00:00,22948.150390625,22954.099609375,22893.30078125,22895.94921875,0
2026-03-24 09:10:00+00:00,22896.150390625,22931.94921875,22882.650390625,22909.650390625,0
2026-03-24 09:15:00+00:00,22909.25,22917.75,22901.599609375,22914.94921875,0
2026-03-24 09:20:00+00:00,22915.900390625,22916.150390625,22883.900390625,22891.849609375,0
2026-03-24 09:25:00+00:00,22893.349609375,22927.150390625,22889.650390625,22916.349609375,0
2026-03-24 09:30:00+00:00,22914.599609375,22923.44921875,22875.349609375,22909.05078125,0
2026-03-24 09:35:00+00:00,22910.099609375,22932.099609375,22894.150390625,22916.55078125,0
2026-03-24 09:40:00+00:00,22916.900390625,22922.849609375,22898.650390625,22898.650390625,0
2026-03-24 09:45:00+00:00,22901.150390625,22927.05078125,22881.30078125,22919.69921875,0
2026-03-24 09:50:00+00:00,22918.849609375,22932.599609375,22915.05078125,22931.349609375,0
2026-03-24 09:55:00+00:00,22931.80078125,22961.69921875,22931.30078125,22958.400390625,0
2026-03-25 03:45:00+00:00,23067.75,23172.400390625,23067.75,23162.599609375,0
2026-03-25 03:50:00+00:00,23162.19921875,23202.150390625,23161.900390625,23188.5,0
2026-03-25 03:55:00+00:00,23189.650390625,23220.099609375,23188.900390625,23215.099609375,0
2026-03-25 04:00:00+00:00,23214.650390625,23237.44921875,23207.80078125,23233.44921875,0
2026-03-25 04:05:00+00:00,23234.849609375,23239.55078125,23202.55078125,23215.900390625,0
2026-03-25 04:10:00+00:00,23216.30078125,23277.349609375,23204.650390625,23270.900390625,0
2026-03-25 04:15:00+00:00,23272.94921875,23286.05078125,23262.05078125,23270.0,0
2026-03-25 04:20:00+00:00,23271.400390625,23289.05078125,23262.75,23287.69921875,0
2026-03-25 04:25:00+00:00,23287.55078125,23298.099609375,23269.349609375,23286.05078125,0
2026-03-25 04:30:00+00:00,23287.400390625,23304.650390625,23276.94921875,23280.849609375,0
2026-03-25 04:35:00+00:00,23281.69921875,23291.94921875,23246.55078125,23290.150390625,0
2026-03-25 04:40:00+00:00,23290.349609375,23310.099609375,23284.94921875,23305.55078125,0
2026-03-25 04:45:00+00:00,23306.599609375,23317.69921875,23289.94921875,23295.5,0
2026-03-25 04:50:00+00:00,23295.44921875,23313.650390625,23283.349609375,23292.19921875,0
2026-03-25 04:55:00+00:00,23293.5,23317.55078125,23291.900390625,23314.55078125,0
2026-03-25 05:00:00+00:00,23313.69921875,23323.5,23299.94921875,23310.25,0
2026-03-25 05:05:00+00:00,23310.400390625,23319.19921875,23302.0,23314.94921875,0
2026-03-25 05:10:00+00:00,23313.05078125,23369.05078125,23312.80078125,23366.650390625,0
2026-03-25 05:15:00+00:00,23366.25,23373.05078125,23357.0,23360.55078125,0
2026-03-25 05:20:00+00:00,23359.30078125,23378.0,23354.349609375,23375.80078125,0
2026-03-25 05:25:00+00:00,23375.30078125,23376.25,23357.19921875,23367.44921875,0
2026-03-25 05:30:00+00:00,23366.0,23391.150390625,23366.0,23384.80078125,0
2026-03-25 05:35:00+00:00,23385.099609375,23430.599609375,23383.150390625,23419.349609375,0
2026-03-25 05:40:00+00:00,23418.349609375,23433.55078125,23415.19921875,23432.55078125,0
2026-03-25 05:45:00+00:00,23432.30078125,23434.25,23412.44921875,23417.849609375,0
2026-03-25 05:50:00+00:00,23417.75,23423.0,23388.44921875,23388.75,0
2026-03-25 05:55:00+00:00,23388.349609375,23398.650390625,23377.30078125,23388.400390625,0
2026-03-25 06:00:00+00:00,23391.5,23406.80078125,23380.0,23389.650390625,0
2026-03-25 06:05:00+00:00,23389.25,23394.25,23343.5,23359.099609375,0
2026-03-25 06:10:00+00:00,23358.900390625,23381.44921875,23355.650390625,23361.349609375,0
2026-03-25 06:15:00+00:00,23361.30078125,23402.69921875,23359.400390625,23390.099609375,0
2026-03-25 06:20:00+00:00,23391.849609375,23416.099609375,23389.30078125,23411.400390625,0
2026-03-25 06:25:00+00:00,23411.30078125,23416.349609375,23390.400390625,23399.349609375,0
2026-03-25 06:30:00+00:00,23399.400390625,23414.30078125,23394.5,23411.599609375,0
2026-03-25 06:35:00+00:00,23411.849609375,23422.44921875,23402.44921875,23411.75,0
2026-03-25 06:40:00+00:00,23411.25,23442.0,23408.25,23440.349609375,0
2026-03-25 06:45:00+00:00,23439.94921875,23447.599609375,23417.849609375,23441.400390625,0
2026-03-25 06:50:00+00:00,23441.75,23448.849609375,23433.400390625,23433.94921875,0
2026-03-25 06:55:00+00:00,23433.44921875,23436.30078125,23421.0,23429.25,0
2026-03-25 07:00:00+00:00,23429.0,23465.25,23416.55078125,23448.69921875,0
2026-03-25 07:05:00+00:00,23447.55078125,23458.099609375,23433.25,23435.55078125,0
2026-03-25 07:10:00+00:00,23434.5,23450.94921875,23430.900390625,23447.55078125,0
2026-03-25 07:15:00+00:00,23447.849609375,23452.25,23414.349609375,23418.650390625,0
2026-03-25 07:20:00+00:00,23419.44921875,23420.400390625,23389.80078125,23390.25,0
2026-03-25 07:25:00+00:00,23391.0,23400.849609375,23372.349609375,23375.349609375,0
2026-03-25 07:30:00+00:00,23374.849609375,23403.150390625,23369.69921875,23399.55078125,0
2026-03-25 07:35:00+00:00,23400.5,23420.5,23384.900390625,23392.30078125,0
2026-03-25 07:40:00+00:00,23393.75,23405.0,23390.0,23392.599609375,0
2026-03-25 07:45:00+00:00,23392.19921875,23411.650390625,23381.5,23381.5,0
2026-03-25 07:50:00+00:00,23381.0,23397.099609375,23371.55078125,23392.599609375,0
2026-03-25 07:55:00+00:00,23391.5,23424.30078125,23391.0,23412.94921875,0
2026-03-25 08:00:00+00:00,23414.150390625,23432.349609375,23388.099609375,23423.94921875,0
2026-03-25 08:05:00+00:00,23424.5,23439.25,23417.900390625,23429.5,0
2026-03-25 08:10:00+00:00,23429.900390625,23434.900390625,23420.30078125,23432.55078125,0
2026-03-25 08:15:00+00:00,23432.94921875,23451.30078125,23429.19921875,23444.900390625,0
2026-03-25 08:20:00+00:00,23445.75,23462.80078125,23423.19921875,23428.55078125,0
2026-03-25 08:25:00+00:00,23428.0,23437.099609375,23419.0,23430.19921875,0
2026-03-25 08:30:00+00:00,23430.349609375,23460.30078125,23429.19921875,23443.44921875,0
2026-03-25 08:35:00+00:00,23444.5,23447.900390625,23402.69921875,23406.30078125,0
2026-03-25 08:40:00+00:00,23406.69921875,23418.69921875,23387.44921875,23390.75,0
2026-03-25 08:45:00+00:00,23390.30078125,23403.94921875,23375.44921875,23375.75,0
2026-03-25 08:50:00+00:00,23375.80078125,23385.650390625,23316.80078125,23321.400390625,0
2026-03-25 08:55:00+00:00,23321.19921875,23340.849609375,23314.349609375,23337.25,0
2026-03-25 09:00:00+00:00,23337.349609375,23353.849609375,23304.5,23338.0,0
2026-03-25 09:05:00+00:00,23338.80078125,23348.55078125,23321.30078125,23337.599609375,0
2026-03-25 09:10:00+00:00,23337.44921875,23368.05078125,23336.69921875,23357.349609375,0
2026-03-25 09:15:00+00:00,23357.099609375,23367.650390625,23331.44921875,23344.69921875,0
2026-03-25 09:20:00+00:00,23345.099609375,23350.25,23319.099609375,23325.05078125,0
2026-03-25 09:25:00+00:00,23325.80078125,23335.25,23318.5,23334.849609375,0
2026-03-25 09:30:00+00:00,23332.5,23357.44921875,23284.099609375,23330.0,0
2026-03-25 09:35:00+00:00,23330.05078125,23330.05078125,23296.650390625,23321.650390625,0
2026-03-25 09:40:00+00:00,23321.599609375,23325.400390625,23299.44921875,23300.650390625,0
2026-03-25 09:45:00+00:00,23302.94921875,23311.400390625,23274.599609375,23274.599609375,0
2026-03-25 09:50:00+00:00,23277.849609375,23296.599609375,23273.94921875,23296.599609375,0
2026-03-25 09:55:00+00:00,23296.19921875,23309.0,23287.650390625,23309.0,0
2026-03-27 03:45:00+00:00,23173.55078125,23173.55078125,23029.849609375,23042.69921875,0
2026-03-27 03:50:00+00:00,23041.80078125,23101.150390625,23026.349609375,23074.849609375,0
2026-03-27 03:55:00+00:00,23075.099609375,23087.94921875,23054.55078125,23057.55078125,0
2026-03-27 04:00:00+00:00,23056.80078125,23063.849609375,23017.94921875,23018.599609375,0
2026-03-27 04:05:00+00:00,23018.349609375,23023.5,23001.599609375,23023.5,0
2026-03-27 04:10:00+00:00,23024.150390625,23055.75,23022.349609375,23052.900390625,0
2026-03-27 04:15:00+00:00,23053.55078125,23054.599609375,23024.849609375,23039.349609375,0
2026-03-27 04:20:00+00:00,23039.25,23040.099609375,23014.30078125,23014.94921875,0
2026-03-27 04:25:00+00:00,23015.349609375,23017.30078125,22979.44921875,22991.400390625,0
2026-03-27 04:30:00+00:00,22992.25,23034.94921875,22988.80078125,23024.599609375,0
2026-03-27 04:35:00+00:00,23024.849609375,23024.849609375,22998.349609375,23015.599609375,0
2026-03-27 04:40:00+00:00,23015.599609375,23015.599609375,22977.55078125,22979.849609375,0
2026-03-27 04:45:00+00:00,22980.5,22986.400390625,22972.5,22972.849609375,0
2026-03-27 04:50:00+00:00,22973.349609375,23011.25,22968.5,23007.650390625,0
2026-03-27 04:55:00+00:00,23007.900390625,23014.05078125,22991.349609375,23005.75,0
2026-03-27 05:00:00+00:00,23006.75,23038.650390625,23002.900390625,23009.599609375,0
2026-03-27 05:05:00+00:00,23009.400390625,23020.400390625,22996.19921875,23018.19921875,0
2026-03-27 05:10:00+00:00,23018.69921875,23018.69921875,22987.0,22988.5,0
2026-03-27 05:15:00+00:00,22989.150390625,22989.400390625,22973.0,22977.05078125,0
2026-03-27 05:20:00+00:00,22977.900390625,22979.650390625,22950.30078125,22952.94921875,0
2026-03-27 05:25:00+00:00,22952.099609375,22977.80078125,22949.75,22973.30078125,0
2026-03-27 05:30:00+00:00,22973.5,22997.69921875,22967.099609375,22978.900390625,0
2026-03-27 05:35:00+00:00,22979.150390625,22992.849609375,22972.69921875,22989.94921875,0
2026-03-27 05:40:00+00:00,22989.349609375,23001.150390625,22976.80078125,22991.0,0
2026-03-27 05:45:00+00:00,22990.44921875,22992.69921875,22956.25,22961.25,0
2026-03-27 05:50:00+00:00,22960.150390625,22964.0,22946.849609375,22947.75,0
2026-03-27 05:55:00+00:00,22947.349609375,22961.80078125,22928.05078125,22935.19921875,0
2026-03-27 06:00:00+00:00,22934.5,22952.150390625,22929.30078125,22938.599609375,0
2026-03-27 06:05:00+00:00,22938.94921875,22957.0,22934.80078125,22950.5,0
2026-03-27 06:10:00+00:00,22950.44921875,22957.30078125,22933.099609375,22950.599609375,0
2026-03-27 06:15:00+00:00,22950.55078125,22957.44921875,22943.44921875,22949.5,0
2026-03-27 06:20:00+00:00,22949.25,22961.80078125,22946.44921875,22958.05078125,0
2026-03-27 06:25:00+00:00,22958.30078125,22958.5,22938.80078125,22946.650390625,0
2026-03-27 06:30:00+00:00,22946.650390625,22946.650390625,22917.69921875,22937.849609375,0
2026-03-27 06:35:00+00:00,22936.849609375,22954.25,22932.400390625,22940.19921875,0
2026-03-27 06:40:00+00:00,22939.349609375,22940.0,22924.5,22934.150390625,0
2026-03-27 06:45:00+00:00,22934.349609375,22934.900390625,22907.05078125,22908.19921875,0
2026-03-27 06:50:00+00:00,22909.19921875,22933.19921875,22906.400390625,22932.900390625,0
2026-03-27 06:55:00+00:00,22932.30078125,22964.25,22924.05078125,22961.55078125,0
2026-03-27 07:00:00+00:00,22962.30078125,22963.80078125,22930.650390625,22958.25,0
2026-03-27 07:05:00+00:00,22958.0,22967.55078125,22950.650390625,22954.900390625,0
2026-03-27 07:10:00+00:00,22954.849609375,22965.55078125,22938.94921875,22965.55078125,0
2026-03-27 07:15:00+00:00,22964.69921875,22966.44921875,22944.400390625,22956.849609375,0
2026-03-27 07:20:00+00:00,22956.80078125,22973.19921875,22939.900390625,22956.099609375,0
2026-03-27 07:25:00+00:00,22956.349609375,22961.30078125,22942.19921875,22944.599609375,0
2026-03-27 07:30:00+00:00,22945.650390625,22952.599609375,22925.849609375,22926.650390625,0
2026-03-27 07:35:00+00:00,22926.599609375,22935.900390625,22925.30078125,22925.30078125,0
2026-03-27 07:40:00+00:00,22926.400390625,22944.849609375,22920.0,22943.150390625,0
2026-03-27 07:45:00+00:00,22943.650390625,22992.94921875,22939.69921875,22972.05078125,0
2026-03-27 07:50:00+00:00,22972.75,22972.75,22945.05078125,22961.650390625,0
2026-03-27 07:55:00+00:00,22960.30078125,22977.25,22935.75,22936.400390625,0
2026-03-27 08:00:00+00:00,22936.400390625,22937.19921875,22918.349609375,22922.55078125,0
2026-03-27 08:05:00+00:00,22922.599609375,22934.150390625,22909.30078125,22912.0,0
2026-03-27 08:10:00+00:00,22912.349609375,22949.150390625,22909.44921875,22930.94921875,0
2026-03-27 08:15:00+00:00,22930.30078125,22937.900390625,22920.75,22923.44921875,0
2026-03-27 08:20:00+00:00,22922.94921875,22945.30078125,22920.44921875,22928.900390625,0
2026-03-27 08:25:00+00:00,22928.55078125,22937.150390625,22912.75,22924.05078125,0
2026-03-27 08:30:00+00:00,22922.849609375,22930.599609375,22916.19921875,22919.75,0
2026-03-27 08:35:00+00:00,22919.900390625,22925.0,22896.5,22909.05078125,0
2026-03-27 08:40:00+00:00,22908.55078125,22915.05078125,22884.94921875,22911.69921875,0
2026-03-27 08:45:00+00:00,22911.05078125,22917.099609375,22893.75,22894.5,0
2026-03-27 08:50:00+00:00,22895.5,22905.349609375,22882.150390625,22889.0,0
2026-03-27 08:55:00+00:00,22888.55078125,22899.400390625,22872.25,22885.599609375,0
2026-03-27 09:00:00+00:00,22885.150390625,22886.94921875,22852.94921875,22858.099609375,0
2026-03-27 09:05:00+00:00,22856.69921875,22868.19921875,22832.19921875,22836.349609375,0
2026-03-27 09:10:00+00:00,22837.0,22867.400390625,22832.44921875,22852.900390625,0
2026-03-27 09:15:00+00:00,22852.599609375,22864.150390625,22848.099609375,22855.80078125,0
2026-03-27 09:20:00+00:00,22855.19921875,22869.19921875,22848.44921875,22855.69921875,0
2026-03-27 09:25:00+00:00,22856.44921875,22865.19921875,22840.400390625,22846.55078125,0
2026-03-27 09:30:00+00:00,22845.0,22845.0,22814.099609375,22832.19921875,0
2026-03-27 09:35:00+00:00,22831.30078125,22831.30078125,22812.94921875,22820.650390625,0
2026-03-27 09:40:00+00:00,22819.80078125,22833.25,22811.900390625,22815.19921875,0
2026-03-27 09:45:00+00:00,22814.400390625,22819.80078125,22806.05078125,22819.75,0
2026-03-27 09:50:00+00:00,22820.349609375,22821.30078125,22804.80078125,22815.44921875,0
2026-03-27 09:55:00+00:00,22815.849609375,22838.25,22807.75,22835.5,0
2026-03-30 03:45:00+00:00,22574.69921875,22609.80078125,22472.94921875,22522.44921875,0
2026-03-30 03:50:00+00:00,22521.19921875,22551.400390625,22500.099609375,22529.30078125,0
2026-03-30 03:55:00+00:00,22526.099609375,22590.400390625,22516.900390625,22580.75,0
2026-03-30 04:00:00+00:00,22581.400390625,22684.69921875,22576.75,22683.599609375,0
2026-03-30 04:05:00+00:00,22681.55078125,22713.30078125,22661.900390625,22677.400390625,0
2026-03-30 04:10:00+00:00,22675.80078125,22703.69921875,22652.650390625,22659.25,0
2026-03-30 04:15:00+00:00,22659.55078125,22690.0,22628.849609375,22630.44921875,0
2026-03-30 04:20:00+00:00,22630.19921875,22665.30078125,22617.19921875,22618.5,0
2026-03-30 04:25:00+00:00,22617.94921875,22629.80078125,22596.94921875,22615.30078125,0
2026-03-30 04:30:00+00:00,22614.69921875,22665.5,22604.69921875,22651.19921875,0
2026-03-30 04:35:00+00:00,22650.05078125,22650.05078125,22594.05078125,22601.599609375,0
2026-03-30 04:40:00+00:00,22600.19921875,22600.19921875,22556.599609375,22596.75,0
2026-03-30 04:45:00+00:00,22595.900390625,22603.94921875,22553.5,22556.30078125,0
2026-03-30 04:50:00+00:00,22555.30078125,22564.55078125,22537.650390625,22544.349609375,0
2026-03-30 04:55:00+00:00,22542.650390625,22564.0,22534.75,22534.75,0
2026-03-30 05:00:00+00:00,22535.44921875,22540.25,22519.19921875,22529.150390625,0
2026-03-30 05:05:00+00:00,22528.5,22549.5,22526.25,22538.30078125,0
2026-03-30 05:10:00+00:00,22538.849609375,22554.599609375,22512.25,22514.55078125,0
2026-03-30 05:15:00+00:00,22513.30078125,22535.05078125,22509.44921875,22527.349609375,0
2026-03-30 05:20:00+00:00,22528.0,22538.30078125,22491.400390625,22493.349609375,0
2026-03-30 05:25:00+00:00,22493.25,22524.19921875,22478.349609375,22490.19921875,0
2026-03-30 05:30:00+00:00,22489.599609375,22509.05078125,22483.650390625,22504.30078125,0
2026-03-30 05:35:00+00:00,22503.44921875,22509.30078125,22472.30078125,22472.30078125,0
2026-03-30 05:40:00+00:00,22471.44921875,22482.099609375,22454.0,22478.55078125,0
2026-03-30 05:45:00+00:00,22479.25,22483.5,22466.900390625,22481.30078125,0
2026-03-30 05:50:00+00:00,22480.349609375,22486.849609375,22467.5,22482.349609375,0
2026-03-30 05:55:00+00:00,22481.25,22488.25,22465.80078125,22468.19921875,0
2026-03-30 06:00:00+00:00,22468.099609375,22506.30078125,22457.349609375,22503.80078125,0
2026-03-30 06:05:00+00:00,22503.30078125,22535.80078125,22503.19921875,22516.25,0
2026-03-30 06:10:00+00:00,22515.05078125,22519.150390625,22484.75,22486.650390625,0
2026-03-30 06:15:00+00:00,22485.69921875,22485.69921875,22460.400390625,22464.55078125,0
2026-03-30 06:20:00+00:00,22465.05078125,22480.25,22453.150390625,22478.599609375,0
2026-03-30 06:25:00+00:00,22477.69921875,22489.849609375,22468.150390625,22484.0,0
2026-03-30 06:30:00+00:00,22483.150390625,22560.599609375,22480.30078125,22549.349609375,0
2026-03-30 06:35:00+00:00,22549.05078125,22594.5,22545.650390625,22558.30078125,0
2026-03-30 06:40:00+00:00,22557.55078125,22578.099609375,22553.80078125,22567.099609375,0
2026-03-30 06:45:00+00:00,22566.900390625,22577.44921875,22550.849609375,22555.30078125,0
2026-03-30 06:50:00+00:00,22555.349609375,22594.099609375,22531.05078125,22531.30078125,0
2026-03-30 06:55:00+00:00,22531.150390625,22534.599609375,22502.849609375,22519.150390625,0
2026-03-30 07:00:00+00:00,22519.849609375,22523.5,22508.0,22517.400390625,0
2026-03-30 07:05:00+00:00,22516.650390625,22569.44921875,22514.05078125,22565.599609375,0
2026-03-30 07:10:00+00:00,22564.650390625,22579.30078125,22555.80078125,22557.05078125,0
2026-03-30 07:15:00+00:00,22557.349609375,22560.69921875,22530.55078125,22530.55078125,0
2026-03-30 07:20:00+00:00,22530.099609375,22533.05078125,22484.05078125,22503.94921875,0
2026-03-30 07:25:00+00:00,22501.75,22506.69921875,22491.75,22505.80078125,0
2026-03-30 07:30:00+00:00,22506.099609375,22511.400390625,22486.150390625,22491.349609375,0
2026-03-30 07:35:00+00:00,22490.849609375,22504.900390625,22485.349609375,22495.80078125,0
2026-03-30 07:40:00+00:00,22495.30078125,22506.94921875,22481.44921875,22499.19921875,0
2026-03-30 07:45:00+00:00,22498.55078125,22516.349609375,22479.099609375,22484.94921875,0
2026-03-30 07:50:00+00:00,22485.30078125,22495.05078125,22482.19921875,22484.349609375,0
2026-03-30 07:55:00+00:00,22484.25,22486.400390625,22456.55078125,22476.44921875,0
2026-03-30 08:00:00+00:00,22476.19921875,22486.05078125,22464.05078125,22485.80078125,0
2026-03-30 08:05:00+00:00,22485.599609375,22502.099609375,22474.25,22493.650390625,0
2026-03-30 08:10:00+00:00,22494.349609375,22500.5,22454.849609375,22462.05078125,0
2026-03-30 08:15:00+00:00,22461.150390625,22468.150390625,22446.69921875,22448.0,0
2026-03-30 08:20:00+00:00,22445.55078125,22452.900390625,22420.5,22422.099609375,0
2026-03-30 08:25:00+00:00,22420.94921875,22441.599609375,22420.150390625,22428.80078125,0
2026-03-30 08:30:00+00:00,22428.099609375,22487.19921875,22423.75,22462.30078125,0
2026-03-30 08:35:00+00:00,22461.19921875,22475.849609375,22449.44921875,22449.44921875,0
2026-03-30 08:40:00+00:00,22449.05078125,22451.900390625,22419.150390625,22420.5,0
2026-03-30 08:45:00+00:00,22420.19921875,22425.349609375,22409.599609375,22411.55078125,0
2026-03-30 08:50:00+00:00,22412.349609375,22431.849609375,22383.44921875,22388.0,0
2026-03-30 08:55:00+00:00,22386.0,22394.400390625,22376.349609375,22378.05078125,0
2026-03-30 09:00:00+00:00,22376.55078125,22410.599609375,22360.650390625,22362.5,0
2026-03-30 09:05:00+00:00,22361.400390625,22378.5,22352.19921875,22362.900390625,0
2026-03-30 09:10:00+00:00,22363.44921875,22383.900390625,22358.69921875,22366.80078125,0
2026-03-30 09:15:00+00:00,22365.599609375,22383.400390625,22341.0,22362.0,0
2026-03-30 09:20:00+00:00,22361.349609375,22376.900390625,22344.69921875,22348.5,0
2026-03-30 09:25:00+00:00,22347.69921875,22357.80078125,22338.30078125,22349.94921875,0
2026-03-30 09:30:00+00:00,22348.5,22348.5,22285.55078125,22291.19921875,0
2026-03-30 09:35:00+00:00,22291.19921875,22307.69921875,22289.099609375,22299.400390625,0
2026-03-30 09:40:00+00:00,22297.099609375,22342.0,22295.44921875,22335.599609375,0
2026-03-30 09:45:00+00:00,22335.44921875,22356.55078125,22325.150390625,22341.80078125,0
2026-03-30 09:50:00+00:00,22342.30078125,22381.25,22341.849609375,22377.44921875,0
2026-03-30 09:55:00+00:00,22376.0,22391.0,22359.150390625,22379.19921875,0
2026-04-01 03:45:00+00:00,22878.900390625,22894.69921875,22811.400390625,22887.0,0
2026-04-01 03:50:00+00:00,22888.599609375,22902.400390625,22872.55078125,22899.55078125,0
2026-04-01 03:55:00+00:00,22900.0,22930.150390625,22898.25,22929.75,0
2026-04-01 04:00:00+00:00,22928.55078125,22936.900390625,22845.44921875,22854.5,0
2026-04-01 04:05:00+00:00,22853.25,22854.0,22824.150390625,22828.099609375,0
2026-04-01 04:10:00+00:00,22828.5,22873.69921875,22827.400390625,22854.94921875,0
2026-04-01 04:15:00+00:00,22851.44921875,22898.099609375,22848.5,22897.55078125,0
2026-04-01 04:20:00+00:00,22897.75,22932.099609375,22896.19921875,22915.150390625,0
2026-04-01 04:25:00+00:00,22914.94921875,22919.099609375,22885.0,22893.150390625,0
2026-04-01 04:30:00+00:00,22892.900390625,22941.0,22890.44921875,22927.150390625,0
2026-04-01 04:35:00+00:00,22927.55078125,22932.0,22905.099609375,22906.80078125,0
2026-04-01 04:40:00+00:00,22907.44921875,22907.44921875,22862.55078125,22868.849609375,0
2026-04-01 04:45:00+00:00,22867.900390625,22878.849609375,22857.400390625,22871.150390625,0
2026-04-01 04:50:00+00:00,22871.69921875,22879.44921875,22822.05078125,22828.349609375,0
2026-04-01 04:55:00+00:00,22827.849609375,22828.150390625,22772.099609375,22796.5,0
2026-04-01 05:00:00+00:00,22797.099609375,22816.30078125,22778.349609375,22796.0,0
2026-04-01 05:05:00+00:00,22796.400390625,22816.400390625,22796.150390625,22813.80078125,0
2026-04-01 05:10:00+00:00,22813.150390625,22815.0,22787.349609375,22807.5,0
2026-04-01 05:15:00+00:00,22808.599609375,22820.25,22791.900390625,22797.150390625,0
2026-04-01 05:20:00+00:00,22797.599609375,22802.05078125,22783.44921875,22789.849609375,0
2026-04-01 05:25:00+00:00,22791.5,22791.5,22769.69921875,22770.75,0
2026-04-01 05:30:00+00:00,22771.349609375,22771.349609375,22744.5,22749.099609375,0
2026-04-01 05:35:00+00:00,22748.69921875,22786.0,22738.599609375,22770.55078125,0
2026-04-01 05:40:00+00:00,22771.19921875,22791.650390625,22758.099609375,22763.75,0
2026-04-01 05:45:00+00:00,22763.55078125,22767.55078125,22747.69921875,22767.19921875,0
2026-04-01 05:50:00+00:00,22766.80078125,22782.80078125,22764.900390625,22781.650390625,0
2026-04-01 05:55:00+00:00,22781.5,22800.650390625,22781.5,22790.099609375,0
2026-04-01 06:00:00+00:00,22788.849609375,22811.650390625,22786.44921875,22798.5,0
2026-04-01 06:05:00+00:00,22797.650390625,22814.349609375,22788.849609375,22813.44921875,0
2026-04-01 06:10:00+00:00,22813.5,22822.650390625,22798.19921875,22799.150390625,0
2026-04-01 06:15:00+00:00,22797.650390625,22798.650390625,22743.650390625,22754.099609375,0
2026-04-01 06:20:00+00:00,22751.94921875,22765.0,22742.599609375,22745.599609375,0
2026-04-01 06:25:00+00:00,22743.19921875,22778.150390625,22736.94921875,22775.900390625,0
2026-04-01 06:30:00+00:00,22774.099609375,22841.150390625,22774.099609375,22838.75,0
2026-04-01 06:35:00+00:00,22834.55078125,22842.400390625,22827.0,22839.150390625,0
2026-04-01 06:40:00+00:00,22837.80078125,22864.599609375,22828.150390625,22859.30078125,0
2026-04-01 06:45:00+00:00,22857.75,22864.19921875,22834.69921875,22837.75,0
2026-04-01 06:50:00+00:00,22836.30078125,22841.94921875,22825.55078125,22831.400390625,0
2026-04-01 06:55:00+00:00,22829.55078125,22836.94921875,22817.849609375,22832.80078125,0
2026-04-01 07:00:00+00:00,22831.0,22847.400390625,22824.25,22829.5,0
2026-04-01 07:05:00+00:00,22827.94921875,22842.69921875,22816.55078125,22842.5,0
2026-04-01 07:10:00+00:00,22841.55078125,22856.349609375,22829.55078125,22834.599609375,0
2026-04-01 07:15:00+00:00,22834.94921875,22881.099609375,22833.849609375,22868.650390625,0
2026-04-01 07:20:00+00:00,22868.44921875,22875.55078125,22860.400390625,22873.55078125,0
2026-04-01 07:25:00+00:00,22873.05078125,22874.349609375,22855.69921875,22862.05078125,0
2026-04-01 07:30:00+00:00,22862.099609375,22873.599609375,22855.5,22864.599609375,0
2026-04-01 07:35:00+00:00,22864.900390625,22878.55078125,22862.099609375,22869.150390625,0
2026-04-01 07:40:00+00:00,22868.94921875,22883.400390625,22842.69921875,22883.30078125,0
2026-04-01 07:45:00+00:00,22883.19921875,22897.94921875,22839.849609375,22843.0,0
2026-04-01 07:50:00+00:00,22843.0,22843.5,22805.599609375,22810.599609375,0
2026-04-01 07:55:00+00:00,22810.55078125,22812.44921875,22795.0,22807.94921875,0
2026-04-01 08:00:00+00:00,22808.349609375,22808.349609375,22760.099609375,22776.75,0
2026-04-01 08:05:00+00:00,22776.25,22776.349609375,22748.5,22764.75,0
2026-04-01 08:10:00+00:00,22763.900390625,22763.900390625,22649.75,22675.150390625,0
2026-04-01 08:15:00+00:00,22674.849609375,22720.5,22658.69921875,22703.19921875,0
2026-04-01 08:20:00+00:00,22702.44921875,22708.599609375,22691.5,22697.94921875,0
2026-04-01 08:25:00+00:00,22697.55078125,22725.900390625,22690.5,22703.650390625,0
2026-04-01 08:30:00+00:00,22703.75,22730.5,22688.19921875,22720.80078125,0
2026-04-01 08:35:00+00:00,22720.650390625,22739.849609375,22715.44921875,22737.25,0
2026-04-01 08:40:00+00:00,22739.0,22756.599609375,22727.900390625,22753.0,0
2026-04-01 08:45:00+00:00,22754.349609375,22756.80078125,22723.75,22742.05078125,0
2026-04-01 08:50:00+00:00,22741.349609375,22743.099609375,22709.94921875,22723.400390625,0
2026-04-01 08:55:00+00:00,22723.150390625,22736.0,22717.0,22733.400390625,0
2026-04-01 09:00:00+00:00,22734.55078125,22734.900390625,22704.44921875,22709.150390625,0
2026-04-01 09:05:00+00:00,22708.25,22709.349609375,22665.19921875,22667.75,0
2026-04-01 09:10:00+00:00,22666.19921875,22678.55078125,22641.400390625,22662.650390625,0
2026-04-01 09:15:00+00:00,22660.599609375,22662.5,22619.05078125,22641.19921875,0
2026-04-01 09:20:00+00:00,22640.900390625,22666.75,22629.80078125,22657.19921875,0
2026-04-01 09:25:00+00:00,22656.80078125,22685.349609375,22644.849609375,22647.80078125,0
2026-04-01 09:30:00+00:00,22651.25,22692.55078125,22651.25,22676.75,0
2026-04-01 09:35:00+00:00,22676.94921875,22684.400390625,22669.900390625,22682.099609375,0
2026-04-01 09:40:00+00:00,22682.75,22691.30078125,22670.05078125,22671.650390625,0
2026-04-01 09:45:00+00:00,22671.099609375,22688.5,22668.599609375,22681.099609375,0
2026-04-01 09:50:00+00:00,22681.25,22683.900390625,22672.94921875,22683.5,0
2026-04-01 09:55:00+00:00,22683.55078125,22706.30078125,22674.599609375,22703.150390625,0
2026-04-02 03:45:00+00:00,22383.400390625,22383.400390625,22209.5,22228.0,0
2026-04-02 03:50:00+00:00,22226.349609375,22255.94921875,22215.599609375,22252.150390625,0
2026-04-02 03:55:00+00:00,22251.44921875,22261.599609375,22236.349609375,22245.55078125,0
2026-04-02 04:00:00+00:00,22244.44921875,22268.75,22239.44921875,22255.400390625,0
2026-04-02 04:05:00+00:00,22255.400390625,22290.75,22244.0,22251.44921875,0
2026-04-02 04:10:00+00:00,22249.900390625,22278.099609375,22244.0,22262.55078125,0
2026-04-02 04:15:00+00:00,22264.44921875,22273.19921875,22227.349609375,22235.650390625,0
2026-04-02 04:20:00+00:00,22235.69921875,22241.69921875,22212.69921875,22221.150390625,0
2026-04-02 04:25:00+00:00,22220.80078125,22227.55078125,22205.849609375,22206.5,0
2026-04-02 04:30:00+00:00,22206.80078125,22229.80078125,22190.44921875,22215.099609375,0
2026-04-02 04:35:00+00:00,22216.099609375,22216.099609375,22184.69921875,22186.400390625,0
2026-04-02 04:40:00+00:00,22186.349609375,22236.650390625,22183.30078125,22234.349609375,0
2026-04-02 04:45:00+00:00,22234.5,22234.5,22190.650390625,22205.349609375,0
2026-04-02 04:50:00+00:00,22206.55078125,22226.5,22189.44921875,22191.30078125,0
2026-04-02 04:55:00+00:00,22189.75,22221.400390625,22188.94921875,22217.650390625,0
2026-04-02 05:00:00+00:00,22216.849609375,22229.0,22208.5,22214.0,0
2026-04-02 05:05:00+00:00,22213.400390625,22224.349609375,22206.80078125,22221.349609375,0
2026-04-02 05:10:00+00:00,22219.94921875,22236.19921875,22215.099609375,22221.400390625,0
2026-04-02 05:15:00+00:00,22221.19921875,22225.099609375,22189.44921875,22206.349609375,0
2026-04-02 05:20:00+00:00,22204.849609375,22237.44921875,22199.25,22226.599609375,0
2026-04-02 05:25:00+00:00,22225.599609375,22249.5,22220.30078125,22243.69921875,0
2026-04-02 05:30:00+00:00,22242.94921875,22250.19921875,22230.30078125,22234.849609375,0
2026-04-02 05:35:00+00:00,22236.30078125,22243.349609375,22222.400390625,22235.69921875,0
2026-04-02 05:40:00+00:00,22233.400390625,22235.05078125,22217.94921875,22227.650390625,0
2026-04-02 05:45:00+00:00,22225.849609375,22230.80078125,22206.05078125,22217.650390625,0
2026-04-02 05:50:00+00:00,22216.599609375,22220.55078125,22206.25,22212.0,0
2026-04-02 05:55:00+00:00,22209.0,22222.75,22202.75,22207.599609375,0
2026-04-02 06:00:00+00:00,22206.5,22224.099609375,22203.69921875,22219.80078125,0
2026-04-02 06:05:00+00:00,22218.900390625,22239.19921875,22218.30078125,22234.400390625,0
2026-04-02 06:10:00+00:00,22234.75,22237.25,22221.400390625,22225.5,0
2026-04-02 06:15:00+00:00,22223.150390625,22251.05078125,22223.099609375,22242.0,0
2026-04-02 06:20:00+00:00,22243.44921875,22256.75,22241.650390625,22245.19921875,0
2026-04-02 06:25:00+00:00,22247.400390625,22300.599609375,22243.599609375,22277.19921875,0
2026-04-02 06:30:00+00:00,22277.55078125,22288.75,22260.400390625,22271.25,0
2026-04-02 06:35:00+00:00,22269.5,22270.19921875,22244.55078125,22262.400390625,0
2026-04-02 06:40:00+00:00,22264.30078125,22277.400390625,22259.05078125,22267.0,0
2026-04-02 06:45:00+00:00,22267.849609375,22272.44921875,22256.900390625,22261.650390625,0
2026-04-02 06:50:00+00:00,22261.44921875,22266.19921875,22231.25,22261.650390625,0
2026-04-02 06:55:00+00:00,22258.900390625,22295.0,22255.69921875,22295.0,0
2026-04-02 07:00:00+00:00,22294.5,22319.44921875,22285.150390625,22316.55078125,0
2026-04-02 07:05:00+00:00,22316.44921875,22360.75,22307.69921875,22348.599609375,0
2026-04-02 07:10:00+00:00,22349.30078125,22368.099609375,22334.30078125,22361.849609375,0
2026-04-02 07:15:00+00:00,22363.05078125,22367.05078125,22336.650390625,22350.900390625,0
2026-04-02 07:20:00+00:00,22351.150390625,22362.94921875,22323.55078125,22324.650390625,0
2026-04-02 07:25:00+00:00,22326.25,22371.69921875,22325.19921875,22364.80078125,0
2026-04-02 07:30:00+00:00,22365.30078125,22405.19921875,22364.849609375,22373.349609375,0
2026-04-02 07:35:00+00:00,22372.900390625,22378.75,22330.900390625,22376.80078125,0
2026-04-02 07:40:00+00:00,22376.80078125,22376.900390625,22355.349609375,22369.849609375,0
2026-04-02 07:45:00+00:00,22368.5,22394.650390625,22360.30078125,22389.099609375,0
2026-04-02 07:50:00+00:00,22388.44921875,22439.650390625,22385.650390625,22439.650390625,0
2026-04-02 07:55:00+00:00,22439.75,22488.25,22421.05078125,22488.25,0
2026-04-02 08:00:00+00:00,22488.44921875,22502.400390625,22458.0,22491.80078125,0
2026-04-02 08:05:00+00:00,22491.0,22522.650390625,22465.150390625,22517.80078125,0
2026-04-02 08:10:00+00:00,22519.150390625,22543.30078125,22513.400390625,22535.650390625,0
2026-04-02 08:15:00+00:00,22537.80078125,22560.099609375,22524.5,22533.80078125,0
2026-04-02 08:20:00+00:00,22533.55078125,22560.19921875,22519.099609375,22532.05078125,0
2026-04-02 08:25:00+00:00,22530.150390625,22538.44921875,22493.80078125,22530.349609375,0
2026-04-02 08:30:00+00:00,22529.44921875,22561.55078125,22519.849609375,22560.0,0
2026-04-02 08:35:00+00:00,22558.900390625,22571.80078125,22537.30078125,22567.94921875,0
2026-04-02 08:40:00+00:00,22566.69921875,22628.25,22566.400390625,22627.25,0
2026-04-02 08:45:00+00:00,22625.849609375,22672.599609375,22618.400390625,22651.94921875,0
2026-04-02 08:50:00+00:00,22651.55078125,22675.25,22637.75,22673.849609375,0
2026-04-02 08:55:00+00:00,22672.55078125,22684.30078125,22645.849609375,22665.650390625,0
2026-04-02 09:00:00+00:00,22665.55078125,22706.0,22656.599609375,22689.150390625,0
2026-04-02 09:05:00+00:00,22690.349609375,22694.5,22620.94921875,22629.150390625,0
2026-04-02 09:10:00+00:00,22630.849609375,22639.599609375,22572.849609375,22584.599609375,0
2026-04-02 09:15:00+00:00,22584.400390625,22634.94921875,22569.150390625,22615.5,0
2026-04-02 09:20:00+00:00,22614.900390625,22663.599609375,22609.900390625,22659.55078125,0
2026-04-02 09:25:00+00:00,22659.099609375,22667.150390625,22641.650390625,22656.80078125,0
2026-04-02 09:30:00+00:00,22658.30078125,22697.349609375,22650.80078125,22688.75,0
2026-04-02 09:35:00+00:00,22689.849609375,22747.05078125,22686.94921875,22746.650390625,0
2026-04-02 09:40:00+00:00,22747.900390625,22761.44921875,22733.5,22760.400390625,0
2026-04-02 09:45:00+00:00,22761.94921875,22781.94921875,22715.599609375,22718.150390625,0
2026-04-02 09:50:00+00:00,22717.650390625,22724.349609375,22673.599609375,22689.150390625,0
2026-04-02 09:55:00+00:00,22690.44921875,22711.5,22678.5,22700.25,0
2026-04-06 03:45:00+00:00,22785.849609375,22785.849609375,22592.30078125,22666.05078125,0
2026-04-06 03:50:00+00:00,22671.30078125,22714.349609375,22646.69921875,22653.55078125,0
2026-04-06 03:55:00+00:00,22657.25,22661.94921875,22602.19921875,22609.05078125,0
2026-04-06 04:00:00+00:00,22604.849609375,22684.849609375,22596.5,22681.05078125,0
2026-04-06 04:05:00+00:00,22681.69921875,22746.900390625,22678.19921875,22704.349609375,0
2026-04-06 04:10:00+00:00,22704.849609375,22714.349609375,22602.19921875,22620.19921875,0
2026-04-06 04:15:00+00:00,22620.19921875,22636.349609375,22589.900390625,22589.900390625,0
2026-04-06 04:20:00+00:00,22591.099609375,22603.25,22569.0,22573.0,0
2026-04-06 04:25:00+00:00,22571.099609375,22586.55078125,22568.400390625,22569.30078125,0
2026-04-06 04:30:00+00:00,22569.099609375,22591.599609375,22562.849609375,22589.599609375,0
2026-04-06 04:35:00+00:00,22590.44921875,22632.05078125,22586.0,22614.94921875,0
2026-04-06 04:40:00+00:00,22615.849609375,22656.80078125,22597.25,22654.849609375,0
2026-04-06 04:45:00+00:00,22659.80078125,22679.69921875,22613.30078125,22638.599609375,0
2026-04-06 04:50:00+00:00,22639.5,22662.80078125,22637.0,22640.55078125,0
2026-04-06 04:55:00+00:00,22638.349609375,22645.0,22591.30078125,22634.44921875,0
2026-04-06 05:00:00+00:00,22634.05078125,22640.400390625,22598.849609375,22636.80078125,0
2026-04-06 05:05:00+00:00,22637.69921875,22661.849609375,22634.44921875,22661.0,0
2026-04-06 05:10:00+00:00,22661.69921875,22662.650390625,22627.30078125,22653.5,0
2026-04-06 05:15:00+00:00,22653.94921875,22663.25,22641.150390625,22657.0,0
2026-04-06 05:20:00+00:00,22657.30078125,22669.19921875,22610.25,22617.400390625,0
2026-04-06 05:25:00+00:00,22618.69921875,22651.30078125,22609.599609375,22635.849609375,0
2026-04-06 05:30:00+00:00,22635.599609375,22635.80078125,22587.849609375,22590.05078125,0
2026-04-06 05:35:00+00:00,22590.30078125,22603.30078125,22577.400390625,22588.55078125,0
2026-04-06 05:40:00+00:00,22587.400390625,22587.400390625,22543.400390625,22567.80078125,0
2026-04-06 05:45:00+00:00,22567.44921875,22611.94921875,22558.650390625,22611.94921875,0
2026-04-06 05:50:00+00:00,22611.349609375,22635.650390625,22597.099609375,22613.94921875,0
2026-04-06 05:55:00+00:00,22615.05078125,22629.55078125,22596.75,22629.30078125,0
2026-04-06 06:00:00+00:00,22629.150390625,22633.099609375,22595.900390625,22610.05078125,0
2026-04-06 06:05:00+00:00,22610.19921875,22647.94921875,22606.19921875,22618.849609375,0
2026-04-06 06:10:00+00:00,22619.599609375,22650.599609375,22604.900390625,22644.400390625,0
2026-04-06 06:15:00+00:00,22644.30078125,22663.30078125,22634.55078125,22645.69921875,0
2026-04-06 06:20:00+00:00,22646.19921875,22675.25,22644.80078125,22668.19921875,0
2026-04-06 06:25:00+00:00,22669.0,22707.80078125,22665.69921875,22676.400390625,0
2026-04-06 06:30:00+00:00,22678.05078125,22684.80078125,22663.75,22667.849609375,0
2026-04-06 06:35:00+00:00,22667.94921875,22691.94921875,22664.75,22673.599609375,0
2026-04-06 06:40:00+00:00,22673.0,22680.75,22659.400390625,22659.599609375,0
2026-04-06 06:45:00+00:00,22660.349609375,22672.44921875,22653.099609375,22660.19921875,0
2026-04-06 06:50:00+00:00,22661.69921875,22731.099609375,22659.25,22700.80078125,0
2026-04-06 06:55:00+00:00,22702.0,22727.94921875,22699.25,22713.400390625,0
2026-04-06 07:00:00+00:00,22713.55078125,22714.900390625,22648.349609375,22650.099609375,0
2026-04-06 07:05:00+00:00,22649.400390625,22682.599609375,22644.44921875,22667.69921875,0
2026-04-06 07:10:00+00:00,22667.94921875,22684.80078125,22652.650390625,22675.650390625,0
2026-04-06 07:15:00+00:00,22676.19921875,22757.0,22675.44921875,22757.0,0
2026-04-06 07:20:00+00:00,22757.0,22785.30078125,22746.55078125,22775.25,0
2026-04-06 07:25:00+00:00,22776.150390625,22803.69921875,22774.30078125,22802.44921875,0
2026-04-06 07:30:00+00:00,22804.099609375,22814.30078125,22758.44921875,22767.400390625,0
2026-04-06 07:35:00+00:00,22769.05078125,22806.94921875,22768.400390625,22806.0,0
2026-04-06 07:40:00+00:00,22807.25,22864.849609375,22806.19921875,22860.69921875,0
2026-04-06 07:45:00+00:00,22861.30078125,22875.5,22844.849609375,22864.19921875,0
2026-04-06 07:50:00+00:00,22864.400390625,22898.650390625,22863.150390625,22878.400390625,0
2026-04-06 07:55:00+00:00,22878.5,22881.150390625,22843.849609375,22860.19921875,0
2026-04-06 08:00:00+00:00,22863.650390625,22893.599609375,22862.94921875,22884.849609375,0
2026-04-06 08:05:00+00:00,22885.69921875,22900.55078125,22863.400390625,22863.400390625,0
2026-04-06 08:10:00+00:00,22863.44921875,22877.75,22843.5,22850.900390625,0
2026-04-06 08:15:00+00:00,22852.69921875,22874.349609375,22843.80078125,22843.80078125,0
2026-04-06 08:20:00+00:00,22845.80078125,22886.75,22843.400390625,22882.69921875,0
2026-04-06 08:25:00+00:00,22883.0,22887.400390625,22859.599609375,22862.80078125,0
2026-04-06 08:30:00+00:00,22862.44921875,22898.69921875,22861.75,22890.55078125,0
2026-04-06 08:35:00+00:00,22890.69921875,22898.650390625,22865.94921875,22866.05078125,0
2026-04-06 08:40:00+00:00,22866.900390625,22913.349609375,22865.94921875,22911.400390625,0
2026-04-06 08:45:00+00:00,22911.650390625,22928.75,22897.650390625,22914.94921875,0
2026-04-06 08:50:00+00:00,22916.150390625,22928.5,22907.25,22907.25,0
2026-04-06 08:55:00+00:00,22908.0,22913.30078125,22881.400390625,22895.44921875,0
2026-04-06 09:00:00+00:00,22896.650390625,22925.849609375,22895.900390625,22922.25,0
2026-04-06 09:05:00+00:00,22923.099609375,22939.94921875,22902.650390625,22918.0,0
2026-04-06 09:10:00+00:00,22918.650390625,22928.5,22904.150390625,22913.80078125,0
2026-04-06 09:15:00+00:00,22914.30078125,22928.650390625,22911.55078125,22922.0,0
2026-04-06 09:20:00+00:00,22924.19921875,22929.25,22905.30078125,22911.150390625,0
2026-04-06 09:25:00+00:00,22910.599609375,22930.30078125,22886.30078125,22917.150390625,0
2026-04-06 09:30:00+00:00,22917.05078125,22968.25,22912.44921875,22959.650390625,0
2026-04-06 09:35:00+00:00,22960.19921875,22977.30078125,22959.75,22975.349609375,0
2026-04-06 09:40:00+00:00,22974.650390625,22997.650390625,22965.349609375,22989.349609375,0
2026-04-06 09:45:00+00:00,22990.30078125,22991.19921875,22967.05078125,22970.900390625,0
2026-04-06 09:50:00+00:00,22970.849609375,22972.94921875,22957.94921875,22969.849609375,0
2026-04-06 09:55:00+00:00,22969.900390625,22972.19921875,22954.19921875,22959.44921875,0
2026-04-07 03:45:00+00:00,22834.80078125,22834.80078125,22720.44921875,22773.05078125,0
2026-04-07 03:50:00+00:00,22773.75,22825.80078125,22758.75,22802.150390625,0
2026-04-07 03:55:00+00:00,22804.650390625,22892.599609375,22801.30078125,22889.849609375,0
2026-04-07 04:00:00+00:00,22891.44921875,22900.650390625,22856.75,22858.349609375,0
2026-04-07 04:05:00+00:00,22860.19921875,22880.349609375,22837.650390625,22851.25,0
2026-04-07 04:10:00+00:00,22854.900390625,22868.5,22793.0,22801.80078125,0
2026-04-07 04:15:00+00:00,22803.25,22863.0,22803.25,22818.25,0
2026-04-07 04:20:00+00:00,22819.69921875,22853.849609375,22811.25,22841.400390625,0
2026-04-07 04:25:00+00:00,22843.94921875,22892.650390625,22842.44921875,22886.150390625,0
2026-04-07 04:30:00+00:00,22889.349609375,22923.19921875,22879.30078125,22913.900390625,0
2026-04-07 04:35:00+00:00,22914.44921875,22928.349609375,22893.75,22897.5,0
2026-04-07 04:40:00+00:00,22899.5,22923.55078125,22887.0,22920.0,0
2026-04-07 04:45:00+00:00,22921.80078125,22950.75,22917.44921875,22943.19921875,0
2026-04-07 04:50:00+00:00,22945.75,22966.400390625,22915.849609375,22926.44921875,0
2026-04-07 04:55:00+00:00,22928.80078125,22945.69921875,22922.80078125,22943.650390625,0
2026-04-07 05:00:00+00:00,22944.5,22947.900390625,22910.44921875,22913.69921875,0
2026-04-07 05:05:00+00:00,22915.900390625,22929.94921875,22887.599609375,22928.75,0
2026-04-07 05:10:00+00:00,22930.650390625,22965.25,22928.19921875,22958.849609375,0
2026-04-07 05:15:00+00:00,22960.30078125,22960.94921875,22924.0,22931.75,0
2026-04-07 05:20:00+00:00,22933.19921875,22933.5,22862.400390625,22879.19921875,0
2026-04-07 05:25:00+00:00,22881.099609375,22904.05078125,22834.650390625,22843.94921875,0
2026-04-07 05:30:00+00:00,22845.099609375,22864.349609375,22827.75,22850.55078125,0
2026-04-07 05:35:00+00:00,22853.849609375,22886.69921875,22844.80078125,22864.94921875,0
2026-04-07 05:40:00+00:00,22867.599609375,22878.94921875,22848.400390625,22862.5,0
2026-04-07 05:45:00+00:00,22866.05078125,22903.150390625,22852.150390625,22893.69921875,0
2026-04-07 05:50:00+00:00,22895.0,22928.19921875,22887.5,22927.5,0
2026-04-07 05:55:00+00:00,22928.80078125,22947.0,22920.94921875,22943.599609375,0
2026-04-07 06:00:00+00:00,22943.5,22946.400390625,22933.099609375,22943.94921875,0
2026-04-07 06:05:00+00:00,22944.5,22960.25,22927.599609375,22944.25,0
2026-04-07 06:10:00+00:00,22945.05078125,22945.05078125,22912.349609375,22921.25,0
2026-04-07 06:15:00+00:00,22922.400390625,22928.0,22903.80078125,22917.099609375,0
2026-04-07 06:20:00+00:00,22918.69921875,22943.099609375,22917.099609375,22942.94921875,0
2026-04-07 06:25:00+00:00,22944.349609375,22991.55078125,22943.44921875,22986.849609375,0
2026-04-07 06:30:00+00:00,22944.80078125,22945.25,22944.099609375,22944.400390625,0
2026-04-07 06:35:00+00:00,22945.849609375,22950.30078125,22926.0,22949.05078125,0
2026-04-07 06:40:00+00:00,22950.5,22950.5,22906.25,22942.55078125,0
2026-04-07 06:45:00+00:00,22939.94921875,22947.25,22922.5,22929.94921875,0
2026-04-07 06:50:00+00:00,22931.849609375,22932.650390625,22905.69921875,22912.75,0
2026-04-07 06:55:00+00:00,22914.94921875,22929.30078125,22909.44921875,22924.75,0
2026-04-07 07:00:00+00:00,22926.19921875,22945.349609375,22920.30078125,22934.849609375,0
2026-04-07 07:05:00+00:00,22937.55078125,22946.30078125,22924.44921875,22946.30078125,0
2026-04-07 07:10:00+00:00,22947.19921875,22951.900390625,22933.099609375,22946.05078125,0
2026-04-07 07:15:00+00:00,22947.19921875,22948.849609375,22931.5,22942.80078125,0
2026-04-07 07:20:00+00:00,22944.80078125,22952.05078125,22925.25,22939.849609375,0
2026-04-07 07:25:00+00:00,22940.5,22944.599609375,22912.5,22915.900390625,0
2026-04-07 07:30:00+00:00,22917.400390625,22942.19921875,22907.849609375,22937.69921875,0
2026-04-07 07:35:00+00:00,22939.69921875,22939.69921875,22911.349609375,22912.75,0
2026-04-07 07:40:00+00:00,22914.099609375,22956.05078125,22906.150390625,22938.849609375,0
2026-04-07 07:45:00+00:00,22941.650390625,22970.69921875,22940.5,22967.30078125,0
2026-04-07 07:50:00+00:00,22969.30078125,22969.30078125,22948.55078125,22954.25,0
2026-04-07 07:55:00+00:00,22954.75,22961.099609375,22933.75,22959.94921875,0
2026-04-07 08:00:00+00:00,22961.900390625,23042.75,22961.80078125,23012.80078125,0
2026-04-07 08:05:00+00:00,23014.150390625,23033.099609375,23003.150390625,23030.19921875,0
2026-04-07 08:10:00+00:00,23031.099609375,23062.349609375,23016.55078125,23056.05078125,0
2026-04-07 08:15:00+00:00,23057.5,23063.349609375,23017.75,23020.75,0
2026-04-07 08:20:00+00:00,23022.19921875,23044.099609375,22995.05078125,23026.94921875,0
2026-04-07 08:25:00+00:00,23029.0,23032.69921875,22960.05078125,22977.69921875,0
2026-04-07 08:30:00+00:00,22979.900390625,23020.55078125,22974.099609375,23013.55078125,0
2026-04-07 08:35:00+00:00,23016.400390625,23022.650390625,22993.900390625,23015.55078125,0
2026-04-07 08:40:00+00:00,23016.150390625,23018.349609375,22986.05078125,23011.94921875,0
2026-04-07 08:45:00+00:00,23014.55078125,23026.150390625,22994.80078125,22996.599609375,0
2026-04-07 08:50:00+00:00,22998.900390625,23011.80078125,22982.150390625,23004.80078125,0
2026-04-07 08:55:00+00:00,23005.94921875,23025.400390625,22999.05078125,23014.099609375,0
2026-04-07 09:00:00+00:00,23015.0,23049.94921875,23012.94921875,23034.19921875,0
2026-04-07 09:05:00+00:00,23036.05078125,23036.44921875,22989.44921875,23001.30078125,0
2026-04-07 09:10:00+00:00,23004.25,23041.150390625,23003.44921875,23028.599609375,0
2026-04-07 09:15:00+00:00,23031.400390625,23055.30078125,23020.69921875,23044.55078125,0
2026-04-07 09:20:00+00:00,23046.400390625,23067.94921875,23045.19921875,23060.05078125,0
2026-04-07 09:25:00+00:00,23064.599609375,23101.19921875,23064.19921875,23096.69921875,0
2026-04-07 09:30:00+00:00,23096.849609375,23128.75,23076.5,23118.55078125,0
2026-04-07 09:35:00+00:00,23117.94921875,23133.25,23102.150390625,23127.0,0
2026-04-07 09:40:00+00:00,23125.0,23130.0,23099.349609375,23109.25,0
2026-04-07 09:45:00+00:00,23109.400390625,23140.5,23106.099609375,23123.44921875,0
2026-04-07 09:50:00+00:00,23125.349609375,23143.5,23123.099609375,23135.349609375,0
2026-04-07 09:55:00+00:00,23137.05078125,23151.849609375,23124.150390625,23129.94921875,0
2026-04-08 03:45:00+00:00,23855.150390625,23909.44921875,23836.900390625,23900.0,0
2026-04-08 03:50:00+00:00,23899.94921875,23928.099609375,23859.80078125,23862.599609375,0
2026-04-08 03:55:00+00:00,23863.349609375,23893.650390625,23855.19921875,23877.75,0
2026-04-08 04:00:00+00:00,23877.849609375,23909.349609375,23875.900390625,23879.44921875,0
2026-04-08 04:05:00+00:00,23879.94921875,23916.19921875,23879.900390625,23913.900390625,0
2026-04-08 04:10:00+00:00,23913.349609375,23921.349609375,23899.5,23921.05078125,0
2026-04-08 04:15:00+00:00,23920.150390625,23959.75,23920.150390625,23941.55078125,0
2026-04-08 04:20:00+00:00,23940.94921875,23958.5,23912.55078125,23921.19921875,0
2026-04-08 04:25:00+00:00,23922.05078125,23936.599609375,23891.849609375,23897.400390625,0
2026-04-08 04:30:00+00:00,23896.900390625,23923.900390625,23892.849609375,23900.349609375,0
2026-04-08 04:35:00+00:00,23900.400390625,23935.099609375,23893.150390625,23901.849609375,0
2026-04-08 04:40:00+00:00,23902.0,23903.400390625,23878.599609375,23880.150390625,0
2026-04-08 04:45:00+00:00,23880.44921875,23905.05078125,23869.099609375,23904.599609375,0
2026-04-08 04:50:00+00:00,23905.25,23913.0,23877.400390625,23893.099609375,0
2026-04-08 04:55:00+00:00,23892.75,23915.25,23880.05078125,23908.75,0
2026-04-08 05:00:00+00:00,23909.849609375,23928.349609375,23908.05078125,23921.5,0
2026-04-08 05:05:00+00:00,23922.05078125,23930.900390625,23904.05078125,23921.55078125,0
2026-04-08 05:10:00+00:00,23921.650390625,23952.94921875,23906.650390625,23950.5,0
2026-04-08 05:15:00+00:00,23950.94921875,23955.55078125,23925.150390625,23940.349609375,0
2026-04-08 05:20:00+00:00,23940.099609375,23971.94921875,23935.150390625,23971.849609375,0
2026-04-08 05:25:00+00:00,23970.19921875,23984.05078125,23965.099609375,23982.5,0
2026-04-08 05:30:00+00:00,23982.150390625,23998.44921875,23981.30078125,23992.0,0
2026-04-08 05:35:00+00:00,23992.349609375,24000.80078125,23985.69921875,23990.0,0
2026-04-08 05:40:00+00:00,23990.5,24004.19921875,23983.5,23991.75,0
2026-04-08 05:45:00+00:00,23991.599609375,24014.0,23991.099609375,24001.05078125,0
2026-04-08 05:50:00+00:00,24001.05078125,24013.5,23998.75,24002.099609375,0
2026-04-08 05:55:00+00:00,24001.849609375,24004.150390625,23975.5,23981.900390625,0
2026-04-08 06:00:00+00:00,23982.75,23982.75,23965.650390625,23968.30078125,0
2026-04-08 06:05:00+00:00,23968.44921875,23981.099609375,23947.099609375,23963.75,0
2026-04-08 06:10:00+00:00,23964.05078125,23988.30078125,23954.44921875,23980.55078125,0
2026-04-08 06:15:00+00:00,23980.55078125,23998.599609375,23979.94921875,23986.5,0
2026-04-08 06:20:00+00:00,23985.80078125,23987.400390625,23930.19921875,23948.69921875,0
2026-04-08 06:25:00+00:00,23949.349609375,23951.44921875,23923.5,23931.0,0
2026-04-08 06:30:00+00:00,23931.19921875,23957.44921875,23920.150390625,23951.400390625,0
2026-04-08 06:35:00+00:00,23951.25,23971.0,23950.80078125,23971.0,0
2026-04-08 06:40:00+00:00,23969.599609375,23971.19921875,23957.69921875,23963.30078125,0
2026-04-08 06:45:00+00:00,23963.19921875,23967.349609375,23958.05078125,23963.55078125,0
2026-04-08 06:50:00+00:00,23963.44921875,23973.94921875,23962.80078125,23971.55078125,0
2026-04-08 06:55:00+00:00,23971.05078125,23973.44921875,23949.25,23949.25,0
2026-04-08 07:00:00+00:00,23950.099609375,23950.94921875,23902.25,23917.099609375,0
2026-04-08 07:05:00+00:00,23916.55078125,23934.0,23910.599609375,23922.69921875,0
2026-04-08 07:10:00+00:00,23923.44921875,23950.55078125,23916.25,23947.099609375,0
2026-04-08 07:15:00+00:00,23946.349609375,23953.150390625,23932.349609375,23952.400390625,0
2026-04-08 07:20:00+00:00,23952.55078125,23958.849609375,23944.400390625,23953.099609375,0
2026-04-08 07:25:00+00:00,23953.400390625,23979.80078125,23953.25,23977.650390625,0
2026-04-08 07:30:00+00:00,23978.80078125,23979.19921875,23957.0,23967.900390625,0
2026-04-08 07:35:00+00:00,23967.75,23969.69921875,23948.80078125,23961.849609375,0
2026-04-08 07:40:00+00:00,23962.349609375,23988.599609375,23961.80078125,23974.099609375,0
2026-04-08 07:45:00+00:00,23974.30078125,23991.349609375,23965.19921875,23974.650390625,0
2026-04-08 07:50:00+00:00,23973.900390625,23984.69921875,23969.69921875,23984.0,0
2026-04-08 07:55:00+00:00,23983.19921875,24001.599609375,23983.0,23999.44921875,0
2026-04-08 08:00:00+00:00,23999.150390625,24000.349609375,23981.25,23994.400390625,0
2026-04-08 08:05:00+00:00,23994.150390625,24024.5,23994.0,24015.5,0
2026-04-08 08:10:00+00:00,24015.5,24017.5,23975.5,23976.0,0
2026-04-08 08:15:00+00:00,23975.400390625,23990.05078125,23968.75,23976.80078125,0
2026-04-08 08:20:00+00:00,23977.349609375,23985.5,23953.099609375,23963.0,0
2026-04-08 08:25:00+00:00,23964.05078125,23988.400390625,23964.05078125,23985.69921875,0
2026-04-08 08:30:00+00:00,23985.5,23986.349609375,23964.55078125,23968.400390625,0
2026-04-08 08:35:00+00:00,23967.349609375,23971.650390625,23951.19921875,23965.19921875,0
2026-04-08 08:40:00+00:00,23964.30078125,23979.94921875,23944.0,23948.25,0
2026-04-08 08:45:00+00:00,23948.150390625,23966.599609375,23946.75,23963.55078125,0
2026-04-08 08:50:00+00:00,23965.30078125,23985.400390625,23962.900390625,23976.900390625,0
2026-04-08 08:55:00+00:00,23977.30078125,23988.80078125,23973.75,23978.94921875,0
2026-04-08 09:00:00+00:00,23979.55078125,23988.849609375,23971.900390625,23979.0,0
2026-04-08 09:05:00+00:00,23977.55078125,23990.55078125,23973.849609375,23978.80078125,0
2026-04-08 09:10:00+00:00,23979.19921875,24006.150390625,23977.80078125,23998.900390625,0
2026-04-08 09:15:00+00:00,23999.0,24017.599609375,23978.849609375,23984.30078125,0
2026-04-08 09:20:00+00:00,23982.80078125,23990.599609375,23972.55078125,23987.5,0
2026-04-08 09:25:00+00:00,23987.650390625,24005.0,23984.150390625,24002.19921875,0
2026-04-08 09:30:00+00:00,24002.650390625,24002.650390625,23955.75,23992.05078125,0
2026-04-08 09:35:00+00:00,23992.25,24011.5,23992.19921875,24000.099609375,0
2026-04-08 09:40:00+00:00,23999.0,24008.099609375,23989.25,23994.849609375,0
2026-04-08 09:45:00+00:00,23994.25,23998.099609375,23985.30078125,23992.650390625,0
2026-04-08 09:50:00+00:00,23993.0,24004.55078125,23991.400390625,24003.80078125,0
2026-04-08 09:55:00+00:00,24004.19921875,24018.25,24000.349609375,24010.599609375,0
2026-04-09 03:45:00+00:00,23908.650390625,23935.650390625,23816.44921875,23935.650390625,0
2026-04-09 03:50:00+00:00,23932.0,23974.400390625,23926.55078125,23969.400390625,0
2026-04-09 03:55:00+00:00,23968.44921875,23989.75,23961.19921875,23984.19921875,0
2026-04-09 04:00:00+00:00,23983.599609375,23986.099609375,23890.94921875,23890.94921875,0
2026-04-09 04:05:00+00:00,23891.80078125,23929.349609375,23882.0,23891.099609375,0
2026-04-09 04:10:00+00:00,23891.30078125,23899.30078125,23856.650390625,23861.150390625,0
2026-04-09 04:15:00+00:00,23863.900390625,23883.05078125,23816.94921875,23817.30078125,0
2026-04-09 04:20:00+00:00,23815.94921875,23826.0,23795.19921875,23805.05078125,0
2026-04-09 04:25:00+00:00,23805.94921875,23806.599609375,23771.19921875,23786.30078125,0
2026-04-09 04:30:00+00:00,23785.349609375,23826.5,23760.55078125,23817.400390625,0
2026-04-09 04:35:00+00:00,23815.30078125,23831.349609375,23807.400390625,23824.05078125,0
2026-04-09 04:40:00+00:00,23824.0,23853.150390625,23824.0,23839.0,0
2026-04-09 04:45:00+00:00,23839.05078125,23870.69921875,23820.849609375,23870.69921875,0
2026-04-09 04:50:00+00:00,23869.94921875,23871.349609375,23843.5,23864.80078125,0
2026-04-09 04:55:00+00:00,23863.5,23867.55078125,23820.19921875,23848.19921875,0
2026-04-09 05:00:00+00:00,23848.44921875,23863.599609375,23841.80078125,23858.44921875,0
2026-04-09 05:05:00+00:00,23858.05078125,23872.19921875,23832.25,23837.599609375,0
2026-04-09 05:10:00+00:00,23836.80078125,23839.5,23803.650390625,23807.900390625,0
2026-04-09 05:15:00+00:00,23807.94921875,23829.25,23807.94921875,23824.349609375,0
2026-04-09 05:20:00+00:00,23823.75,23830.400390625,23811.25,23825.400390625,0
2026-04-09 05:25:00+00:00,23825.94921875,23843.55078125,23820.849609375,23828.75,0
2026-04-09 05:30:00+00:00,23828.94921875,23864.099609375,23828.55078125,23849.30078125,0
2026-04-09 05:35:00+00:00,23848.69921875,23866.400390625,23828.150390625,23860.650390625,0
2026-04-09 05:40:00+00:00,23860.349609375,23869.5,23852.0,23855.75,0
2026-04-09 05:45:00+00:00,23855.599609375,23863.19921875,23824.150390625,23829.94921875,0
2026-04-09 05:50:00+00:00,23830.30078125,23850.5,23814.19921875,23839.5,0
2026-04-09 05:55:00+00:00,23838.30078125,23863.849609375,23838.30078125,23855.25,0
2026-04-09 06:00:00+00:00,23855.0,23875.5,23844.400390625,23855.30078125,0
2026-04-09 06:05:00+00:00,23852.900390625,23862.099609375,23847.69921875,23856.25,0
2026-04-09 06:10:00+00:00,23856.150390625,23871.30078125,23845.94921875,23864.80078125,0
2026-04-09 06:15:00+00:00,23864.80078125,23887.599609375,23849.400390625,23887.25,0
2026-04-09 06:20:00+00:00,23886.94921875,23898.0,23870.5,23883.650390625,0
2026-04-09 06:25:00+00:00,23884.599609375,23905.400390625,23871.80078125,23886.349609375,0
2026-04-09 06:30:00+00:00,23887.150390625,23902.75,23868.900390625,23876.55078125,0
2026-04-09 06:35:00+00:00,23875.75,23902.69921875,23860.25,23901.0,0
2026-04-09 06:40:00+00:00,23899.849609375,23907.30078125,23877.099609375,23881.25,0
2026-04-09 06:45:00+00:00,23881.05078125,23884.05078125,23873.650390625,23875.349609375,0
2026-04-09 06:50:00+00:00,23875.30078125,23883.849609375,23867.05078125,23869.5,0
2026-04-09 06:55:00+00:00,23868.55078125,23886.900390625,23854.849609375,23872.55078125,0
2026-04-09 07:00:00+00:00,23871.75,23885.349609375,23862.55078125,23864.55078125,0
2026-04-09 07:05:00+00:00,23864.650390625,23871.44921875,23845.099609375,23855.349609375,0
2026-04-09 07:10:00+00:00,23854.25,23867.55078125,23848.44921875,23852.30078125,0
2026-04-09 07:15:00+00:00,23853.30078125,23855.25,23805.25,23807.150390625,0
2026-04-09 07:20:00+00:00,23807.099609375,23839.400390625,23801.599609375,23831.30078125,0
2026-04-09 07:25:00+00:00,23830.599609375,23843.599609375,23828.400390625,23830.69921875,0
2026-04-09 07:30:00+00:00,23830.25,23842.599609375,23824.349609375,23830.94921875,0
2026-04-09 07:35:00+00:00,23831.150390625,23836.94921875,23816.849609375,23829.599609375,0
2026-04-09 07:40:00+00:00,23829.150390625,23831.05078125,23804.69921875,23815.400390625,0
2026-04-09 07:45:00+00:00,23815.849609375,23817.30078125,23800.94921875,23803.19921875,0
2026-04-09 07:50:00+00:00,23803.05078125,23804.349609375,23767.80078125,23787.19921875,0
2026-04-09 07:55:00+00:00,23786.599609375,23790.349609375,23767.900390625,23769.30078125,0
2026-04-09 08:00:00+00:00,23769.150390625,23792.5,23759.05078125,23788.69921875,0
2026-04-09 08:05:00+00:00,23789.05078125,23798.94921875,23767.650390625,23773.19921875,0
2026-04-09 08:10:00+00:00,23773.349609375,23776.650390625,23755.849609375,23760.150390625,0
2026-04-09 08:15:00+00:00,23759.849609375,23770.55078125,23740.80078125,23762.5,0
2026-04-09 08:20:00+00:00,23762.900390625,23785.44921875,23753.5,23770.5,0
2026-04-09 08:25:00+00:00,23770.349609375,23782.30078125,23764.55078125,23767.849609375,0
2026-04-09 08:30:00+00:00,23767.849609375,23790.19921875,23754.94921875,23781.80078125,0
2026-04-09 08:35:00+00:00,23781.75,23800.0,23767.75,23785.55078125,0
2026-04-09 08:40:00+00:00,23785.349609375,23786.94921875,23751.80078125,23753.19921875,0
2026-04-09 08:45:00+00:00,23753.44921875,23760.94921875,23746.19921875,23746.599609375,0
2026-04-09 08:50:00+00:00,23746.349609375,23758.69921875,23721.900390625,23731.69921875,0
2026-04-09 08:55:00+00:00,23731.650390625,23733.80078125,23710.400390625,23720.30078125,0
2026-04-09 09:00:00+00:00,23720.0,23722.25,23683.349609375,23697.150390625,0
2026-04-09 09:05:00+00:00,23697.19921875,23708.849609375,23690.400390625,23705.849609375,0
2026-04-09 09:10:00+00:00,23707.25,23744.900390625,23702.69921875,23729.75,0
2026-04-09 09:15:00+00:00,23728.80078125,23748.349609375,23720.5,23737.94921875,0
2026-04-09 09:20:00+00:00,23737.75,23751.44921875,23723.5,23748.400390625,0
2026-04-09 09:25:00+00:00,23747.75,23752.150390625,23733.099609375,23741.05078125,0
2026-04-09 09:30:00+00:00,23742.44921875,23806.80078125,23726.900390625,23741.599609375,0
2026-04-09 09:35:00+00:00,23744.19921875,23800.599609375,23733.400390625,23787.75,0
2026-04-09 09:40:00+00:00,23789.099609375,23801.25,23778.650390625,23793.349609375,0
2026-04-09 09:45:00+00:00,23792.94921875,23794.349609375,23769.099609375,23771.25,0
2026-04-09 09:50:00+00:00,23772.849609375,23784.55078125,23765.44921875,23781.400390625,0
2026-04-09 09:55:00+00:00,23782.19921875,23791.150390625,23758.94921875,23766.05078125,0
2026-04-10 03:45:00+00:00,23880.55078125,23967.400390625,23867.19921875,23965.69921875,0
2026-04-10 03:50:00+00:00,23966.25,23978.19921875,23917.05078125,23918.650390625,0
2026-04-10 03:55:00+00:00,23918.849609375,23944.19921875,23902.19921875,23936.900390625,0
2026-04-10 04:00:00+00:00,23937.349609375,23959.5,23931.19921875,23943.599609375,0
2026-04-10 04:05:00+00:00,23943.19921875,23944.05078125,23921.849609375,23936.55078125,0
2026-04-10 04:10:00+00:00,23937.150390625,23957.94921875,23934.94921875,23948.150390625,0
2026-04-10 04:15:00+00:00,23948.599609375,23992.099609375,23943.650390625,23974.349609375,0
2026-04-10 04:20:00+00:00,23973.25,23987.94921875,23971.25,23986.849609375,0
2026-04-10 04:25:00+00:00,23986.650390625,23998.25,23980.75,23988.05078125,0
2026-04-10 04:30:00+00:00,23988.44921875,24001.25,23971.849609375,23972.349609375,0
2026-04-10 04:35:00+00:00,23971.650390625,23973.94921875,23916.30078125,23961.55078125,0
2026-04-10 04:40:00+00:00,23960.650390625,23995.900390625,23960.05078125,23994.400390625,0
2026-04-10 04:45:00+00:00,23994.94921875,24018.650390625,23994.94921875,24015.05078125,0
2026-04-10 04:50:00+00:00,24014.150390625,24023.94921875,24010.849609375,24021.55078125,0
2026-04-10 04:55:00+00:00,24022.55078125,24035.599609375,24002.5,24009.099609375,0
2026-04-10 05:00:00+00:00,24010.0,24023.900390625,24001.0,24019.849609375,0
2026-04-10 05:05:00+00:00,24019.69921875,24026.099609375,24003.55078125,24007.05078125,0
2026-04-10 05:10:00+00:00,24007.400390625,24017.599609375,24003.80078125,24003.849609375,0
2026-04-10 05:15:00+00:00,24003.75,24009.05078125,23993.650390625,23994.94921875,0
2026-04-10 05:20:00+00:00,23994.650390625,23997.349609375,23984.75,23985.69921875,0
2026-04-10 05:25:00+00:00,23985.30078125,24000.0,23972.30078125,23998.849609375,0
2026-04-10 05:30:00+00:00,23999.69921875,24010.400390625,23994.900390625,24001.80078125,0
2026-04-10 05:35:00+00:00,24001.44921875,24011.19921875,23993.94921875,24010.05078125,0
2026-04-10 05:40:00+00:00,24010.05078125,24021.349609375,24007.30078125,24013.30078125,0
2026-04-10 05:45:00+00:00,24012.05078125,24015.349609375,23985.150390625,23992.650390625,0
2026-04-10 05:50:00+00:00,23992.80078125,24001.55078125,23990.099609375,23992.30078125,0
2026-04-10 05:55:00+00:00,23992.599609375,24005.25,23971.30078125,23972.55078125,0
2026-04-10 06:00:00+00:00,23972.150390625,24007.400390625,23972.150390625,24004.599609375,0
2026-04-10 06:05:00+00:00,24004.30078125,24006.69921875,23980.099609375,23983.849609375,0
2026-04-10 06:10:00+00:00,23984.30078125,23990.05078125,23970.05078125,23980.150390625,0
2026-04-10 06:15:00+00:00,23980.94921875,23987.099609375,23953.80078125,23963.349609375,0
2026-04-10 06:20:00+00:00,23964.650390625,23988.55078125,23964.05078125,23982.44921875,0
2026-04-10 06:25:00+00:00,23982.400390625,23996.0,23979.0,23994.150390625,0
2026-04-10 06:30:00+00:00,23994.69921875,24008.05078125,23984.94921875,24008.05078125,0
2026-04-10 06:35:00+00:00,24007.55078125,24019.19921875,24002.599609375,24015.05078125,0
2026-04-10 06:40:00+00:00,24015.05078125,24019.55078125,24008.30078125,24009.05078125,0
2026-04-10 06:45:00+00:00,24009.099609375,24011.0,23991.150390625,24003.900390625,0
2026-04-10 06:50:00+00:00,24003.349609375,24020.19921875,23991.75,24019.19921875,0
2026-04-10 06:55:00+00:00,24019.150390625,24032.599609375,23994.75,24009.599609375,0
2026-04-10 07:00:00+00:00,24009.349609375,24016.80078125,23995.30078125,23998.25,0
2026-04-10 07:05:00+00:00,23996.0,24020.44921875,23996.0,24014.400390625,0
2026-04-10 07:10:00+00:00,24014.30078125,24022.0,24003.30078125,24004.25,0
2026-04-10 07:15:00+00:00,24004.30078125,24018.94921875,24001.099609375,24011.30078125,0
2026-04-10 07:20:00+00:00,24011.349609375,24012.25,23986.150390625,24000.75,0
2026-04-10 07:25:00+00:00,24000.599609375,24007.650390625,23993.25,24004.55078125,0
2026-04-10 07:30:00+00:00,24004.900390625,24018.55078125,24003.69921875,24014.05078125,0
2026-04-10 07:35:00+00:00,24013.30078125,24021.75,24007.349609375,24020.349609375,0
2026-04-10 07:40:00+00:00,24019.55078125,24021.400390625,23999.349609375,24002.55078125,0
2026-04-10 07:45:00+00:00,24003.150390625,24010.75,23999.30078125,23999.30078125,0
2026-04-10 07:50:00+00:00,23999.5,24004.0,23996.44921875,23999.30078125,0
2026-04-10 07:55:00+00:00,23999.150390625,24009.900390625,23996.0,24007.05078125,0
2026-04-10 08:00:00+00:00,24007.5,24016.5,24003.599609375,24004.25,0
2026-04-10 08:05:00+00:00,24004.099609375,24012.099609375,23999.150390625,24011.599609375,0
2026-04-10 08:10:00+00:00,24011.5,24025.69921875,24011.5,24020.400390625,0
2026-04-10 08:15:00+00:00,24020.69921875,24030.25,24009.599609375,24012.849609375,0
2026-04-10 08:20:00+00:00,24012.05078125,24021.849609375,24002.349609375,24018.599609375,0
2026-04-10 08:25:00+00:00,24018.599609375,24044.55078125,24016.599609375,24040.94921875,0
2026-04-10 08:30:00+00:00,24041.19921875,24047.849609375,24026.69921875,24028.94921875,0
2026-04-10 08:35:00+00:00,24029.19921875,24037.599609375,24025.44921875,24031.55078125,0
2026-04-10 08:40:00+00:00,24031.849609375,24046.5,23998.44921875,24020.099609375,0
2026-04-10 08:45:00+00:00,24020.400390625,24021.80078125,23938.599609375,23994.849609375,0
2026-04-10 08:50:00+00:00,23995.099609375,24010.599609375,23956.599609375,23956.900390625,0
2026-04-10 08:55:00+00:00,23956.599609375,23969.650390625,23947.900390625,23964.75,0
2026-04-10 09:00:00+00:00,23965.349609375,23989.900390625,23959.849609375,23964.5,0
2026-04-10 09:05:00+00:00,23962.849609375,23981.0,23947.25,23971.25,0
2026-04-10 09:10:00+00:00,23970.44921875,23993.44921875,23969.19921875,23982.69921875,0
2026-04-10 09:15:00+00:00,23982.900390625,24005.5,23956.75,24000.650390625,0
2026-04-10 09:20:00+00:00,24000.5,24006.150390625,23991.19921875,23994.849609375,0
2026-04-10 09:25:00+00:00,23995.0,24005.650390625,23993.55078125,23993.55078125,0
2026-04-10 09:30:00+00:00,23994.19921875,24035.25,23994.19921875,24035.099609375,0
2026-04-10 09:35:00+00:00,24035.0,24062.05078125,24035.0,24060.80078125,0
2026-04-10 09:40:00+00:00,24060.400390625,24073.80078125,24057.19921875,24057.5,0
2026-04-10 09:45:00+00:00,24058.099609375,24061.44921875,24045.900390625,24055.099609375,0
2026-04-10 09:50:00+00:00,24053.650390625,24061.400390625,24049.650390625,24054.69921875,0
2026-04-10 09:55:00+00:00,24054.55078125,24063.44921875,24046.19921875,24051.80078125,0
2026-04-13 03:45:00+00:00,23619.05078125,23693.69921875,23556.150390625,23578.55078125,0
2026-04-13 03:50:00+00:00,23579.599609375,23595.099609375,23573.0,23591.5,0
2026-04-13 03:55:00+00:00,23590.849609375,23609.849609375,23583.0,23604.69921875,0
2026-04-13 04:00:00+00:00,23604.30078125,23618.80078125,23586.900390625,23615.55078125,0
2026-04-13 04:05:00+00:00,23615.650390625,23615.650390625,23580.349609375,23592.849609375,0
2026-04-13 04:10:00+00:00,23591.25,23644.0,23588.349609375,23633.5,0
2026-04-13 04:15:00+00:00,23634.30078125,23635.400390625,23612.44921875,23631.349609375,0
2026-04-13 04:20:00+00:00,23632.150390625,23657.05078125,23627.900390625,23642.75,0
2026-04-13 04:25:00+00:00,23643.80078125,23680.400390625,23642.150390625,23669.05078125,0
2026-04-13 04:30:00+00:00,23668.80078125,23679.0,23653.150390625,23671.349609375,0
2026-04-13 04:35:00+00:00,23672.44921875,23679.650390625,23657.650390625,23675.44921875,0
2026-04-13 04:40:00+00:00,23675.75,23682.650390625,23653.849609375,23660.05078125,0
2026-04-13 04:45:00+00:00,23655.5,23673.30078125,23634.05078125,23673.30078125,0
2026-04-13 04:50:00+00:00,23673.099609375,23720.94921875,23671.5,23707.849609375,0
2026-04-13 04:55:00+00:00,23707.900390625,23732.05078125,23702.75,23721.5,0
2026-04-13 05:00:00+00:00,23721.80078125,23728.30078125,23705.75,23715.80078125,0
2026-04-13 05:05:00+00:00,23715.150390625,23732.0,23701.55078125,23729.69921875,0
2026-04-13 05:10:00+00:00,23729.44921875,23738.25,23696.30078125,23723.55078125,0
2026-04-13 05:15:00+00:00,23723.19921875,23746.69921875,23721.849609375,23732.099609375,0
2026-04-13 05:20:00+00:00,23731.94921875,23753.25,23731.94921875,23745.69921875,0
2026-04-13 05:25:00+00:00,23746.400390625,23757.650390625,23730.349609375,23740.0,0
2026-04-13 05:30:00+00:00,23737.44921875,23741.44921875,23730.400390625,23736.900390625,0
2026-04-13 05:35:00+00:00,23736.55078125,23752.30078125,23736.55078125,23749.69921875,0
2026-04-13 05:40:00+00:00,23749.849609375,23751.150390625,23732.349609375,23743.69921875,0
2026-04-13 05:45:00+00:00,23743.75,23752.0,23743.05078125,23746.30078125,0
2026-04-13 05:50:00+00:00,23746.900390625,23762.75,23731.099609375,23743.400390625,0
2026-04-13 05:55:00+00:00,23742.150390625,23757.650390625,23740.400390625,23740.5,0
2026-04-13 06:00:00+00:00,23740.650390625,23751.349609375,23729.400390625,23738.099609375,0
2026-04-13 06:05:00+00:00,23738.25,23772.099609375,23738.25,23761.05078125,0
2026-04-13 06:10:00+00:00,23760.94921875,23764.0,23750.75,23756.150390625,0
2026-04-13 06:15:00+00:00,23756.75,23776.94921875,23754.599609375,23776.94921875,0
2026-04-13 06:20:00+00:00,23778.5,23799.900390625,23778.5,23798.30078125,0
2026-04-13 06:25:00+00:00,23798.30078125,23810.80078125,23785.19921875,23785.650390625,0
2026-04-13 06:30:00+00:00,23785.94921875,23794.900390625,23785.44921875,23788.150390625,0
2026-04-13 06:35:00+00:00,23788.900390625,23806.55078125,23788.900390625,23798.650390625,0
2026-04-13 06:40:00+00:00,23798.30078125,23816.099609375,23795.75,23814.599609375,0
2026-04-13 06:45:00+00:00,23814.69921875,23822.55078125,23804.349609375,23821.0,0
2026-04-13 06:50:00+00:00,23820.0,23822.599609375,23796.0,23804.650390625,0
2026-04-13 06:55:00+00:00,23804.400390625,23836.5,23804.30078125,23835.94921875,0
2026-04-13 07:00:00+00:00,23837.599609375,23841.05078125,23823.0,23825.599609375,0
2026-04-13 07:05:00+00:00,23827.099609375,23847.099609375,23821.5,23833.5,0
2026-04-13 07:10:00+00:00,23833.80078125,23842.900390625,23825.0,23841.349609375,0
2026-04-13 07:15:00+00:00,23842.150390625,23842.849609375,23824.30078125,23839.75,0
2026-04-13 07:20:00+00:00,23840.650390625,23845.69921875,23821.150390625,23822.150390625,0
2026-04-13 07:25:00+00:00,23822.099609375,23825.150390625,23780.900390625,23806.44921875,0
2026-04-13 07:30:00+00:00,23806.80078125,23815.0,23771.75,23784.849609375,0
2026-04-13 07:35:00+00:00,23785.55078125,23817.94921875,23785.55078125,23811.5,0
2026-04-13 07:40:00+00:00,23809.099609375,23822.400390625,23803.400390625,23820.650390625,0
2026-04-13 07:45:00+00:00,23821.25,23835.30078125,23805.25,23835.30078125,0
2026-04-13 07:50:00+00:00,23835.349609375,23839.80078125,23818.80078125,23825.650390625,0
2026-04-13 07:55:00+00:00,23826.099609375,23831.25,23815.44921875,23823.400390625,0
2026-04-13 08:00:00+00:00,23824.55078125,23853.900390625,23822.900390625,23846.0,0
2026-04-13 08:05:00+00:00,23845.94921875,23856.5,23835.0,23845.400390625,0
2026-04-13 08:10:00+00:00,23846.150390625,23846.849609375,23829.05078125,23835.44921875,0
2026-04-13 08:15:00+00:00,23835.849609375,23843.349609375,23831.900390625,23839.75,0
2026-04-13 08:20:00+00:00,23839.5,23882.55078125,23836.55078125,23881.80078125,0
2026-04-13 08:25:00+00:00,23882.44921875,23905.650390625,23878.44921875,23893.69921875,0
2026-04-13 08:30:00+00:00,23893.05078125,23897.30078125,23882.599609375,23887.599609375,0
2026-04-13 08:35:00+00:00,23887.849609375,23888.69921875,23852.599609375,23855.349609375,0
2026-04-13 08:40:00+00:00,23854.19921875,23854.5,23835.19921875,23854.5,0
2026-04-13 08:45:00+00:00,23854.75,23865.25,23834.599609375,23855.900390625,0
2026-04-13 08:50:00+00:00,23856.0,23870.349609375,23852.099609375,23861.25,0
2026-04-13 08:55:00+00:00,23862.05078125,23881.650390625,23860.94921875,23866.05078125,0
2026-04-13 09:00:00+00:00,23865.44921875,23892.75,23865.44921875,23881.05078125,0
2026-04-13 09:05:00+00:00,23881.900390625,23897.44921875,23871.44921875,23871.44921875,0
2026-04-13 09:10:00+00:00,23870.650390625,23880.900390625,23855.75,23866.349609375,0
2026-04-13 09:15:00+00:00,23866.05078125,23888.25,23854.599609375,23883.900390625,0
2026-04-13 09:20:00+00:00,23883.69921875,23891.75,23870.900390625,23881.80078125,0
2026-04-13 09:25:00+00:00,23882.849609375,23897.400390625,23880.5,23883.69921875,0
2026-04-13 09:30:00+00:00,23884.94921875,23888.19921875,23822.25,23838.80078125,0
2026-04-13 09:35:00+00:00,23837.650390625,23868.099609375,23824.349609375,23842.349609375,0
2026-04-13 09:40:00+00:00,23839.349609375,23857.25,23826.400390625,23845.400390625,0
2026-04-13 09:45:00+00:00,23843.650390625,23847.0,23822.44921875,23825.599609375,0
2026-04-13 09:50:00+00:00,23826.55078125,23832.150390625,23816.80078125,23821.849609375,0
2026-04-13 09:55:00+00:00,23822.349609375,23827.80078125,23814.650390625,23818.900390625,0
2026-04-15 03:45:00+00:00,24166.099609375,24266.69921875,24166.099609375,24230.849609375,0
2026-04-15 03:50:00+00:00,24231.599609375,24234.69921875,24206.75,24208.849609375,0
2026-04-15 03:55:00+00:00,24209.19921875,24212.900390625,24184.099609375,24192.44921875,0
2026-04-15 04:00:00+00:00,24193.5,24194.69921875,24164.150390625,24168.900390625,0
2026-04-15 04:05:00+00:00,24168.05078125,24179.849609375,24146.69921875,24151.349609375,0
2026-04-15 04:10:00+00:00,24151.05078125,24215.94921875,24149.69921875,24207.349609375,0
2026-04-15 04:15:00+00:00,24207.05078125,24225.19921875,24193.099609375,24193.099609375,0
2026-04-15 04:20:00+00:00,24192.400390625,24219.900390625,24186.69921875,24212.650390625,0
2026-04-15 04:25:00+00:00,24213.150390625,24224.55078125,24205.05078125,24216.0,0
2026-04-15 04:30:00+00:00,24216.80078125,24232.94921875,24214.05078125,24231.69921875,0
2026-04-15 04:35:00+00:00,24233.150390625,24247.349609375,24232.900390625,24235.650390625,0
2026-04-15 04:40:00+00:00,24236.55078125,24253.349609375,24234.30078125,24241.650390625,0
2026-04-15 04:45:00+00:00,24241.55078125,24264.25,24241.55078125,24260.400390625,0
2026-04-15 04:50:00+00:00,24261.099609375,24272.55078125,24249.849609375,24264.94921875,0
2026-04-15 04:55:00+00:00,24264.849609375,24267.099609375,24255.650390625,24260.099609375,0
2026-04-15 05:00:00+00:00,24260.400390625,24273.150390625,24256.19921875,24259.44921875,0
2026-04-15 05:05:00+00:00,24260.150390625,24263.0,24242.44921875,24243.599609375,0
2026-04-15 05:10:00+00:00,24245.75,24251.44921875,24235.44921875,24243.099609375,0
2026-04-15 05:15:00+00:00,24242.5,24255.75,24239.849609375,24248.0,0
2026-04-15 05:20:00+00:00,24247.55078125,24248.55078125,24208.80078125,24223.400390625,0
2026-04-15 05:25:00+00:00,24223.5,24233.80078125,24216.099609375,24216.099609375,0
2026-04-15 05:30:00+00:00,24216.349609375,24216.5,24202.849609375,24209.599609375,0
2026-04-15 05:35:00+00:00,24208.900390625,24210.25,24184.25,24187.5,0
2026-04-15 05:40:00+00:00,24186.900390625,24192.900390625,24177.599609375,24184.25,0
2026-04-15 05:45:00+00:00,24184.5,24207.5,24174.5,24186.19921875,0
2026-04-15 05:50:00+00:00,24187.150390625,24206.5,24187.0,24201.650390625,0
2026-04-15 05:55:00+00:00,24201.25,24201.900390625,24178.80078125,24188.05078125,0
2026-04-15 06:00:00+00:00,24188.099609375,24196.099609375,24184.650390625,24189.0,0
2026-04-15 06:05:00+00:00,24189.099609375,24202.80078125,24188.75,24199.599609375,0
2026-04-15 06:10:00+00:00,24199.69921875,24211.05078125,24194.05078125,24210.349609375,0
2026-04-15 06:15:00+00:00,24210.599609375,24223.05078125,24202.150390625,24221.0,0
2026-04-15 06:20:00+00:00,24221.44921875,24226.25,24215.44921875,24222.599609375,0
2026-04-15 06:25:00+00:00,24221.900390625,24224.30078125,24214.05078125,24217.099609375,0
2026-04-15 06:30:00+00:00,24217.75,24232.900390625,24217.44921875,24229.05078125,0
2026-04-15 06:35:00+00:00,24229.19921875,24231.75,24220.75,24224.099609375,0
2026-04-15 06:40:00+00:00,24224.349609375,24234.94921875,24224.099609375,24226.849609375,0
2026-04-15 06:45:00+00:00,24227.0,24235.650390625,24215.849609375,24217.349609375,0
2026-04-15 06:50:00+00:00,24216.05078125,24225.0,24200.400390625,24221.55078125,0
2026-04-15 06:55:00+00:00,24222.05078125,24230.80078125,24219.099609375,24219.75,0
2026-04-15 07:00:00+00:00,24219.80078125,24221.80078125,24213.05078125,24217.599609375,0
2026-04-15 07:05:00+00:00,24217.400390625,24236.650390625,24215.150390625,24232.69921875,0
2026-04-15 07:10:00+00:00,24232.900390625,24234.150390625,24216.099609375,24228.05078125,0
2026-04-15 07:15:00+00:00,24228.75,24234.849609375,24210.0,24216.599609375,0
2026-04-15 07:20:00+00:00,24216.69921875,24234.80078125,24203.94921875,24214.30078125,0
2026-04-15 07:25:00+00:00,24213.650390625,24219.099609375,24206.900390625,24207.849609375,0
2026-04-15 07:30:00+00:00,24207.5,24217.75,24200.19921875,24210.80078125,0
2026-04-15 07:35:00+00:00,24211.150390625,24213.05078125,24203.349609375,24212.900390625,0
2026-04-15 07:40:00+00:00,24212.400390625,24222.75,24212.0,24220.55078125,0
2026-04-15 07:45:00+00:00,24220.650390625,24233.94921875,24215.94921875,24233.849609375,0
2026-04-15 07:50:00+00:00,24233.900390625,24238.55078125,24187.75,24197.75,0
2026-04-15 07:55:00+00:00,24197.25,24203.900390625,24195.75,24196.94921875,0
2026-04-15 08:00:00+00:00,24196.900390625,24222.44921875,24191.5,24213.30078125,0
2026-04-15 08:05:00+00:00,24213.19921875,24223.30078125,24191.25,24195.150390625,0
2026-04-15 08:10:00+00:00,24195.80078125,24217.349609375,24192.349609375,24215.75,0
2026-04-15 08:15:00+00:00,24215.900390625,24221.30078125,24199.05078125,24207.650390625,0
2026-04-15 08:20:00+00:00,24206.80078125,24211.599609375,24194.349609375,24201.099609375,0
2026-04-15 08:25:00+00:00,24200.400390625,24225.19921875,24199.400390625,24221.25,0
2026-04-15 08:30:00+00:00,24221.80078125,24230.400390625,24221.44921875,24225.150390625,0
2026-04-15 08:35:00+00:00,24226.0,24230.900390625,24223.55078125,24225.650390625,0
2026-04-15 08:40:00+00:00,24225.599609375,24238.099609375,24219.5,24226.599609375,0
2026-04-15 08:45:00+00:00,24227.05078125,24231.599609375,24219.19921875,24226.650390625,0
2026-04-15 08:50:00+00:00,24226.75,24242.25,24214.44921875,24215.05078125,0
2026-04-15 08:55:00+00:00,24215.05078125,24235.900390625,24214.400390625,24233.349609375,0
2026-04-15 09:00:00+00:00,24232.900390625,24237.900390625,24229.150390625,24234.650390625,0
2026-04-15 09:05:00+00:00,24235.099609375,24236.55078125,24220.150390625,24224.44921875,0
2026-04-15 09:10:00+00:00,24225.099609375,24236.150390625,24223.849609375,24233.150390625,0
2026-04-15 09:15:00+00:00,24233.0,24245.650390625,24232.349609375,24244.349609375,0
2026-04-15 09:20:00+00:00,24244.25,24262.75,24236.25,24250.44921875,0
2026-04-15 09:25:00+00:00,24250.5,24264.19921875,24240.19921875,24261.25,0
2026-04-15 09:30:00+00:00,24262.19921875,24265.75,24235.650390625,24245.44921875,0
2026-04-15 09:35:00+00:00,24246.55078125,24249.55078125,24229.5,24239.0,0
2026-04-15 09:40:00+00:00,24241.099609375,24242.5,24223.94921875,24227.849609375,0
2026-04-15 09:45:00+00:00,24228.69921875,24230.349609375,24221.44921875,24223.0,0
2026-04-15 09:50:00+00:00,24223.650390625,24229.599609375,24219.30078125,24225.599609375,0
2026-04-15 09:55:00+00:00,24224.650390625,24229.25,24206.5,24211.900390625,0
2026-04-16 03:45:00+00:00,24380.25,24390.55078125,24337.69921875,24390.55078125,0
2026-04-16 03:50:00+00:00,24390.80078125,24397.55078125,24372.69921875,24387.5,0
2026-04-16 03:55:00+00:00,24388.25,24400.099609375,24376.0,24385.849609375,0
2026-04-16 04:00:00+00:00,24385.650390625,24396.05078125,24353.69921875,24358.30078125,0
2026-04-16 04:05:00+00:00,24358.150390625,24364.05078125,24305.650390625,24326.80078125,0
2026-04-16 04:10:00+00:00,24326.25,24335.349609375,24301.75,24301.94921875,0
2026-04-16 04:15:00+00:00,24302.75,24332.69921875,24293.150390625,24327.900390625,0
2026-04-16 04:20:00+00:00,24327.150390625,24337.05078125,24301.5,24316.55078125,0
2026-04-16 04:25:00+00:00,24316.849609375,24316.849609375,24271.150390625,24271.55078125,0
2026-04-16 04:30:00+00:00,24271.650390625,24303.849609375,24266.5,24303.849609375,0
2026-04-16 04:35:00+00:00,24303.19921875,24310.900390625,24280.900390625,24308.55078125,0
2026-04-16 04:40:00+00:00,24308.44921875,24319.849609375,24295.30078125,24307.599609375,0
2026-04-16 04:45:00+00:00,24306.150390625,24328.80078125,24292.849609375,24309.69921875,0
2026-04-16 04:50:00+00:00,24309.150390625,24313.0,24300.05078125,24304.0,0
2026-04-16 04:55:00+00:00,24303.900390625,24317.19921875,24292.5,24300.75,0
2026-04-16 05:00:00+00:00,24301.05078125,24321.25,24301.05078125,24312.69921875,0
2026-04-16 05:05:00+00:00,24312.80078125,24325.849609375,24292.44921875,24299.650390625,0
2026-04-16 05:10:00+00:00,24298.599609375,24317.099609375,24298.099609375,24307.650390625,0
2026-04-16 05:15:00+00:00,24307.44921875,24327.900390625,24306.900390625,24316.150390625,0
2026-04-16 05:20:00+00:00,24315.099609375,24319.099609375,24311.5,24314.69921875,0
2026-04-16 05:25:00+00:00,24315.25,24315.94921875,24302.150390625,24309.55078125,0
2026-04-16 05:30:00+00:00,24309.30078125,24330.69921875,24309.30078125,24324.44921875,0
2026-04-16 05:35:00+00:00,24321.30078125,24333.19921875,24308.599609375,24324.44921875,0
2026-04-16 05:40:00+00:00,24323.30078125,24323.44921875,24303.650390625,24313.900390625,0
2026-04-16 05:45:00+00:00,24313.19921875,24323.05078125,24294.099609375,24319.80078125,0
2026-04-16 05:50:00+00:00,24319.94921875,24328.94921875,24294.5,24297.94921875,0
2026-04-16 05:55:00+00:00,24298.80078125,24304.19921875,24282.75,24299.150390625,0
2026-04-16 06:00:00+00:00,24300.25,24304.25,24290.099609375,24299.69921875,0
2026-04-16 06:05:00+00:00,24299.849609375,24301.05078125,24266.900390625,24281.150390625,0
2026-04-16 06:10:00+00:00,24280.0,24280.0,24253.69921875,24254.69921875,0
2026-04-16 06:15:00+00:00,24254.30078125,24254.30078125,24216.44921875,24243.599609375,0
2026-04-16 06:20:00+00:00,24242.69921875,24242.69921875,24218.400390625,24237.25,0
2026-04-16 06:25:00+00:00,24237.75,24237.75,24195.150390625,24197.19921875,0
2026-04-16 06:30:00+00:00,24196.30078125,24197.80078125,24157.75,24159.25,0
2026-04-16 06:35:00+00:00,24159.5,24176.900390625,24153.55078125,24171.099609375,0
2026-04-16 06:40:00+00:00,24171.099609375,24190.75,24170.5,24184.80078125,0
2026-04-16 06:45:00+00:00,24182.94921875,24189.69921875,24159.400390625,24181.400390625,0
2026-04-16 06:50:00+00:00,24180.80078125,24184.349609375,24152.69921875,24163.19921875,0
2026-04-16 06:55:00+00:00,24161.80078125,24169.400390625,24152.94921875,24162.94921875,0
2026-04-16 07:00:00+00:00,24162.94921875,24169.75,24137.849609375,24137.900390625,0
2026-04-16 07:05:00+00:00,24138.05078125,24158.80078125,24132.19921875,24158.80078125,0
2026-04-16 07:10:00+00:00,24158.650390625,24169.25,24138.650390625,24139.05078125,0
2026-04-16 07:15:00+00:00,24140.80078125,24153.05078125,24129.75,24135.69921875,0
2026-04-16 07:20:00+00:00,24136.099609375,24157.099609375,24123.599609375,24123.900390625,0
2026-04-16 07:25:00+00:00,24124.05078125,24145.25,24117.19921875,24144.55078125,0
2026-04-16 07:30:00+00:00,24144.5,24154.599609375,24136.80078125,24150.19921875,0
2026-04-16 07:35:00+00:00,24149.80078125,24160.19921875,24117.30078125,24122.900390625,0
2026-04-16 07:40:00+00:00,24124.150390625,24125.849609375,24108.099609375,24122.30078125,0
2026-04-16 07:45:00+00:00,24122.599609375,24141.94921875,24111.80078125,24137.849609375,0
2026-04-16 07:50:00+00:00,24137.849609375,24142.44921875,24103.94921875,24106.849609375,0
2026-04-16 07:55:00+00:00,24107.94921875,24123.19921875,24103.099609375,24116.05078125,0
2026-04-16 08:00:00+00:00,24116.099609375,24128.44921875,24115.30078125,24124.05078125,0
2026-04-16 08:05:00+00:00,24123.849609375,24125.69921875,24118.099609375,24124.75,0
2026-04-16 08:10:00+00:00,24124.69921875,24140.099609375,24122.099609375,24137.75,0
2026-04-16 08:15:00+00:00,24137.849609375,24151.5,24137.44921875,24151.5,0
2026-04-16 08:20:00+00:00,24151.5,24184.75,24150.55078125,24183.44921875,0
2026-04-16 08:25:00+00:00,24184.25,24190.5,24165.55078125,24183.19921875,0
2026-04-16 08:30:00+00:00,24181.900390625,24183.94921875,24138.30078125,24145.30078125,0
2026-04-16 08:35:00+00:00,24145.400390625,24158.30078125,24132.44921875,24155.94921875,0
2026-04-16 08:40:00+00:00,24156.30078125,24175.349609375,24153.349609375,24166.69921875,0
2026-04-16 08:45:00+00:00,24166.69921875,24168.849609375,24158.900390625,24165.5,0
2026-04-16 08:50:00+00:00,24165.19921875,24171.30078125,24153.75,24165.05078125,0
2026-04-16 08:55:00+00:00,24164.650390625,24186.900390625,24164.0,24186.599609375,0
2026-04-16 09:00:00+00:00,24186.5,24221.349609375,24186.5,24221.19921875,0
2026-04-16 09:05:00+00:00,24221.349609375,24228.650390625,24211.0,24222.69921875,0
2026-04-16 09:10:00+00:00,24223.099609375,24234.55078125,24212.5,24219.650390625,0
2026-04-16 09:15:00+00:00,24219.5,24240.150390625,24218.900390625,24234.599609375,0
2026-04-16 09:20:00+00:00,24234.5,24245.0,24226.94921875,24240.75,0
2026-04-16 09:25:00+00:00,24241.0,24241.150390625,24214.599609375,24230.05078125,0
2026-04-16 09:30:00+00:00,24229.44921875,24238.30078125,24187.900390625,24202.94921875,0
2026-04-16 09:35:00+00:00,24202.69921875,24208.150390625,24163.44921875,24170.25,0
2026-04-16 09:40:00+00:00,24169.94921875,24202.5,24169.599609375,24183.900390625,0
2026-04-16 09:45:00+00:00,24184.25,24203.25,24177.80078125,24180.80078125,0
2026-04-16 09:50:00+00:00,24179.75,24199.30078125,24179.25,24196.0,0
2026-04-16 09:55:00+00:00,24196.099609375,24199.94921875,24178.849609375,24188.400390625,0
2026-04-17 03:45:00+00:00,24173.599609375,24222.599609375,24109.44921875,24207.55078125,0
2026-04-17 03:50:00+00:00,24210.55078125,24232.94921875,24195.099609375,24196.900390625,0
2026-04-17 03:55:00+00:00,24196.80078125,24234.150390625,24196.44921875,24233.349609375,0
2026-04-17 04:00:00+00:00,24232.599609375,24234.75,24192.5,24196.55078125,0
2026-04-17 04:05:00+00:00,24195.05078125,24222.0,24166.900390625,24211.849609375,0
2026-04-17 04:10:00+00:00,24211.349609375,24223.44921875,24178.69921875,24191.349609375,0
2026-04-17 04:15:00+00:00,24192.75,24220.349609375,24190.0,24219.900390625,0
2026-04-17 04:20:00+00:00,24219.94921875,24231.94921875,24219.19921875,24223.0,0
2026-04-17 04:25:00+00:00,24223.69921875,24237.75,24214.650390625,24232.099609375,0
2026-04-17 04:30:00+00:00,24231.400390625,24255.30078125,24205.400390625,24255.30078125,0
2026-04-17 04:35:00+00:00,24255.650390625,24279.400390625,24255.650390625,24263.30078125,0
2026-04-17 04:40:00+00:00,24264.599609375,24274.099609375,24255.150390625,24272.94921875,0
2026-04-17 04:45:00+00:00,24273.44921875,24289.150390625,24273.44921875,24280.44921875,0
2026-04-17 04:50:00+00:00,24280.0,24291.400390625,24280.0,24286.599609375,0
2026-04-17 04:55:00+00:00,24286.44921875,24303.849609375,24285.80078125,24285.849609375,0
2026-04-17 05:00:00+00:00,24285.900390625,24296.30078125,24260.05078125,24265.0,0
2026-04-17 05:05:00+00:00,24265.400390625,24278.69921875,24252.0,24252.849609375,0
2026-04-17 05:10:00+00:00,24253.0,24265.5,24244.05078125,24260.400390625,0
2026-04-17 05:15:00+00:00,24260.44921875,24270.0,24256.849609375,24263.849609375,0
2026-04-17 05:20:00+00:00,24264.099609375,24265.55078125,24252.80078125,24256.349609375,0
2026-04-17 05:25:00+00:00,24256.349609375,24263.80078125,24253.900390625,24254.94921875,0
2026-04-17 05:30:00+00:00,24255.69921875,24261.349609375,24237.75,24246.94921875,0
2026-04-17 05:35:00+00:00,24247.05078125,24259.80078125,24246.80078125,24258.650390625,0
2026-04-17 05:40:00+00:00,24259.150390625,24275.150390625,24257.849609375,24265.099609375,0
2026-04-17 05:45:00+00:00,24264.650390625,24277.5,24264.650390625,24277.30078125,0
2026-04-17 05:50:00+00:00,24277.400390625,24282.150390625,24272.80078125,24273.80078125,0
2026-04-17 05:55:00+00:00,24274.19921875,24279.5,24266.25,24275.25,0
2026-04-17 06:00:00+00:00,24275.80078125,24287.650390625,24273.5,24287.0,0
2026-04-17 06:05:00+00:00,24287.25,24293.900390625,24283.25,24289.150390625,0
2026-04-17 06:10:00+00:00,24290.0,24302.599609375,24287.599609375,24294.900390625,0
2026-04-17 06:15:00+00:00,24295.599609375,24296.349609375,24278.44921875,24282.44921875,0
2026-04-17 06:20:00+00:00,24283.30078125,24318.75,24282.650390625,24316.44921875,0
2026-04-17 06:25:00+00:00,24316.05078125,24322.25,24269.650390625,24271.44921875,0
2026-04-17 06:30:00+00:00,24271.650390625,24277.150390625,24253.150390625,24261.349609375,0
2026-04-17 06:35:00+00:00,24261.099609375,24292.55078125,24258.30078125,24286.30078125,0
2026-04-17 06:40:00+00:00,24286.0,24287.94921875,24277.650390625,24285.599609375,0
2026-04-17 06:45:00+00:00,24286.19921875,24293.69921875,24281.599609375,24286.55078125,0
2026-04-17 06:50:00+00:00,24287.19921875,24290.349609375,24280.69921875,24288.400390625,0
2026-04-17 06:55:00+00:00,24288.55078125,24291.650390625,24282.5,24284.0,0
2026-04-17 07:00:00+00:00,24283.94921875,24285.05078125,24264.80078125,24265.349609375,0
2026-04-17 07:05:00+00:00,24265.05078125,24272.650390625,24263.75,24265.099609375,0
2026-04-17 07:10:00+00:00,24264.25,24275.849609375,24260.25,24267.0,0
2026-04-17 07:15:00+00:00,24267.150390625,24277.94921875,24266.19921875,24272.19921875,0
2026-04-17 07:20:00+00:00,24272.69921875,24275.150390625,24259.94921875,24265.349609375,0
2026-04-17 07:25:00+00:00,24264.94921875,24269.150390625,24259.900390625,24266.099609375,0
2026-04-17 07:30:00+00:00,24267.0,24275.30078125,24264.849609375,24269.80078125,0
2026-04-17 07:35:00+00:00,24269.0,24286.30078125,24267.80078125,24284.80078125,0
2026-04-17 07:40:00+00:00,24284.849609375,24292.94921875,24283.75,24285.05078125,0
2026-04-17 07:45:00+00:00,24284.30078125,24287.05078125,24269.5,24271.94921875,0
2026-04-17 07:50:00+00:00,24270.80078125,24284.05078125,24268.05078125,24273.75,0
2026-04-17 07:55:00+00:00,24273.55078125,24289.349609375,24265.400390625,24289.349609375,0
2026-04-17 08:00:00+00:00,24289.5,24296.30078125,24287.44921875,24296.30078125,0
2026-04-17 08:05:00+00:00,24296.30078125,24302.349609375,24289.25,24301.05078125,0
2026-04-17 08:10:00+00:00,24300.25,24312.80078125,24299.400390625,24301.900390625,0
2026-04-17 08:15:00+00:00,24301.599609375,24309.099609375,24301.5,24306.30078125,0
2026-04-17 08:20:00+00:00,24306.150390625,24308.05078125,24299.75,24304.0,0
2026-04-17 08:25:00+00:00,24304.25,24308.30078125,24294.05078125,24303.30078125,0
2026-04-17 08:30:00+00:00,24303.650390625,24311.69921875,24301.80078125,24302.599609375,0
2026-04-17 08:35:00+00:00,24302.5,24316.0,24300.849609375,24312.25,0
2026-04-17 08:40:00+00:00,24312.55078125,24317.75,24305.44921875,24306.849609375,0
2026-04-17 08:45:00+00:00,24307.5,24320.099609375,24306.650390625,24316.75,0
2026-04-17 08:50:00+00:00,24316.900390625,24326.55078125,24313.0,24324.650390625,0
2026-04-17 08:55:00+00:00,24323.05078125,24326.25,24305.099609375,24307.099609375,0
2026-04-17 09:00:00+00:00,24307.400390625,24315.849609375,24304.75,24314.19921875,0
2026-04-17 09:05:00+00:00,24314.30078125,24329.19921875,24308.19921875,24325.05078125,0
2026-04-17 09:10:00+00:00,24325.44921875,24342.69921875,24323.349609375,24340.44921875,0
2026-04-17 09:15:00+00:00,24339.849609375,24356.400390625,24338.0,24348.400390625,0
2026-04-17 09:20:00+00:00,24349.0,24356.55078125,24346.0,24351.05078125,0
2026-04-17 09:25:00+00:00,24349.099609375,24352.75,24342.19921875,24349.849609375,0
2026-04-17 09:30:00+00:00,24349.599609375,24356.80078125,24320.099609375,24350.150390625,0
2026-04-17 09:35:00+00:00,24349.349609375,24357.900390625,24343.94921875,24352.25,0
2026-04-17 09:40:00+00:00,24350.900390625,24356.25,24349.30078125,24354.55078125,0
2026-04-17 09:45:00+00:00,24353.650390625,24363.19921875,24348.099609375,24361.75,0
2026-04-17 09:50:00+00:00,24360.80078125,24368.69921875,24356.0,24367.19921875,0
2026-04-17 09:55:00+00:00,24367.80078125,24370.25,24358.599609375,24366.900390625,0
2026-04-20 09:35:00+00:00,24392.94921875,24392.94921875,24392.94921875,24392.94921875,0
2026-04-20 09:40:00+00:00,24393.19921875,24394.05078125,24381.0,24381.80078125,0
2026-04-20 09:45:00+00:00,24382.25,24383.19921875,24323.849609375,24325.150390625,0
2026-04-20 09:50:00+00:00,24325.44921875,24338.650390625,24318.0,24320.599609375,0
2026-04-20 09:55:00+00:00,24320.05078125,24339.94921875,24320.05078125,24330.900390625,0
2026-04-21 03:45:00+00:00,24374.55078125,24469.650390625,24357.150390625,24468.849609375,0
2026-04-21 03:50:00+00:00,24468.900390625,24485.599609375,24456.099609375,24465.5,0
2026-04-21 03:55:00+00:00,24465.05078125,24475.25,24450.5,24450.5,0
2026-04-21 04:00:00+00:00,24449.150390625,24464.150390625,24442.44921875,24460.849609375,0
2026-04-21 04:05:00+00:00,24461.5,24477.650390625,24460.75,24469.900390625,0
2026-04-21 04:10:00+00:00,24469.69921875,24471.30078125,24450.75,24466.599609375,0
2026-04-21 04:15:00+00:00,24466.599609375,24509.55078125,24465.94921875,24502.19921875,0
2026-04-21 04:20:00+00:00,24501.400390625,24512.05078125,24485.0,24499.30078125,0
2026-04-21 04:25:00+00:00,24499.05078125,24501.94921875,24491.400390625,24499.25,0
2026-04-21 04:30:00+00:00,24499.94921875,24516.099609375,24498.30078125,24516.099609375,0
2026-04-21 04:35:00+00:00,24516.150390625,24524.650390625,24507.099609375,24522.19921875,0
2026-04-21 04:40:00+00:00,24523.19921875,24524.0,24510.75,24513.150390625,0
2026-04-21 04:45:00+00:00,24513.44921875,24524.650390625,24505.599609375,24506.19921875,0
2026-04-21 04:50:00+00:00,24506.80078125,24507.44921875,24495.05078125,24499.44921875,0
2026-04-21 04:55:00+00:00,24499.599609375,24500.5,24487.5,24495.400390625,0
2026-04-21 05:00:00+00:00,24493.599609375,24527.94921875,24491.19921875,24527.19921875,0
2026-04-21 05:05:00+00:00,24527.80078125,24534.94921875,24524.19921875,24531.75,0
2026-04-21 05:10:00+00:00,24531.75,24534.650390625,24515.849609375,24529.099609375,0
2026-04-21 05:15:00+00:00,24528.05078125,24533.55078125,24517.650390625,24525.5,0
2026-04-21 05:20:00+00:00,24525.80078125,24544.150390625,24522.30078125,24541.30078125,0
2026-04-21 05:25:00+00:00,24542.349609375,24560.650390625,24541.900390625,24549.099609375,0
2026-04-21 05:30:00+00:00,24549.25,24557.900390625,24540.0,24553.150390625,0
2026-04-21 05:35:00+00:00,24552.5,24564.5,24548.349609375,24553.400390625,0
2026-04-21 05:40:00+00:00,24554.05078125,24557.55078125,24543.80078125,24557.44921875,0
2026-04-21 05:45:00+00:00,24556.44921875,24557.099609375,24546.25,24550.80078125,0
2026-04-21 05:50:00+00:00,24551.05078125,24552.099609375,24535.19921875,24541.599609375,0
2026-04-21 05:55:00+00:00,24541.75,24544.099609375,24529.94921875,24539.150390625,0
2026-04-21 06:00:00+00:00,24539.19921875,24539.19921875,24516.400390625,24518.19921875,0
2026-04-21 06:05:00+00:00,24517.69921875,24533.05078125,24513.650390625,24523.30078125,0
2026-04-21 06:10:00+00:00,24524.80078125,24529.25,24516.19921875,24528.25,0
2026-04-21 06:15:00+00:00,24528.0,24543.94921875,24527.849609375,24530.849609375,0
2026-04-21 06:20:00+00:00,24530.30078125,24532.55078125,24521.80078125,24527.5,0
2026-04-21 06:25:00+00:00,24527.25,24538.349609375,24524.94921875,24531.30078125,0
2026-04-21 06:30:00+00:00,24531.650390625,24542.55078125,24527.19921875,24540.30078125,0
2026-04-21 06:35:00+00:00,24540.400390625,24542.94921875,24536.44921875,24542.94921875,0
2026-04-21 06:40:00+00:00,24558.05078125,24568.25,24554.25,24559.05078125,0
2026-04-21 06:45:00+00:00,24559.0,24561.900390625,24547.19921875,24561.25,0
2026-04-21 06:50:00+00:00,24561.650390625,24569.650390625,24555.80078125,24558.400390625,0
2026-04-21 06:55:00+00:00,24558.900390625,24564.849609375,24545.599609375,24548.75,0
2026-04-21 07:00:00+00:00,24547.19921875,24571.05078125,24547.099609375,24547.099609375,0
2026-04-21 07:05:00+00:00,24547.94921875,24564.349609375,24546.650390625,24555.599609375,0
2026-04-21 07:10:00+00:00,24555.0,24557.099609375,24545.849609375,24552.75,0
2026-04-21 07:15:00+00:00,24552.55078125,24553.900390625,24531.69921875,24538.849609375,0
2026-04-21 07:20:00+00:00,24539.150390625,24545.599609375,24527.69921875,24540.25,0
2026-04-21 07:25:00+00:00,24539.900390625,24549.099609375,24531.30078125,24536.94921875,0
2026-04-21 07:30:00+00:00,24537.900390625,24546.099609375,24528.30078125,24529.05078125,0
2026-04-21 07:35:00+00:00,24529.25,24539.80078125,24527.400390625,24531.75,0
2026-04-21 07:40:00+00:00,24531.900390625,24543.400390625,24525.349609375,24540.400390625,0
2026-04-21 07:45:00+00:00,24540.69921875,24555.80078125,24539.900390625,24541.80078125,0
2026-04-21 07:50:00+00:00,24541.94921875,24549.69921875,24536.25,24540.099609375,0
2026-04-21 07:55:00+00:00,24540.0,24553.650390625,24538.900390625,24552.650390625,0
2026-04-21 08:00:00+00:00,24552.349609375,24568.69921875,24551.94921875,24567.400390625,0
2026-04-21 08:05:00+00:00,24568.44921875,24569.80078125,24542.349609375,24553.55078125,0
2026-04-21 08:10:00+00:00,24553.44921875,24554.349609375,24523.5,24531.25,0
2026-04-21 08:15:00+00:00,24533.5,24540.80078125,24526.599609375,24538.150390625,0
2026-04-21 08:20:00+00:00,24538.650390625,24552.94921875,24538.25,24549.349609375,0
2026-04-21 08:25:00+00:00,24548.5,24563.80078125,24548.5,24555.19921875,0
2026-04-21 08:30:00+00:00,24554.599609375,24556.75,24534.5,24540.25,0
2026-04-21 08:35:00+00:00,24541.55078125,24542.19921875,24529.80078125,24531.349609375,0
2026-04-21 08:40:00+00:00,24532.25,24540.849609375,24522.599609375,24537.400390625,0
2026-04-21 08:45:00+00:00,24537.19921875,24569.30078125,24535.69921875,24553.349609375,0
2026-04-21 08:50:00+00:00,24553.75,24584.349609375,24553.75,24576.400390625,0
2026-04-21 08:55:00+00:00,24576.44921875,24578.19921875,24559.55078125,24573.099609375,0
2026-04-21 09:00:00+00:00,24572.599609375,24574.44921875,24560.05078125,24560.650390625,0
2026-04-21 09:05:00+00:00,24560.900390625,24563.44921875,24549.80078125,24550.599609375,0
2026-04-21 09:10:00+00:00,24550.599609375,24555.55078125,24526.05078125,24536.650390625,0
2026-04-21 09:15:00+00:00,24535.44921875,24552.400390625,24534.900390625,24549.0,0
2026-04-21 09:20:00+00:00,24549.55078125,24563.150390625,24548.650390625,24560.900390625,0
2026-04-21 09:25:00+00:00,24560.900390625,24572.849609375,24559.349609375,24568.349609375,0
2026-04-21 09:30:00+00:00,24568.19921875,24600.150390625,24548.900390625,24559.44921875,0
2026-04-21 09:35:00+00:00,24558.55078125,24591.599609375,24556.55078125,24574.099609375,0
2026-04-21 09:40:00+00:00,24573.400390625,24583.0,24565.099609375,24573.0,0
2026-04-21 09:45:00+00:00,24573.900390625,24600.849609375,24567.400390625,24580.25,0
2026-04-21 09:50:00+00:00,24580.05078125,24589.849609375,24571.599609375,24578.05078125,0
2026-04-21 09:55:00+00:00,24576.19921875,24587.75,24567.849609375,24581.05078125,0
2026-04-22 03:45:00+00:00,24463.75,24515.75,24439.69921875,24479.30078125,0
2026-04-22 03:50:00+00:00,24477.44921875,24496.099609375,24459.150390625,24463.400390625,0
2026-04-22 03:55:00+00:00,24465.349609375,24465.349609375,24437.75,24440.400390625,0
2026-04-22 04:00:00+00:00,24439.44921875,24463.80078125,24428.44921875,24452.150390625,0
2026-04-22 04:05:00+00:00,24451.94921875,24466.44921875,24438.69921875,24438.69921875,0
2026-04-22 04:10:00+00:00,24437.94921875,24440.849609375,24420.900390625,24424.400390625,0
2026-04-22 04:15:00+00:00,24424.80078125,24433.55078125,24406.5,24416.94921875,0
2026-04-22 04:20:00+00:00,24418.25,24432.69921875,24406.400390625,24409.44921875,0
2026-04-22 04:25:00+00:00,24410.150390625,24410.150390625,24382.099609375,24382.25,0
2026-04-22 04:30:00+00:00,24382.900390625,24388.099609375,24354.150390625,24383.25,0
2026-04-22 04:35:00+00:00,24381.900390625,24384.25,24369.94921875,24381.69921875,0
2026-04-22 04:40:00+00:00,24381.650390625,24390.5,24371.150390625,24373.150390625,0
2026-04-22 04:45:00+00:00,24372.900390625,24385.55078125,24371.94921875,24375.400390625,0
2026-04-22 04:50:00+00:00,24375.80078125,24376.80078125,24353.69921875,24366.44921875,0
2026-04-22 04:55:00+00:00,24364.349609375,24377.349609375,24364.05078125,24373.05078125,0
2026-04-22 05:00:00+00:00,24372.30078125,24383.30078125,24367.19921875,24380.599609375,0
2026-04-22 05:05:00+00:00,24380.5,24402.099609375,24374.94921875,24401.25,0
2026-04-22 05:10:00+00:00,24401.5,24418.19921875,24398.94921875,24416.349609375,0
2026-04-22 05:15:00+00:00,24416.25,24436.099609375,24409.05078125,24424.150390625,0
2026-04-22 05:20:00+00:00,24423.650390625,24447.80078125,24423.650390625,24443.650390625,0
2026-04-22 05:25:00+00:00,24443.19921875,24447.599609375,24436.900390625,24439.900390625,0
2026-04-22 05:30:00+00:00,24440.19921875,24441.19921875,24426.400390625,24439.349609375,0
2026-04-22 05:35:00+00:00,24439.05078125,24441.0,24423.900390625,24424.75,0
2026-04-22 05:40:00+00:00,24424.349609375,24432.19921875,24412.30078125,24428.150390625,0
2026-04-22 05:45:00+00:00,24427.94921875,24439.400390625,24424.25,24438.150390625,0
2026-04-22 05:50:00+00:00,24438.19921875,24446.80078125,24430.80078125,24446.349609375,0
2026-04-22 05:55:00+00:00,24445.900390625,24449.69921875,24434.400390625,24435.44921875,0
2026-04-22 06:00:00+00:00,24435.94921875,24448.69921875,24433.94921875,24441.80078125,0
2026-04-22 06:05:00+00:00,24441.69921875,24443.44921875,24429.900390625,24430.650390625,0
2026-04-22 06:10:00+00:00,24430.75,24437.349609375,24417.05078125,24417.19921875,0
2026-04-22 06:15:00+00:00,24416.80078125,24416.80078125,24390.55078125,24405.75,0
2026-04-22 06:20:00+00:00,24405.650390625,24416.05078125,24404.349609375,24414.650390625,0
2026-04-22 06:25:00+00:00,24414.75,24428.25,24413.19921875,24426.900390625,0
2026-04-22 06:30:00+00:00,24426.849609375,24436.349609375,24426.349609375,24434.0,0
2026-04-22 06:35:00+00:00,24434.150390625,24435.599609375,24422.80078125,24422.80078125,0
2026-04-22 06:40:00+00:00,24424.099609375,24427.44921875,24409.75,24419.150390625,0
2026-04-22 06:45:00+00:00,24418.650390625,24422.75,24408.75,24409.650390625,0
2026-04-22 06:50:00+00:00,24410.30078125,24415.75,24403.0,24405.849609375,0
2026-04-22 06:55:00+00:00,24405.55078125,24419.349609375,24400.150390625,24409.900390625,0
2026-04-22 07:00:00+00:00,24410.19921875,24422.150390625,24409.80078125,24418.80078125,0
2026-04-22 07:05:00+00:00,24418.69921875,24420.150390625,24395.5,24411.099609375,0
2026-04-22 07:10:00+00:00,24411.599609375,24419.75,24407.650390625,24418.44921875,0
2026-04-22 07:15:00+00:00,24419.19921875,24423.150390625,24403.55078125,24407.400390625,0
2026-04-22 07:20:00+00:00,24406.94921875,24424.30078125,24405.05078125,24419.69921875,0
2026-04-22 07:25:00+00:00,24418.19921875,24433.400390625,24418.19921875,24429.75,0
2026-04-22 07:30:00+00:00,24431.80078125,24434.599609375,24419.80078125,24430.0,0
2026-04-22 07:35:00+00:00,24430.099609375,24437.69921875,24429.69921875,24431.44921875,0
2026-04-22 07:40:00+00:00,24432.30078125,24433.44921875,24417.80078125,24431.25,0
2026-04-22 07:45:00+00:00,24429.75,24433.150390625,24412.400390625,24412.650390625,0
2026-04-22 07:50:00+00:00,24412.80078125,24416.05078125,24385.44921875,24392.599609375,0
2026-04-22 07:55:00+00:00,24393.900390625,24415.599609375,24390.75,24415.599609375,0
2026-04-22 08:00:00+00:00,24415.900390625,24427.849609375,24409.0,24422.94921875,0
2026-04-22 08:05:00+00:00,24422.349609375,24430.25,24415.400390625,24420.75,0
2026-04-22 08:10:00+00:00,24419.900390625,24433.55078125,24419.900390625,24431.900390625,0
2026-04-22 08:15:00+00:00,24431.5,24434.55078125,24427.900390625,24432.349609375,0
2026-04-22 08:20:00+00:00,24431.75,24434.80078125,24415.099609375,24423.150390625,0
2026-04-22 08:25:00+00:00,24424.75,24453.05078125,24421.650390625,24449.55078125,0
2026-04-22 08:30:00+00:00,24449.849609375,24458.25,24419.5,24420.400390625,0
2026-04-22 08:35:00+00:00,24421.150390625,24433.75,24421.150390625,24422.599609375,0
2026-04-22 08:40:00+00:00,24423.05078125,24423.599609375,24405.900390625,24415.0,0
2026-04-22 08:45:00+00:00,24416.44921875,24418.099609375,24390.69921875,24403.349609375,0
2026-04-22 08:50:00+00:00,24403.30078125,24415.55078125,24396.19921875,24410.099609375,0
2026-04-22 08:55:00+00:00,24409.55078125,24416.94921875,24402.80078125,24405.599609375,0
2026-04-22 09:00:00+00:00,24405.650390625,24415.349609375,24402.80078125,24412.099609375,0
2026-04-22 09:05:00+00:00,24411.80078125,24430.0,24410.0,24416.099609375,0
2026-04-22 09:10:00+00:00,24417.80078125,24419.80078125,24411.69921875,24413.150390625,0
2026-04-22 09:15:00+00:00,24412.75,24420.44921875,24409.44921875,24414.44921875,0
2026-04-22 09:20:00+00:00,24414.099609375,24422.349609375,24408.5,24421.30078125,0
2026-04-22 09:25:00+00:00,24421.150390625,24430.25,24420.349609375,24425.75,0
2026-04-22 09:30:00+00:00,24423.150390625,24423.150390625,24381.30078125,24385.099609375,0
2026-04-22 09:35:00+00:00,24385.400390625,24385.75,24374.150390625,24378.900390625,0
2026-04-22 09:40:00+00:00,24378.599609375,24385.05078125,24374.849609375,24382.400390625,0
2026-04-22 09:45:00+00:00,24382.05078125,24392.650390625,24377.0,24378.44921875,0
2026-04-22 09:50:00+00:00,24379.099609375,24381.400390625,24367.55078125,24369.5,0
2026-04-22 09:55:00+00:00,24368.69921875,24371.900390625,24356.69921875,24367.650390625,0
2026-04-23 03:45:00+00:00,24208.150390625,24225.0,24138.849609375,24201.349609375,0
2026-04-23 03:50:00+00:00,24202.44921875,24228.05078125,24191.19921875,24210.650390625,0
2026-04-23 03:55:00+00:00,24210.650390625,24232.25,24193.44921875,24230.44921875,0
2026-04-23 04:00:00+00:00,24230.5,24255.900390625,24200.400390625,24213.150390625,0
2026-04-23 04:05:00+00:00,24214.80078125,24222.30078125,24193.5,24213.44921875,0
2026-04-23 04:10:00+00:00,24214.44921875,24247.05078125,24203.599609375,24242.650390625,0
2026-04-23 04:15:00+00:00,24244.69921875,24276.150390625,24233.900390625,24271.650390625,0
2026-04-23 04:20:00+00:00,24271.19921875,24298.44921875,24270.599609375,24282.94921875,0
2026-04-23 04:25:00+00:00,24283.75,24295.349609375,24282.94921875,24287.5,0
2026-04-23 04:30:00+00:00,24288.0,24306.5,24266.05078125,24306.30078125,0
2026-04-23 04:35:00+00:00,24306.55078125,24309.900390625,24281.80078125,24285.900390625,0
2026-04-23 04:40:00+00:00,24286.650390625,24287.599609375,24266.94921875,24275.349609375,0
2026-04-23 04:45:00+00:00,24276.80078125,24287.650390625,24260.599609375,24287.0,0
2026-04-23 04:50:00+00:00,24287.900390625,24291.650390625,24265.69921875,24269.75,0
2026-04-23 04:55:00+00:00,24270.30078125,24278.30078125,24260.80078125,24261.30078125,0
2026-04-23 05:00:00+00:00,24263.5,24265.400390625,24239.55078125,24244.349609375,0
2026-04-23 05:05:00+00:00,24245.44921875,24250.0,24221.650390625,24226.75,0
2026-04-23 05:10:00+00:00,24227.80078125,24229.150390625,24217.650390625,24220.0,0
2026-04-23 05:15:00+00:00,24221.30078125,24222.69921875,24185.19921875,24205.650390625,0
2026-04-23 05:20:00+00:00,24207.69921875,24217.5,24190.599609375,24210.69921875,0
2026-04-23 05:25:00+00:00,24211.849609375,24222.099609375,24197.400390625,24215.349609375,0
2026-04-23 05:30:00+00:00,24216.0,24223.19921875,24211.55078125,24223.150390625,0
2026-04-23 05:35:00+00:00,24223.75,24225.650390625,24211.69921875,24212.69921875,0
2026-04-23 05:40:00+00:00,24214.55078125,24218.19921875,24191.099609375,24191.849609375,0
2026-04-23 05:45:00+00:00,24193.19921875,24210.349609375,24188.0,24191.19921875,0
2026-04-23 05:50:00+00:00,24191.849609375,24204.44921875,24188.900390625,24189.75,0
2026-04-23 05:55:00+00:00,24191.94921875,24199.400390625,24186.75,24197.75,0
2026-04-23 06:00:00+00:00,24198.150390625,24203.94921875,24191.44921875,24192.25,0
2026-04-23 06:05:00+00:00,24193.80078125,24196.55078125,24181.849609375,24194.55078125,0
2026-04-23 06:10:00+00:00,24196.0,24197.099609375,24177.650390625,24178.150390625,0
2026-04-23 06:15:00+00:00,24179.0,24195.55078125,24172.849609375,24192.30078125,0
2026-04-23 06:20:00+00:00,24193.19921875,24218.099609375,24187.900390625,24213.25,0
2026-04-23 06:25:00+00:00,24214.44921875,24215.80078125,24202.349609375,24206.099609375,0
2026-04-23 06:30:00+00:00,24208.05078125,24208.05078125,24197.099609375,24199.44921875,0
2026-04-23 06:35:00+00:00,24200.349609375,24215.19921875,24195.94921875,24209.400390625,0
2026-04-23 06:40:00+00:00,24209.69921875,24225.900390625,24206.150390625,24222.5,0
2026-04-23 06:45:00+00:00,24222.94921875,24225.5,24215.55078125,24215.55078125,0
2026-04-23 06:50:00+00:00,24217.44921875,24231.5,24215.099609375,24223.150390625,0
2026-04-23 06:55:00+00:00,24223.94921875,24223.94921875,24179.349609375,24180.099609375,0
2026-04-23 07:00:00+00:00,24182.599609375,24183.75,24167.150390625,24178.55078125,0
2026-04-23 07:05:00+00:00,24179.75,24194.80078125,24167.099609375,24192.44921875,0
2026-04-23 07:10:00+00:00,24193.599609375,24203.0,24190.099609375,24201.650390625,0
2026-04-23 07:15:00+00:00,24202.599609375,24204.05078125,24187.150390625,24195.150390625,0
2026-04-23 07:20:00+00:00,24196.5,24205.849609375,24186.5,24203.55078125,0
2026-04-23 07:25:00+00:00,24204.69921875,24217.05078125,24202.80078125,24214.69921875,0
2026-04-23 07:30:00+00:00,24215.849609375,24216.099609375,24205.349609375,24210.25,0
2026-04-23 07:35:00+00:00,24211.099609375,24217.69921875,24200.75,24215.900390625,0
2026-04-23 07:40:00+00:00,24216.30078125,24218.5,24208.599609375,24216.19921875,0
2026-04-23 07:45:00+00:00,24217.25,24243.5,24208.19921875,24243.150390625,0
2026-04-23 07:50:00+00:00,24244.0,24276.900390625,24244.0,24273.30078125,0
2026-04-23 07:55:00+00:00,24272.69921875,24281.099609375,24255.55078125,24271.44921875,0
2026-04-23 08:00:00+00:00,24271.75,24272.44921875,24248.5,24248.75,0
2026-04-23 08:05:00+00:00,24249.19921875,24249.19921875,24208.099609375,24215.80078125,0
2026-04-23 08:10:00+00:00,24216.75,24219.55078125,24204.30078125,24213.69921875,0
2026-04-23 08:15:00+00:00,24214.94921875,24221.900390625,24207.75,24216.75,0
2026-04-23 08:20:00+00:00,24217.849609375,24234.849609375,24217.849609375,24234.05078125,0
2026-04-23 08:25:00+00:00,24233.80078125,24252.75,24229.94921875,24241.5,0
2026-04-23 08:30:00+00:00,24242.099609375,24242.75,24224.55078125,24234.44921875,0
2026-04-23 08:35:00+00:00,24235.5,24235.5,24219.55078125,24219.900390625,0
2026-04-23 08:40:00+00:00,24219.849609375,24219.849609375,24207.650390625,24209.19921875,0
2026-04-23 08:45:00+00:00,24209.099609375,24221.400390625,24203.400390625,24203.55078125,0
2026-04-23 08:50:00+00:00,24204.0,24217.599609375,24189.400390625,24202.25,0
2026-04-23 08:55:00+00:00,24203.349609375,24203.94921875,24189.19921875,24189.44921875,0
2026-04-23 09:00:00+00:00,24190.94921875,24190.94921875,24174.05078125,24175.150390625,0
2026-04-23 09:05:00+00:00,24176.150390625,24182.099609375,24167.349609375,24175.349609375,0
2026-04-23 09:10:00+00:00,24176.400390625,24182.5,24160.650390625,24162.599609375,0
2026-04-23 09:15:00+00:00,24163.75,24194.05078125,24157.94921875,24179.150390625,0
2026-04-23 09:20:00+00:00,24178.599609375,24190.55078125,24173.349609375,24178.69921875,0
2026-04-23 09:25:00+00:00,24179.650390625,24184.80078125,24173.849609375,24180.849609375,0
2026-04-23 09:30:00+00:00,24181.80078125,24216.69921875,24181.80078125,24192.0,0
2026-04-23 09:35:00+00:00,24191.900390625,24202.400390625,24177.55078125,24186.650390625,0
2026-04-23 09:40:00+00:00,24186.400390625,24189.05078125,24159.0,24160.0,0
2026-04-23 09:45:00+00:00,24161.30078125,24171.30078125,24152.19921875,24159.69921875,0
2026-04-23 09:50:00+00:00,24159.5,24175.099609375,24156.400390625,24161.900390625,0
2026-04-23 09:55:00+00:00,24162.150390625,24169.19921875,24149.80078125,24156.05078125,0
2026-04-24 03:45:00+00:00,24109.55078125,24203.349609375,24102.25,24124.19921875,0
2026-04-24 03:50:00+00:00,24121.150390625,24121.75,24080.150390625,24091.099609375,0
2026-04-24 03:55:00+00:00,24091.30078125,24091.30078125,24056.80078125,24058.099609375,0
2026-04-24 04:00:00+00:00,24058.05078125,24061.599609375,24012.30078125,24017.650390625,0
2026-04-24 04:05:00+00:00,24017.30078125,24027.150390625,24001.30078125,24002.44921875,0
2026-04-24 04:10:00+00:00,24002.0,24006.400390625,23984.0,23984.25,0
2026-04-24 04:15:00+00:00,23985.400390625,23985.400390625,23957.150390625,23984.099609375,0
2026-04-24 04:20:00+00:00,23984.150390625,23987.150390625,23955.30078125,23959.099609375,0
2026-04-24 04:25:00+00:00,23957.400390625,23964.05078125,23944.849609375,23955.0,0
2026-04-24 04:30:00+00:00,23954.900390625,23995.400390625,23954.5,23990.400390625,0
2026-04-24 04:35:00+00:00,23990.400390625,24003.349609375,23986.349609375,23986.94921875,0
2026-04-24 04:40:00+00:00,23986.650390625,24000.900390625,23977.349609375,23992.849609375,0
2026-04-24 04:45:00+00:00,23992.25,23992.25,23969.099609375,23971.30078125,0
2026-04-24 04:50:00+00:00,23971.900390625,23974.69921875,23943.44921875,23943.900390625,0
2026-04-24 04:55:00+00:00,23943.94921875,23962.150390625,23937.400390625,23957.69921875,0
2026-04-24 05:00:00+00:00,23956.19921875,23971.19921875,23951.900390625,23965.400390625,0
2026-04-24 05:05:00+00:00,23965.25,23967.75,23945.75,23956.599609375,0
2026-04-24 05:10:00+00:00,23955.80078125,23959.69921875,23932.80078125,23933.650390625,0
2026-04-24 05:15:00+00:00,23933.400390625,23939.75,23915.5,23920.19921875,0
2026-04-24 05:20:00+00:00,23920.849609375,23944.0,23918.05078125,23942.05078125,0
2026-04-24 05:25:00+00:00,23943.349609375,23944.849609375,23923.94921875,23925.400390625,0
2026-04-24 05:30:00+00:00,23925.55078125,23928.19921875,23914.599609375,23924.400390625,0
2026-04-24 05:35:00+00:00,23925.099609375,23943.80078125,23920.900390625,23921.650390625,0
2026-04-24 05:40:00+00:00,23921.25,23926.150390625,23910.05078125,23916.19921875,0
2026-04-24 05:45:00+00:00,23915.099609375,23924.80078125,23904.25,23920.25,0
2026-04-24 05:50:00+00:00,23919.0,23938.5,23918.5,23928.650390625,0
2026-04-24 05:55:00+00:00,23928.599609375,23942.75,23926.400390625,23931.30078125,0
2026-04-24 06:00:00+00:00,23930.400390625,23949.30078125,23928.900390625,23939.69921875,0
2026-04-24 06:05:00+00:00,23938.80078125,23942.650390625,23925.349609375,23936.0,0
2026-04-24 06:10:00+00:00,23935.400390625,23937.599609375,23922.650390625,23927.05078125,0
2026-04-24 06:15:00+00:00,23926.30078125,23926.650390625,23905.69921875,23906.900390625,0
2026-04-24 06:20:00+00:00,23906.599609375,23907.599609375,23895.0,23899.5,0
2026-04-24 06:25:00+00:00,23899.05078125,23906.099609375,23894.55078125,23898.25,0
2026-04-24 06:30:00+00:00,23897.75,23908.0,23894.150390625,23906.75,0
2026-04-24 06:35:00+00:00,23905.900390625,23920.599609375,23903.650390625,23918.25,0
2026-04-24 06:40:00+00:00,23917.75,23933.05078125,23915.5,23930.650390625,0
2026-04-24 06:45:00+00:00,23930.80078125,23936.5,23922.80078125,23931.05078125,0
2026-04-24 06:50:00+00:00,23930.5,23932.80078125,23897.599609375,23897.599609375,0
2026-04-24 06:55:00+00:00,23897.69921875,23898.849609375,23878.900390625,23881.80078125,0
2026-04-24 07:00:00+00:00,23881.849609375,23906.900390625,23880.30078125,23906.400390625,0
2026-04-24 07:05:00+00:00,23905.849609375,23910.69921875,23888.69921875,23901.849609375,0
2026-04-24 07:10:00+00:00,23901.5,23906.349609375,23880.94921875,23882.099609375,0
2026-04-24 07:15:00+00:00,23881.099609375,23903.05078125,23881.099609375,23897.30078125,0
2026-04-24 07:20:00+00:00,23897.0,23910.650390625,23896.0,23905.599609375,0
2026-04-24 07:25:00+00:00,23905.30078125,23919.05078125,23900.69921875,23904.349609375,0
2026-04-24 07:30:00+00:00,23904.30078125,23905.5,23876.849609375,23876.849609375,0
2026-04-24 07:35:00+00:00,23876.25,23885.44921875,23873.599609375,23874.80078125,0
2026-04-24 07:40:00+00:00,23873.599609375,23875.5,23851.25,23865.5,0
2026-04-24 07:45:00+00:00,23865.599609375,23870.25,23855.900390625,23869.349609375,0
2026-04-24 07:50:00+00:00,23871.19921875,23877.599609375,23864.400390625,23868.25,0
2026-04-24 07:55:00+00:00,23868.25,23880.05078125,23865.75,23878.30078125,0
2026-04-24 08:00:00+00:00,23878.400390625,23878.55078125,23852.05078125,23855.55078125,0
2026-04-24 08:05:00+00:00,23854.650390625,23868.099609375,23836.349609375,23841.30078125,0
2026-04-24 08:10:00+00:00,23840.599609375,23845.80078125,23826.400390625,23830.400390625,0
2026-04-24 08:15:00+00:00,23829.599609375,23855.900390625,23829.599609375,23848.69921875,0
2026-04-24 08:20:00+00:00,23847.849609375,23858.55078125,23845.25,23854.55078125,0
2026-04-24 08:25:00+00:00,23854.0,23855.44921875,23838.30078125,23846.30078125,0
2026-04-24 08:30:00+00:00,23847.599609375,23849.94921875,23835.900390625,23838.75,0
2026-04-24 08:35:00+00:00,23840.25,23845.55078125,23815.349609375,23839.099609375,0
2026-04-24 08:40:00+00:00,23839.80078125,23847.599609375,23837.69921875,23841.650390625,0
2026-04-24 08:45:00+00:00,23841.44921875,23864.150390625,23840.150390625,23861.5,0
2026-04-24 08:50:00+00:00,23860.650390625,23878.599609375,23858.0,23863.05078125,0
2026-04-24 08:55:00+00:00,23863.150390625,23890.349609375,23858.75,23888.55078125,0
2026-04-24 09:00:00+00:00,23887.75,23915.25,23885.94921875,23906.849609375,0
2026-04-24 09:05:00+00:00,23907.30078125,23925.44921875,23907.30078125,23915.599609375,0
2026-04-24 09:10:00+00:00,23916.80078125,23926.900390625,23908.44921875,23926.0,0
2026-04-24 09:15:00+00:00,23925.44921875,23930.5,23915.05078125,23920.900390625,0
2026-04-24 09:20:00+00:00,23920.599609375,23930.150390625,23905.05078125,23916.0,0
2026-04-24 09:25:00+00:00,23916.30078125,23924.94921875,23911.099609375,23920.900390625,0
2026-04-24 09:30:00+00:00,23920.650390625,23920.650390625,23870.44921875,23871.19921875,0
2026-04-24 09:35:00+00:00,23871.349609375,23896.849609375,23863.30078125,23893.5,0
2026-04-24 09:40:00+00:00,23893.19921875,23896.650390625,23882.400390625,23895.44921875,0
2026-04-24 09:45:00+00:00,23895.25,23924.19921875,23894.5,23916.650390625,0
2026-04-24 09:50:00+00:00,23915.150390625,23917.05078125,23899.349609375,23910.900390625,0
2026-04-24 09:55:00+00:00,23910.19921875,23914.30078125,23900.69921875,23903.94921875,0
2026-04-27 03:45:00+00:00,23965.349609375,24047.349609375,23952.0,24020.349609375,0
2026-04-27 03:50:00+00:00,24020.400390625,24066.44921875,24020.400390625,24046.599609375,0
2026-04-27 03:55:00+00:00,24044.44921875,24062.80078125,24025.30078125,24042.0,0
2026-04-27 04:00:00+00:00,24045.05078125,24057.69921875,24003.599609375,24008.849609375,0
2026-04-27 04:05:00+00:00,24008.900390625,24033.25,23998.30078125,24007.19921875,0
2026-04-27 04:10:00+00:00,24006.849609375,24045.400390625,24006.849609375,24045.400390625,0
2026-04-27 04:15:00+00:00,24043.44921875,24084.69921875,24043.44921875,24082.150390625,0
2026-04-27 04:20:00+00:00,24082.25,24101.05078125,24075.44921875,24099.80078125,0
2026-04-27 04:25:00+00:00,24099.150390625,24107.349609375,24092.349609375,24099.05078125,0
2026-04-27 04:30:00+00:00,24098.75,24102.650390625,24079.599609375,24080.19921875,0
2026-04-27 04:35:00+00:00,24079.099609375,24091.150390625,24068.900390625,24081.099609375,0
2026-04-27 04:40:00+00:00,24080.94921875,24090.0,24061.69921875,24063.30078125,0
2026-04-27 04:45:00+00:00,24063.900390625,24103.150390625,24063.900390625,24097.44921875,0
2026-04-27 04:50:00+00:00,24097.44921875,24098.0,24063.75,24066.30078125,0
2026-04-27 04:55:00+00:00,24067.30078125,24071.349609375,24045.400390625,24058.30078125,0
2026-04-27 05:00:00+00:00,24058.099609375,24061.19921875,24013.0,24023.19921875,0
2026-04-27 05:05:00+00:00,24022.5,24032.599609375,24014.400390625,24017.25,0
2026-04-27 05:10:00+00:00,24016.25,24049.69921875,24014.05078125,24043.44921875,0
2026-04-27 05:15:00+00:00,24041.599609375,24068.349609375,24025.75,24067.599609375,0
2026-04-27 05:20:00+00:00,24067.69921875,24088.94921875,24066.0,24080.099609375,0
2026-04-27 05:25:00+00:00,24079.849609375,24082.44921875,24071.349609375,24072.19921875,0
2026-04-27 05:30:00+00:00,24071.94921875,24076.599609375,24054.75,24063.599609375,0
2026-04-27 05:35:00+00:00,24062.75,24066.900390625,24026.849609375,24030.55078125,0
2026-04-27 05:40:00+00:00,24030.25,24059.30078125,24029.650390625,24056.900390625,0
2026-04-27 05:45:00+00:00,24055.44921875,24077.5,24053.30078125,24071.599609375,0
2026-04-27 05:50:00+00:00,24071.150390625,24073.05078125,24056.30078125,24058.0,0
2026-04-27 05:55:00+00:00,24057.400390625,24057.599609375,24029.69921875,24030.94921875,0
2026-04-27 06:00:00+00:00,24031.650390625,24039.849609375,24005.849609375,24014.150390625,0
2026-04-27 06:05:00+00:00,24012.900390625,24012.900390625,23974.400390625,23990.349609375,0
2026-04-27 06:10:00+00:00,23990.0,24002.099609375,23987.150390625,23998.650390625,0
2026-04-27 06:15:00+00:00,23998.44921875,24024.30078125,23984.30078125,24022.25,0
2026-04-27 06:20:00+00:00,24023.44921875,24023.44921875,24002.55078125,24019.19921875,0
2026-04-27 06:25:00+00:00,24019.30078125,24039.900390625,24018.349609375,24037.19921875,0
2026-04-27 06:30:00+00:00,24036.19921875,24038.30078125,24022.80078125,24030.25,0
2026-04-27 06:35:00+00:00,24028.599609375,24045.150390625,24027.0,24033.30078125,0
2026-04-27 06:40:00+00:00,24034.55078125,24044.849609375,24032.55078125,24040.5,0
2026-04-27 06:45:00+00:00,24039.849609375,24048.099609375,24035.69921875,24044.75,0
2026-04-27 06:50:00+00:00,24044.25,24046.25,24031.19921875,24043.75,0
2026-04-27 06:55:00+00:00,24043.599609375,24066.099609375,24042.44921875,24059.0,0
2026-04-27 07:00:00+00:00,24057.75,24077.94921875,24056.94921875,24076.05078125,0
2026-04-27 07:05:00+00:00,24075.150390625,24092.849609375,24074.69921875,24078.650390625,0
2026-04-27 07:10:00+00:00,24077.900390625,24082.5,24071.099609375,24075.69921875,0
2026-04-27 07:15:00+00:00,24074.75,24078.650390625,24069.69921875,24072.69921875,0
2026-04-27 07:20:00+00:00,24072.75,24084.0,24065.44921875,24074.30078125,0
2026-04-27 07:25:00+00:00,24073.25,24077.69921875,24067.19921875,24071.5,0
2026-04-27 07:30:00+00:00,24071.69921875,24088.400390625,24071.69921875,24082.30078125,0
2026-04-27 07:35:00+00:00,24082.5,24091.94921875,24069.400390625,24090.94921875,0
2026-04-27 07:40:00+00:00,24090.0,24100.0,24079.900390625,24099.75,0
2026-04-27 07:45:00+00:00,24100.19921875,24116.30078125,24099.19921875,24104.650390625,0
2026-04-27 07:50:00+00:00,24102.0,24112.400390625,24093.30078125,24109.94921875,0
2026-04-27 07:55:00+00:00,24109.400390625,24120.19921875,24106.55078125,24107.5,0
2026-04-27 08:00:00+00:00,24107.80078125,24110.94921875,24099.400390625,24109.0,0
2026-04-27 08:05:00+00:00,24108.900390625,24118.25,24107.05078125,24112.099609375,0
2026-04-27 08:10:00+00:00,24111.55078125,24126.80078125,24110.900390625,24116.25,0
2026-04-27 08:15:00+00:00,24114.75,24129.30078125,24108.400390625,24109.69921875,0
2026-04-27 08:20:00+00:00,24109.349609375,24117.099609375,24102.44921875,24116.30078125,0
2026-04-27 08:25:00+00:00,24115.19921875,24119.55078125,24106.19921875,24114.25,0
2026-04-27 08:30:00+00:00,24113.349609375,24120.30078125,24106.400390625,24114.30078125,0
2026-04-27 08:35:00+00:00,24113.099609375,24119.80078125,24105.650390625,24109.80078125,0
2026-04-27 08:40:00+00:00,24109.849609375,24124.55078125,24109.099609375,24122.19921875,0
2026-04-27 08:45:00+00:00,24122.099609375,24124.0,24110.55078125,24119.650390625,0
2026-04-27 08:50:00+00:00,24118.69921875,24119.849609375,24108.150390625,24110.0,0
2026-04-27 08:55:00+00:00,24109.650390625,24112.80078125,24102.19921875,24111.19921875,0
2026-04-27 09:00:00+00:00,24109.900390625,24110.44921875,24080.44921875,24083.5,0
2026-04-27 09:05:00+00:00,24083.0,24107.44921875,24078.900390625,24096.650390625,0
2026-04-27 09:10:00+00:00,24097.150390625,24112.5,24091.75,24110.650390625,0
2026-04-27 09:15:00+00:00,24110.05078125,24111.5,24097.80078125,24107.75,0
2026-04-27 09:20:00+00:00,24105.599609375,24126.150390625,24103.30078125,24126.150390625,0
2026-04-27 09:25:00+00:00,24125.599609375,24130.30078125,24113.80078125,24121.94921875,0
2026-04-27 09:30:00+00:00,24118.19921875,24119.44921875,24093.349609375,24099.55078125,0
2026-04-27 09:35:00+00:00,24098.94921875,24100.25,24089.80078125,24093.69921875,0
2026-04-27 09:40:00+00:00,24093.05078125,24102.69921875,24088.94921875,24094.30078125,0
2026-04-27 09:45:00+00:00,24095.150390625,24096.5,24077.849609375,24079.80078125,0
2026-04-27 09:50:00+00:00,24081.5,24099.55078125,24079.650390625,24090.30078125,0
2026-04-27 09:55:00+00:00,24090.19921875,24112.75,24082.25,24110.19921875,0
2026-04-28 03:45:00+00:00,24044.900390625,24096.44921875,24001.349609375,24093.849609375,0
2026-04-28 03:50:00+00:00,24094.75,24109.25,24074.25,24086.69921875,0
2026-04-28 03:55:00+00:00,24086.80078125,24133.150390625,24086.80078125,24115.349609375,0
2026-04-28 04:00:00+00:00,24116.19921875,24120.05078125,24100.19921875,24105.94921875,0
2026-04-28 04:05:00+00:00,24107.0,24112.80078125,24090.400390625,24101.900390625,0
2026-04-28 04:10:00+00:00,24103.19921875,24133.19921875,24101.55078125,24128.30078125,0
2026-04-28 04:15:00+00:00,24130.80078125,24149.599609375,24120.55078125,24120.80078125,0
2026-04-28 04:20:00+00:00,24121.69921875,24128.5,24112.94921875,24123.349609375,0
2026-04-28 04:25:00+00:00,24124.69921875,24156.349609375,24124.400390625,24155.30078125,0
2026-04-28 04:30:00+00:00,24154.349609375,24167.900390625,24153.75,24155.19921875,0
2026-04-28 04:35:00+00:00,24155.5,24166.349609375,24145.400390625,24160.55078125,0
2026-04-28 04:40:00+00:00,24161.150390625,24162.19921875,24145.05078125,24148.30078125,0
2026-04-28 04:45:00+00:00,24148.400390625,24162.099609375,24144.5,24157.400390625,0
2026-04-28 04:50:00+00:00,24158.5,24174.849609375,24154.80078125,24170.599609375,0
2026-04-28 04:55:00+00:00,24170.80078125,24181.75,24164.44921875,24166.80078125,0
2026-04-28 05:00:00+00:00,24168.19921875,24171.94921875,24150.30078125,24152.0,0
2026-04-28 05:05:00+00:00,24152.80078125,24153.349609375,24134.0,24139.80078125,0
2026-04-28 05:10:00+00:00,24139.94921875,24140.400390625,24124.25,24134.849609375,0
2026-04-28 05:15:00+00:00,24135.599609375,24154.599609375,24134.349609375,24150.30078125,0
2026-04-28 05:20:00+00:00,24151.900390625,24165.94921875,24150.44921875,24162.19921875,0
2026-04-28 05:25:00+00:00,24163.5,24174.650390625,24162.44921875,24167.80078125,0
2026-04-28 05:30:00+00:00,24169.849609375,24169.849609375,24153.25,24161.349609375,0
2026-04-28 05:35:00+00:00,24162.150390625,24163.099609375,24137.5,24144.94921875,0
2026-04-28 05:40:00+00:00,24145.900390625,24149.099609375,24132.599609375,24148.0,0
2026-04-28 05:45:00+00:00,24148.150390625,24148.94921875,24124.349609375,24127.0,0
2026-04-28 05:50:00+00:00,24129.0,24137.55078125,24109.94921875,24111.650390625,0
2026-04-28 05:55:00+00:00,24112.150390625,24112.25,24057.900390625,24058.0,0
2026-04-28 06:00:00+00:00,24057.849609375,24065.69921875,24045.349609375,24059.25,0
2026-04-28 06:05:00+00:00,24060.599609375,24083.94921875,24058.44921875,24082.0,0
2026-04-28 06:10:00+00:00,24082.30078125,24086.75,24073.30078125,24085.400390625,0
2026-04-28 06:15:00+00:00,24086.44921875,24093.80078125,24078.05078125,24085.94921875,0
2026-04-28 06:20:00+00:00,24086.55078125,24088.5,24072.19921875,24074.599609375,0
2026-04-28 06:25:00+00:00,24075.30078125,24077.349609375,24055.599609375,24056.0,0
2026-04-28 06:30:00+00:00,24058.099609375,24058.599609375,24034.30078125,24039.5,0
2026-04-28 06:35:00+00:00,24038.94921875,24041.75,24029.30078125,24035.349609375,0
2026-04-28 06:40:00+00:00,24033.599609375,24050.900390625,24033.599609375,24048.25,0
2026-04-28 06:45:00+00:00,24046.849609375,24057.44921875,24035.0,24036.0,0
2026-04-28 06:50:00+00:00,24036.0,24040.150390625,24003.849609375,24017.44921875,0
2026-04-28 06:55:00+00:00,24015.849609375,24030.05078125,24008.69921875,24012.44921875,0
2026-04-28 07:00:00+00:00,24011.900390625,24013.0,23992.55078125,24004.25,0
2026-04-28 07:05:00+00:00,24006.099609375,24020.150390625,24004.25,24007.849609375,0
2026-04-28 07:10:00+00:00,24009.349609375,24031.0,24007.150390625,24029.849609375,0
2026-04-28 07:15:00+00:00,24030.80078125,24038.5,24021.400390625,24031.44921875,0
2026-04-28 07:20:00+00:00,24033.099609375,24040.44921875,24022.0,24022.55078125,0
2026-04-28 07:25:00+00:00,24023.05078125,24029.55078125,24006.0,24007.349609375,0
2026-04-28 07:30:00+00:00,24007.900390625,24029.94921875,23999.69921875,24018.19921875,0
2026-04-28 07:35:00+00:00,24018.44921875,24033.650390625,24015.05078125,24030.55078125,0
2026-04-28 07:40:00+00:00,24030.75,24034.0,24017.599609375,24017.599609375,0
2026-04-28 07:45:00+00:00,24018.69921875,24037.849609375,24018.05078125,24033.94921875,0
2026-04-28 07:50:00+00:00,24035.349609375,24043.5,24023.19921875,24041.5,0
2026-04-28 07:55:00+00:00,24042.5,24049.0,24019.44921875,24019.44921875,0
2026-04-28 08:00:00+00:00,24021.05078125,24022.05078125,23995.69921875,23998.900390625,0
2026-04-28 08:05:00+00:00,23999.650390625,24001.400390625,23961.599609375,23992.55078125,0
2026-04-28 08:10:00+00:00,23993.30078125,24014.900390625,23990.30078125,24002.650390625,0
2026-04-28 08:15:00+00:00,24003.05078125,24005.0,23988.80078125,23988.80078125,0
2026-04-28 08:20:00+00:00,23989.55078125,24016.349609375,23985.75,24010.44921875,0
2026-04-28 08:25:00+00:00,24011.05078125,24029.849609375,23995.30078125,24010.55078125,0
2026-04-28 08:30:00+00:00,24011.599609375,24011.75,23999.75,24004.19921875,0
2026-04-28 08:35:00+00:00,24004.69921875,24008.099609375,23995.849609375,24007.30078125,0
2026-04-28 08:40:00+00:00,24007.69921875,24007.69921875,23981.94921875,23981.94921875,0
2026-04-28 08:45:00+00:00,23983.19921875,23998.55078125,23972.94921875,23993.349609375,0
2026-04-28 08:50:00+00:00,23994.150390625,24013.44921875,23988.599609375,24004.75,0
2026-04-28 08:55:00+00:00,24005.400390625,24012.099609375,23990.75,23997.400390625,0
2026-04-28 09:00:00+00:00,23998.94921875,24036.599609375,23998.44921875,24008.849609375,0
2026-04-28 09:05:00+00:00,24010.30078125,24031.0,24008.19921875,24023.599609375,0
2026-04-28 09:10:00+00:00,24024.849609375,24032.900390625,24012.099609375,24032.19921875,0
2026-04-28 09:15:00+00:00,24032.0,24041.599609375,24019.099609375,24037.05078125,0
2026-04-28 09:20:00+00:00,24038.75,24045.75,24030.25,24044.349609375,0
2026-04-28 09:25:00+00:00,24045.650390625,24046.44921875,24028.849609375,24039.150390625,0
2026-04-28 09:30:00+00:00,24039.849609375,24042.44921875,23988.400390625,24002.150390625,0
2026-04-28 09:35:00+00:00,24002.69921875,24014.55078125,23979.400390625,23979.55078125,0
2026-04-28 09:40:00+00:00,23980.400390625,23981.349609375,23968.650390625,23972.44921875,0
2026-04-28 09:45:00+00:00,23972.75,23974.650390625,23958.05078125,23968.44921875,0
2026-04-28 09:50:00+00:00,23969.25,23981.05078125,23963.55078125,23981.05078125,0
2026-04-28 09:55:00+00:00,23982.44921875,24016.5,23980.80078125,24016.5,0
2026-04-29 03:45:00+00:00,24103.0,24122.400390625,24070.5,24090.80078125,0
2026-04-29 03:50:00+00:00,24091.0,24120.400390625,24060.650390625,24077.900390625,0
2026-04-29 03:55:00+00:00,24079.650390625,24114.150390625,24066.94921875,24111.55078125,0
2026-04-29 04:00:00+00:00,24110.44921875,24126.44921875,24087.349609375,24092.349609375,0
2026-04-29 04:05:00+00:00,24093.150390625,24111.099609375,24087.55078125,24105.05078125,0
2026-04-29 04:10:00+00:00,24106.94921875,24144.400390625,24102.80078125,24141.349609375,0
2026-04-29 04:15:00+00:00,24142.650390625,24164.80078125,24141.80078125,24164.80078125,0
2026-04-29 04:20:00+00:00,24165.900390625,24177.25,24158.400390625,24173.94921875,0
2026-04-29 04:25:00+00:00,24176.19921875,24180.099609375,24165.900390625,24173.19921875,0
2026-04-29 04:30:00+00:00,24174.599609375,24210.75,24174.599609375,24201.30078125,0
2026-04-29 04:35:00+00:00,24202.69921875,24216.94921875,24196.650390625,24211.75,0
2026-04-29 04:40:00+00:00,24212.69921875,24235.849609375,24210.5,24233.80078125,0
2026-04-29 04:45:00+00:00,24235.19921875,24252.150390625,24234.650390625,24243.099609375,0
2026-04-29 04:50:00+00:00,24246.099609375,24273.099609375,24243.30078125,24270.44921875,0
2026-04-29 04:55:00+00:00,24270.650390625,24294.5,24264.30078125,24290.150390625,0
2026-04-29 05:00:00+00:00,24290.400390625,24290.94921875,24264.05078125,24283.19921875,0
2026-04-29 05:05:00+00:00,24285.0,24291.69921875,24268.69921875,24268.69921875,0
2026-04-29 05:10:00+00:00,24271.099609375,24274.55078125,24263.099609375,24267.44921875,0
2026-04-29 05:15:00+00:00,24268.400390625,24272.80078125,24254.80078125,24271.650390625,0
2026-04-29 05:20:00+00:00,24272.599609375,24290.05078125,24270.55078125,24285.05078125,0
2026-04-29 05:25:00+00:00,24286.599609375,24290.650390625,24280.900390625,24287.099609375,0
2026-04-29 05:30:00+00:00,24288.25,24298.849609375,24276.44921875,24277.05078125,0
2026-04-29 05:35:00+00:00,24277.44921875,24294.75,24273.099609375,24292.599609375,0
2026-04-29 05:40:00+00:00,24294.0,24294.599609375,24282.099609375,24288.150390625,0
2026-04-29 05:45:00+00:00,24289.900390625,24295.349609375,24268.30078125,24276.099609375,0
2026-04-29 05:50:00+00:00,24277.5,24294.5,24273.75,24277.349609375,0
2026-04-29 05:55:00+00:00,24278.099609375,24283.69921875,24260.0,24263.25,0
2026-04-29 06:00:00+00:00,24266.099609375,24282.349609375,24263.5,24278.150390625,0
2026-04-29 06:05:00+00:00,24278.80078125,24281.69921875,24272.30078125,24276.599609375,0
2026-04-29 06:10:00+00:00,24278.19921875,24286.400390625,24270.75,24271.849609375,0
2026-04-29 06:15:00+00:00,24273.30078125,24275.75,24263.650390625,24267.05078125,0
2026-04-29 06:20:00+00:00,24269.599609375,24277.849609375,24265.900390625,24271.05078125,0
2026-04-29 06:25:00+00:00,24272.44921875,24277.849609375,24267.25,24276.94921875,0
2026-04-29 06:30:00+00:00,24278.19921875,24283.650390625,24272.69921875,24273.05078125,0
2026-04-29 06:35:00+00:00,24274.44921875,24284.25,24267.55078125,24283.0,0
2026-04-29 06:40:00+00:00,24284.599609375,24311.150390625,24283.44921875,24293.150390625,0
2026-04-29 06:45:00+00:00,24295.099609375,24304.94921875,24293.19921875,24301.55078125,0
2026-04-29 06:50:00+00:00,24302.849609375,24311.05078125,24294.19921875,24310.44921875,0
2026-04-29 06:55:00+00:00,24311.44921875,24316.150390625,24304.80078125,24307.099609375,0
2026-04-29 07:00:00+00:00,24309.349609375,24326.25,24305.5,24324.69921875,0
2026-04-29 07:05:00+00:00,24325.900390625,24330.80078125,24322.55078125,24328.599609375,0
2026-04-29 07:10:00+00:00,24330.30078125,24331.650390625,24314.55078125,24321.599609375,0
2026-04-29 07:15:00+00:00,24323.150390625,24327.099609375,24316.650390625,24321.30078125,0
2026-04-29 07:20:00+00:00,24323.55078125,24329.69921875,24315.44921875,24321.30078125,0
2026-04-29 07:25:00+00:00,24322.400390625,24325.69921875,24314.599609375,24316.849609375,0
2026-04-29 07:30:00+00:00,24318.94921875,24321.5,24311.5,24317.400390625,0
2026-04-29 07:35:00+00:00,24316.55078125,24334.19921875,24314.75,24319.19921875,0
2026-04-29 07:40:00+00:00,24320.900390625,24332.5,24313.80078125,24318.19921875,0
2026-04-29 07:45:00+00:00,24319.69921875,24322.849609375,24311.650390625,24320.849609375,0
2026-04-29 07:50:00+00:00,24322.80078125,24325.849609375,24306.25,24310.19921875,0
2026-04-29 07:55:00+00:00,24311.5,24320.44921875,24304.599609375,24305.19921875,0
2026-04-29 08:00:00+00:00,24307.25,24317.0,24305.75,24313.099609375,0
2026-04-29 08:05:00+00:00,24314.349609375,24316.75,24281.94921875,24285.0,0
2026-04-29 08:10:00+00:00,24286.30078125,24286.30078125,24267.5,24272.55078125,0
2026-04-29 08:15:00+00:00,24273.650390625,24273.900390625,24255.599609375,24266.05078125,0
2026-04-29 08:20:00+00:00,24268.75,24283.30078125,24263.150390625,24269.849609375,0
2026-04-29 08:25:00+00:00,24271.400390625,24280.0,24254.94921875,24254.94921875,0
2026-04-29 08:30:00+00:00,24256.19921875,24259.849609375,24200.75,24202.44921875,0
2026-04-29 08:35:00+00:00,24205.5,24225.25,24200.849609375,24207.19921875,0
2026-04-29 08:40:00+00:00,24208.44921875,24217.349609375,24197.44921875,24214.599609375,0
2026-04-29 08:45:00+00:00,24215.599609375,24215.599609375,24189.30078125,24189.30078125,0
2026-04-29 08:50:00+00:00,24190.650390625,24217.5,24184.94921875,24214.44921875,0
2026-04-29 08:55:00+00:00,24216.349609375,24216.349609375,24185.94921875,24186.69921875,0
2026-04-29 09:00:00+00:00,24188.44921875,24211.25,24182.099609375,24207.75,0
2026-04-29 09:05:00+00:00,24209.25,24209.25,24193.099609375,24205.05078125,0
2026-04-29 09:10:00+00:00,24206.400390625,24229.25,24204.349609375,24229.150390625,0
2026-04-29 09:15:00+00:00,24230.69921875,24230.69921875,24200.75,24206.0,0
2026-04-29 09:20:00+00:00,24208.0,24211.55078125,24197.0,24206.099609375,0
2026-04-29 09:25:00+00:00,24208.150390625,24208.349609375,24183.900390625,24185.44921875,0
2026-04-29 09:30:00+00:00,24187.349609375,24209.80078125,24184.30078125,24189.5,0
2026-04-29 09:35:00+00:00,24189.69921875,24199.55078125,24186.75,24192.44921875,0
2026-04-29 09:40:00+00:00,24193.0,24193.0,24168.650390625,24170.150390625,0
2026-04-29 09:45:00+00:00,24170.0,24171.400390625,24155.69921875,24158.099609375,0
2026-04-29 09:50:00+00:00,24157.30078125,24164.44921875,24152.19921875,24160.80078125,0
2026-04-29 09:55:00+00:00,24157.650390625,24169.44921875,24142.94921875,24163.599609375,0
2026-04-30 03:45:00+00:00,24005.69921875,24005.69921875,23942.05078125,23945.25,0
2026-04-30 03:50:00+00:00,23945.80078125,23951.25,23882.94921875,23900.80078125,0
2026-04-30 03:55:00+00:00,23900.150390625,23904.69921875,23873.400390625,23876.94921875,0
2026-04-30 04:00:00+00:00,23874.099609375,23919.099609375,23865.25,23918.75,0
2026-04-30 04:05:00+00:00,23917.55078125,23923.80078125,23896.25,23908.94921875,0
2026-04-30 04:10:00+00:00,23908.5,23939.599609375,23891.599609375,23937.80078125,0
2026-04-30 04:15:00+00:00,23938.30078125,23956.44921875,23917.0,23920.55078125,0
2026-04-30 04:20:00+00:00,23920.25,23924.400390625,23901.80078125,23905.150390625,0
2026-04-30 04:25:00+00:00,23903.900390625,23907.69921875,23875.349609375,23880.19921875,0
2026-04-30 04:30:00+00:00,23880.0,23880.0,23848.05078125,23849.599609375,0
2026-04-30 04:35:00+00:00,23848.75,23865.650390625,23833.0,23842.150390625,0
2026-04-30 04:40:00+00:00,23841.44921875,23843.150390625,23824.900390625,23828.599609375,0
2026-04-30 04:45:00+00:00,23828.69921875,23841.80078125,23800.849609375,23838.44921875,0
2026-04-30 04:50:00+00:00,23837.94921875,23845.75,23811.599609375,23821.05078125,0
2026-04-30 04:55:00+00:00,23821.349609375,23831.650390625,23814.650390625,23827.599609375,0
2026-04-30 05:00:00+00:00,23827.099609375,23838.94921875,23821.349609375,23834.94921875,0
2026-04-30 05:05:00+00:00,23835.5,23854.900390625,23829.849609375,23851.75,0
2026-04-30 05:10:00+00:00,23851.849609375,23857.30078125,23827.55078125,23843.69921875,0
2026-04-30 05:15:00+00:00,23842.5,23844.30078125,23817.5,23818.599609375,0
2026-04-30 05:20:00+00:00,23819.099609375,23824.69921875,23807.05078125,23811.69921875,0
2026-04-30 05:25:00+00:00,23811.25,23820.44921875,23799.55078125,23815.849609375,0
2026-04-30 05:30:00+00:00,23816.400390625,23825.900390625,23810.30078125,23815.19921875,0
2026-04-30 05:35:00+00:00,23814.94921875,23833.099609375,23810.150390625,23826.19921875,0
2026-04-30 05:40:00+00:00,23826.19921875,23827.75,23798.900390625,23799.900390625,0
2026-04-30 05:45:00+00:00,23800.900390625,23819.849609375,23797.05078125,23808.650390625,0
2026-04-30 05:50:00+00:00,23807.19921875,23811.75,23800.099609375,23807.69921875,0
2026-04-30 05:55:00+00:00,23807.69921875,23835.150390625,23806.400390625,23831.650390625,0
2026-04-30 06:00:00+00:00,23831.099609375,23839.80078125,23821.69921875,23838.05078125,0
2026-04-30 06:05:00+00:00,23838.44921875,23853.150390625,23832.849609375,23846.400390625,0
2026-04-30 06:10:00+00:00,23846.5,23849.25,23834.55078125,23835.650390625,0
2026-04-30 06:15:00+00:00,23835.05078125,23848.55078125,23833.30078125,23846.80078125,0
2026-04-30 06:20:00+00:00,23846.0,23848.94921875,23826.30078125,23834.44921875,0
2026-04-30 06:25:00+00:00,23834.599609375,23848.69921875,23831.400390625,23842.55078125,0
2026-04-30 06:30:00+00:00,23842.44921875,23848.099609375,23830.349609375,23843.5,0
2026-04-30 06:35:00+00:00,23842.44921875,23877.94921875,23841.19921875,23868.30078125,0
2026-04-30 06:40:00+00:00,23868.44921875,23899.75,23861.44921875,23899.75,0
2026-04-30 06:45:00+00:00,23899.05078125,23905.75,23882.150390625,23882.150390625,0
2026-04-30 06:50:00+00:00,23881.05078125,23914.5,23873.30078125,23911.599609375,0
2026-04-30 06:55:00+00:00,23910.80078125,23919.599609375,23902.0,23911.44921875,0
2026-04-30 07:00:00+00:00,23912.0,23918.19921875,23894.0,23915.05078125,0
2026-04-30 07:05:00+00:00,23914.599609375,23918.349609375,23892.25,23904.94921875,0
2026-04-30 07:10:00+00:00,23903.650390625,23916.349609375,23901.25,23912.94921875,0
2026-04-30 07:15:00+00:00,23912.650390625,23934.150390625,23912.55078125,23926.80078125,0
2026-04-30 07:20:00+00:00,23925.849609375,23932.099609375,23917.150390625,23932.099609375,0
2026-04-30 07:25:00+00:00,23931.05078125,23943.44921875,23926.650390625,23936.849609375,0
2026-04-30 07:30:00+00:00,23935.75,23943.599609375,23926.150390625,23927.75,0
2026-04-30 07:35:00+00:00,23926.650390625,23941.349609375,23908.05078125,23940.44921875,0
2026-04-30 07:40:00+00:00,23940.30078125,23956.30078125,23933.849609375,23950.150390625,0
2026-04-30 07:45:00+00:00,23948.849609375,23953.69921875,23938.349609375,23940.099609375,0
2026-04-30 07:50:00+00:00,23938.94921875,23978.150390625,23938.75,23968.0,0
2026-04-30 07:55:00+00:00,23967.5,23982.44921875,23955.44921875,23971.150390625,0
2026-04-30 08:00:00+00:00,23970.55078125,23981.75,23962.599609375,23973.849609375,0
2026-04-30 08:05:00+00:00,23975.400390625,23998.44921875,23974.05078125,23977.80078125,0
2026-04-30 08:10:00+00:00,23977.80078125,24031.30078125,23977.05078125,24029.80078125,0
2026-04-30 08:15:00+00:00,24029.05078125,24043.599609375,24022.849609375,24039.19921875,0
2026-04-30 08:20:00+00:00,24039.099609375,24040.599609375,24011.599609375,24033.94921875,0
2026-04-30 08:25:00+00:00,24033.599609375,24060.75,24033.599609375,24055.05078125,0
2026-04-30 08:30:00+00:00,24054.900390625,24057.599609375,24036.0,24038.19921875,0
2026-04-30 08:35:00+00:00,24037.849609375,24044.900390625,24015.5,24043.900390625,0
2026-04-30 08:40:00+00:00,24042.69921875,24047.69921875,24019.849609375,24022.849609375,0
2026-04-30 08:45:00+00:00,24021.5,24032.80078125,23995.30078125,23997.0,0
2026-04-30 08:50:00+00:00,23996.19921875,24018.849609375,23989.30078125,24011.900390625,0
2026-04-30 08:55:00+00:00,24011.849609375,24016.349609375,23984.44921875,24007.150390625,0
2026-04-30 09:00:00+00:00,24006.150390625,24035.900390625,24004.80078125,24034.599609375,0
2026-04-30 09:05:00+00:00,24034.25,24063.150390625,24031.19921875,24062.25,0
2026-04-30 09:10:00+00:00,24062.75,24086.94921875,24054.349609375,24075.099609375,0
2026-04-30 09:15:00+00:00,24074.75,24081.25,24036.75,24036.75,0
2026-04-30 09:20:00+00:00,24037.30078125,24040.099609375,24013.0,24024.80078125,0
2026-04-30 09:25:00+00:00,24024.599609375,24054.599609375,24021.80078125,24050.19921875,0
2026-04-30 09:30:00+00:00,24051.94921875,24051.94921875,23996.44921875,24001.650390625,0
2026-04-30 09:35:00+00:00,24001.900390625,24003.19921875,23966.150390625,23970.94921875,0
2026-04-30 09:40:00+00:00,23973.099609375,23991.30078125,23962.94921875,23991.30078125,0
2026-04-30 09:45:00+00:00,23992.099609375,24009.19921875,23984.650390625,24004.099609375,0
2026-04-30 09:50:00+00:00,24004.099609375,24010.05078125,23986.599609375,24010.0,0
2026-04-30 09:55:00+00:00,24011.150390625,24051.80078125,24005.150390625,24043.69921875,0
2026-05-04 03:45:00+00:00,24096.19921875,24245.849609375,24096.19921875,24177.05078125,0
2026-05-04 03:50:00+00:00,24178.900390625,24214.69921875,24164.099609375,24179.650390625,0
2026-05-04 03:55:00+00:00,24181.849609375,24220.400390625,24181.849609375,24214.55078125,0
2026-05-04 04:00:00+00:00,24215.599609375,24235.0,24181.05078125,24229.5,0
2026-05-04 04:05:00+00:00,24229.19921875,24268.75,24229.19921875,24261.0,0
2026-05-04 04:10:00+00:00,24262.05078125,24289.19921875,24259.94921875,24276.650390625,0
2026-05-04 04:15:00+00:00,24279.25,24283.80078125,24265.94921875,24269.349609375,0
2026-05-04 04:20:00+00:00,24270.150390625,24272.599609375,24225.25,24232.150390625,0
2026-05-04 04:25:00+00:00,24234.150390625,24248.099609375,24229.55078125,24246.19921875,0
2026-05-04 04:30:00+00:00,24247.25,24259.75,24215.05078125,24223.94921875,0
2026-05-04 04:35:00+00:00,24224.0,24246.25,24221.900390625,24223.599609375,0
2026-05-04 04:40:00+00:00,24224.55078125,24230.05078125,24172.44921875,24175.19921875,0
2026-05-04 04:45:00+00:00,24175.30078125,24190.400390625,24164.650390625,24174.69921875,0
2026-05-04 04:50:00+00:00,24172.599609375,24180.849609375,24142.80078125,24151.400390625,0
2026-05-04 04:55:00+00:00,24151.400390625,24196.849609375,24150.19921875,24196.650390625,0
2026-05-04 05:00:00+00:00,24197.5,24223.349609375,24172.19921875,24186.69921875,0
2026-05-04 05:05:00+00:00,24186.80078125,24217.349609375,24184.19921875,24213.5,0
2026-05-04 05:10:00+00:00,24213.650390625,24222.19921875,24206.650390625,24219.150390625,0
2026-05-04 05:15:00+00:00,24219.30078125,24240.650390625,24213.44921875,24232.349609375,0
2026-05-04 05:20:00+00:00,24231.900390625,24237.099609375,24215.44921875,24220.30078125,0
2026-05-04 05:25:00+00:00,24220.05078125,24221.650390625,24186.19921875,24187.25,0
2026-05-04 05:30:00+00:00,24188.30078125,24205.900390625,24175.650390625,24202.650390625,0
2026-05-04 05:35:00+00:00,24203.19921875,24216.099609375,24194.349609375,24206.55078125,0
2026-05-04 05:40:00+00:00,24207.05078125,24227.80078125,24204.650390625,24227.25,0
2026-05-04 05:45:00+00:00,24227.5,24242.25,24226.44921875,24229.849609375,0
2026-05-04 05:50:00+00:00,24230.19921875,24238.599609375,24224.80078125,24233.19921875,0
2026-05-04 05:55:00+00:00,24233.400390625,24239.05078125,24224.099609375,24237.400390625,0
2026-05-04 06:00:00+00:00,24237.30078125,24241.19921875,24225.05078125,24231.0,0
2026-05-04 06:05:00+00:00,24231.0,24242.80078125,24218.55078125,24237.69921875,0
2026-05-04 06:10:00+00:00,24237.94921875,24238.400390625,24221.75,24228.44921875,0
2026-05-04 06:15:00+00:00,24229.0,24249.150390625,24229.0,24239.25,0
2026-05-04 06:20:00+00:00,24239.349609375,24244.05078125,24220.650390625,24223.30078125,0
2026-05-04 06:25:00+00:00,24224.900390625,24227.44921875,24212.900390625,24221.05078125,0
2026-05-04 06:30:00+00:00,24222.5,24229.900390625,24210.30078125,24213.150390625,0
2026-05-04 06:35:00+00:00,24212.44921875,24219.44921875,24190.849609375,24199.599609375,0
2026-05-04 06:40:00+00:00,24200.0,24200.94921875,24115.80078125,24117.0,0
2026-05-04 06:45:00+00:00,24117.349609375,24144.69921875,24106.5,24144.099609375,0
2026-05-04 06:50:00+00:00,24144.349609375,24154.099609375,24121.80078125,24135.75,0
2026-05-04 06:55:00+00:00,24136.099609375,24145.650390625,24127.19921875,24132.80078125,0
2026-05-04 07:00:00+00:00,24132.650390625,24134.650390625,24106.94921875,24107.94921875,0
2026-05-04 07:05:00+00:00,24108.650390625,24127.150390625,24106.05078125,24125.400390625,0
2026-05-04 07:10:00+00:00,24126.150390625,24133.55078125,24098.55078125,24100.55078125,0
2026-05-04 07:15:00+00:00,24100.94921875,24119.05078125,24083.599609375,24092.849609375,0
2026-05-04 07:20:00+00:00,24094.05078125,24118.650390625,24092.0,24108.25,0
2026-05-04 07:25:00+00:00,24108.69921875,24118.849609375,24101.55078125,24103.80078125,0
2026-05-04 07:30:00+00:00,24104.19921875,24106.349609375,24090.55078125,24101.75,0
2026-05-04 07:35:00+00:00,24101.55078125,24114.400390625,24096.849609375,24113.900390625,0
2026-05-04 07:40:00+00:00,24113.80078125,24121.349609375,24107.150390625,24109.099609375,0
2026-05-04 07:45:00+00:00,24109.05078125,24111.75,24079.44921875,24101.44921875,0
2026-05-04 07:50:00+00:00,24100.849609375,24102.599609375,24059.05078125,24070.75,0
2026-05-04 07:55:00+00:00,24070.75,24085.849609375,24024.900390625,24025.25,0
2026-05-04 08:00:00+00:00,24023.349609375,24038.75,24005.30078125,24019.80078125,0
2026-05-04 08:05:00+00:00,24019.0,24039.69921875,24007.55078125,24039.150390625,0
2026-05-04 08:10:00+00:00,24038.650390625,24090.650390625,24038.650390625,24086.80078125,0
2026-05-04 08:15:00+00:00,24087.0,24099.400390625,24080.400390625,24094.94921875,0
2026-05-04 08:20:00+00:00,24095.0,24108.900390625,24081.44921875,24086.0,0
2026-05-04 08:25:00+00:00,24086.44921875,24089.849609375,24050.400390625,24072.25,0
2026-05-04 08:30:00+00:00,24072.25,24080.30078125,24053.80078125,24068.849609375,0
2026-05-04 08:35:00+00:00,24069.150390625,24077.5,24060.05078125,24073.44921875,0
2026-05-04 08:40:00+00:00,24075.099609375,24111.599609375,24075.099609375,24103.75,0
2026-05-04 08:45:00+00:00,24105.0,24147.94921875,24102.69921875,24139.0,0
2026-05-04 08:50:00+00:00,24138.75,24149.69921875,24121.05078125,24126.55078125,0
2026-05-04 08:55:00+00:00,24126.0,24134.349609375,24113.25,24122.69921875,0
2026-05-04 09:00:00+00:00,24123.75,24131.94921875,24103.80078125,24112.150390625,0
2026-05-04 09:05:00+00:00,24110.900390625,24119.400390625,24101.650390625,24111.599609375,0
2026-05-04 09:10:00+00:00,24111.30078125,24113.599609375,24072.150390625,24096.0,0
2026-05-04 09:15:00+00:00,24096.150390625,24097.80078125,24072.150390625,24077.69921875,0
2026-05-04 09:20:00+00:00,24078.349609375,24099.55078125,24071.0,24096.69921875,0
2026-05-04 09:25:00+00:00,24098.05078125,24111.5,24078.400390625,24089.25,0
2026-05-04 09:30:00+00:00,24091.0,24106.349609375,24074.94921875,24098.0,0
2026-05-04 09:35:00+00:00,24100.599609375,24124.19921875,24096.25,24117.25,0
2026-05-04 09:40:00+00:00,24118.80078125,24135.05078125,24108.349609375,24123.25,0
2026-05-04 09:45:00+00:00,24125.05078125,24135.44921875,24115.0,24125.44921875,0
2026-05-04 09:50:00+00:00,24127.44921875,24134.599609375,24110.69921875,24111.69921875,0
2026-05-04 09:55:00+00:00,24116.849609375,24128.69921875,24110.19921875,24123.80078125,0
2026-05-05 03:45:00+00:00,24049.55078125,24070.099609375,23949.75,24064.19921875,0
2026-05-05 03:50:00+00:00,24062.05078125,24067.80078125,24024.150390625,24026.55078125,0
2026-05-05 03:55:00+00:00,24027.900390625,24031.599609375,23977.650390625,23992.05078125,0
2026-05-05 04:00:00+00:00,23990.599609375,24043.599609375,23988.099609375,24042.75,0
2026-05-05 04:05:00+00:00,24042.05078125,24060.55078125,24020.599609375,24022.150390625,0
2026-05-05 04:10:00+00:00,24022.0,24027.80078125,24000.94921875,24013.75,0
2026-05-05 04:15:00+00:00,24013.55078125,24041.55078125,24005.849609375,24036.05078125,0
2026-05-05 04:20:00+00:00,24036.55078125,24055.44921875,24023.75,24047.900390625,0
2026-05-05 04:25:00+00:00,24047.19921875,24054.849609375,24032.30078125,24043.05078125,0
2026-05-05 04:30:00+00:00,24042.55078125,24053.900390625,24001.75,24012.44921875,0
2026-05-05 04:35:00+00:00,24011.44921875,24015.0,23987.150390625,23994.599609375,0
2026-05-05 04:40:00+00:00,23994.599609375,24002.94921875,23978.5,23986.0,0
2026-05-05 04:45:00+00:00,23986.099609375,23987.25,23970.099609375,23986.94921875,0
2026-05-05 04:50:00+00:00,23987.30078125,23994.44921875,23967.150390625,23979.05078125,0
2026-05-05 04:55:00+00:00,23978.5,23980.30078125,23945.19921875,23954.400390625,0
2026-05-05 05:00:00+00:00,23952.19921875,23966.80078125,23939.0,23941.349609375,0
2026-05-05 05:05:00+00:00,23941.400390625,23947.44921875,23922.900390625,23941.349609375,0
2026-05-05 05:10:00+00:00,23941.19921875,23947.25,23932.0,23937.94921875,0
2026-05-05 05:15:00+00:00,23937.25,23950.30078125,23935.5,23947.0,0
2026-05-05 05:20:00+00:00,23946.0,23949.75,23920.099609375,23928.69921875,0
2026-05-05 05:25:00+00:00,23929.69921875,23930.80078125,23916.150390625,23925.94921875,0
2026-05-05 05:30:00+00:00,23925.150390625,23952.75,23915.25,23951.900390625,0
2026-05-05 05:35:00+00:00,23949.19921875,23950.849609375,23921.44921875,23926.80078125,0
2026-05-05 05:40:00+00:00,23927.44921875,23949.55078125,23926.150390625,23939.0,0
2026-05-05 05:45:00+00:00,23937.80078125,23961.55078125,23934.19921875,23935.05078125,0
2026-05-05 05:50:00+00:00,23934.25,23938.599609375,23924.349609375,23931.94921875,0
2026-05-05 05:55:00+00:00,23932.0,23940.150390625,23929.44921875,23935.150390625,0
2026-05-05 06:00:00+00:00,23935.30078125,23958.94921875,23933.75,23950.849609375,0
2026-05-05 06:05:00+00:00,23950.25,23966.75,23938.44921875,23939.94921875,0
2026-05-05 06:10:00+00:00,23940.25,23941.0,23916.05078125,23916.05078125,0
2026-05-05 06:15:00+00:00,23915.400390625,23919.19921875,23892.400390625,23904.400390625,0
2026-05-05 06:20:00+00:00,23902.69921875,23916.599609375,23888.5,23891.599609375,0
2026-05-05 06:25:00+00:00,23890.44921875,23899.25,23883.5,23888.94921875,0
2026-05-05 06:30:00+00:00,23888.150390625,23905.55078125,23888.150390625,23899.55078125,0
2026-05-05 06:35:00+00:00,23900.30078125,23926.25,23899.44921875,23919.599609375,0
2026-05-05 06:40:00+00:00,23919.0,23949.30078125,23919.0,23946.44921875,0
2026-05-05 06:45:00+00:00,23945.94921875,23956.5,23943.599609375,23954.75,0
2026-05-05 06:50:00+00:00,23954.599609375,23977.94921875,23950.150390625,23967.25,0
2026-05-05 06:55:00+00:00,23967.80078125,23974.25,23940.849609375,23943.19921875,0
2026-05-05 07:00:00+00:00,23943.900390625,23958.69921875,23933.80078125,23955.400390625,0
2026-05-05 07:05:00+00:00,23954.5,23973.19921875,23949.400390625,23961.94921875,0
2026-05-05 07:10:00+00:00,23962.5,23974.44921875,23951.25,23952.849609375,0
2026-05-05 07:15:00+00:00,23952.55078125,23983.69921875,23952.55078125,23978.099609375,0
2026-05-05 07:20:00+00:00,23977.599609375,23996.55078125,23977.599609375,23983.150390625,0
2026-05-05 07:25:00+00:00,23983.599609375,24014.25,23978.599609375,24011.900390625,0
2026-05-05 07:30:00+00:00,24012.599609375,24025.849609375,24010.650390625,24019.80078125,0
2026-05-05 07:35:00+00:00,24018.94921875,24075.05078125,24014.80078125,24065.80078125,0
2026-05-05 07:40:00+00:00,24066.349609375,24079.0,24052.44921875,24068.80078125,0
2026-05-05 07:45:00+00:00,24067.349609375,24080.94921875,24037.0,24040.400390625,0
2026-05-05 07:50:00+00:00,24041.69921875,24059.44921875,24031.94921875,24041.400390625,0
2026-05-05 07:55:00+00:00,24039.75,24048.400390625,24030.599609375,24039.94921875,0
2026-05-05 08:00:00+00:00,24041.400390625,24041.599609375,24016.650390625,24024.650390625,0
2026-05-05 08:05:00+00:00,24025.900390625,24047.55078125,24022.099609375,24037.75,0
2026-05-05 08:10:00+00:00,24037.099609375,24056.69921875,24033.099609375,24050.44921875,0
2026-05-05 08:15:00+00:00,24051.150390625,24062.150390625,24037.80078125,24045.80078125,0
2026-05-05 08:20:00+00:00,24045.55078125,24050.30078125,24020.5,24030.25,0
2026-05-05 08:25:00+00:00,24030.55078125,24054.5,24029.25,24038.099609375,0
2026-05-05 08:30:00+00:00,24035.849609375,24047.80078125,24022.349609375,24029.150390625,0
2026-05-05 08:35:00+00:00,24028.69921875,24033.25,24009.099609375,24016.30078125,0
2026-05-05 08:40:00+00:00,24016.0,24029.5,24002.150390625,24016.80078125,0
2026-05-05 08:45:00+00:00,24017.19921875,24042.150390625,24013.099609375,24037.150390625,0
2026-05-05 08:50:00+00:00,24037.19921875,24048.55078125,24026.30078125,24035.30078125,0
2026-05-05 08:55:00+00:00,24036.099609375,24061.0,24031.75,24058.30078125,0
2026-05-05 09:00:00+00:00,24059.30078125,24060.650390625,24028.30078125,24036.150390625,0
2026-05-05 09:05:00+00:00,24034.849609375,24045.900390625,24019.400390625,24034.650390625,0
2026-05-05 09:10:00+00:00,24034.55078125,24047.25,24023.69921875,24042.099609375,0
2026-05-05 09:15:00+00:00,24041.55078125,24045.80078125,24017.05078125,24024.30078125,0
2026-05-05 09:20:00+00:00,24024.150390625,24033.55078125,23999.599609375,24020.69921875,0
2026-05-05 09:25:00+00:00,24020.349609375,24028.900390625,24008.400390625,24010.80078125,0
2026-05-05 09:30:00+00:00,24011.900390625,24025.30078125,23999.80078125,24013.19921875,0
2026-05-05 09:35:00+00:00,24015.650390625,24036.44921875,23997.849609375,24031.599609375,0
2026-05-05 09:40:00+00:00,24033.19921875,24043.849609375,24019.5,24041.650390625,0
2026-05-05 09:45:00+00:00,24044.0,24052.80078125,24040.80078125,24050.44921875,0
2026-05-05 09:50:00+00:00,24051.599609375,24055.349609375,24039.349609375,24041.849609375,0
2026-05-05 09:55:00+00:00,24042.0,24059.69921875,24037.05078125,24052.150390625,0
2026-05-06 03:45:00+00:00,24179.599609375,24245.30078125,24171.349609375,24175.80078125,0
2026-05-06 03:50:00+00:00,24179.19921875,24201.94921875,24157.80078125,24185.19921875,0
2026-05-06 03:55:00+00:00,24186.150390625,24195.30078125,24164.94921875,24171.599609375,0
2026-05-06 04:00:00+00:00,24174.599609375,24185.25,24161.55078125,24162.75,0
2026-05-06 04:05:00+00:00,24163.75,24167.05078125,24150.75,24153.0,0
2026-05-06 04:10:00+00:00,24154.5,24155.400390625,24132.349609375,24138.44921875,0
2026-05-06 04:15:00+00:00,24139.849609375,24144.900390625,24133.44921875,24136.900390625,0
2026-05-06 04:20:00+00:00,24137.55078125,24152.30078125,24122.349609375,24152.099609375,0
2026-05-06 04:25:00+00:00,24152.75,24165.849609375,24138.900390625,24140.30078125,0
2026-05-06 04:30:00+00:00,24140.599609375,24140.599609375,24107.599609375,24110.150390625,0
2026-05-06 04:35:00+00:00,24110.44921875,24112.0,24096.5,24107.0,0
2026-05-06 04:40:00+00:00,24107.099609375,24141.599609375,24103.099609375,24137.30078125,0
2026-05-06 04:45:00+00:00,24137.0,24139.400390625,24121.75,24137.5,0
2026-05-06 04:50:00+00:00,24137.05078125,24155.400390625,24134.55078125,24141.849609375,0
2026-05-06 04:55:00+00:00,24141.5,24148.650390625,24136.150390625,24136.400390625,0
2026-05-06 05:00:00+00:00,24135.5,24144.0,24127.19921875,24128.80078125,0
2026-05-06 05:05:00+00:00,24126.650390625,24126.650390625,24111.900390625,24124.44921875,0
2026-05-06 05:10:00+00:00,24123.69921875,24150.150390625,24122.5,24142.849609375,0
2026-05-06 05:15:00+00:00,24142.75,24143.150390625,24126.25,24129.650390625,0
2026-05-06 05:20:00+00:00,24129.349609375,24130.5,24091.349609375,24095.80078125,0
2026-05-06 05:25:00+00:00,24095.69921875,24110.25,24092.400390625,24095.75,0
2026-05-06 05:30:00+00:00,24095.94921875,24104.650390625,24074.5,24074.5,0
2026-05-06 05:35:00+00:00,24075.55078125,24099.150390625,24073.55078125,24098.30078125,0
2026-05-06 05:40:00+00:00,24098.900390625,24098.900390625,24081.650390625,24089.30078125,0
2026-05-06 05:45:00+00:00,24089.150390625,24102.55078125,24085.099609375,24087.05078125,0
2026-05-06 05:50:00+00:00,24084.80078125,24101.599609375,24081.55078125,24089.19921875,0
2026-05-06 05:55:00+00:00,24089.0,24112.5,24086.599609375,24112.5,0
2026-05-06 06:00:00+00:00,24111.94921875,24117.349609375,24106.30078125,24107.69921875,0
2026-05-06 06:05:00+00:00,24108.19921875,24108.19921875,24069.69921875,24078.5,0
2026-05-06 06:10:00+00:00,24076.80078125,24100.30078125,24076.69921875,24096.80078125,0
2026-05-06 06:15:00+00:00,24097.099609375,24108.80078125,24090.599609375,24107.69921875,0
2026-05-06 06:20:00+00:00,24107.75,24109.349609375,24096.900390625,24108.80078125,0
2026-05-06 06:25:00+00:00,24108.55078125,24114.150390625,24095.5,24097.349609375,0
2026-05-06 06:30:00+00:00,24097.19921875,24099.75,24081.44921875,24090.900390625,0
2026-05-06 06:35:00+00:00,24091.05078125,24091.099609375,24075.349609375,24084.400390625,0
2026-05-06 06:40:00+00:00,24084.69921875,24086.94921875,24075.94921875,24082.80078125,0
2026-05-06 06:45:00+00:00,24081.75,24081.75,24061.80078125,24074.25,0
2026-05-06 06:50:00+00:00,24072.599609375,24073.44921875,24030.5,24043.94921875,0
2026-05-06 06:55:00+00:00,24043.55078125,24059.900390625,24039.349609375,24054.650390625,0
2026-05-06 07:00:00+00:00,24054.150390625,24055.5,24045.150390625,24049.900390625,0
2026-05-06 07:05:00+00:00,24050.19921875,24050.94921875,24033.19921875,24036.650390625,0
2026-05-06 07:10:00+00:00,24036.05078125,24043.44921875,24020.099609375,24022.30078125,0
2026-05-06 07:15:00+00:00,24022.0,24025.349609375,24006.400390625,24018.30078125,0
2026-05-06 07:20:00+00:00,24017.55078125,24023.44921875,23999.0,24011.599609375,0
2026-05-06 07:25:00+00:00,24011.0,24024.099609375,24009.80078125,24023.099609375,0
2026-05-06 07:30:00+00:00,24022.650390625,24023.5,23999.94921875,24002.099609375,0
2026-05-06 07:35:00+00:00,24000.94921875,24039.400390625,23999.650390625,24038.900390625,0
2026-05-06 07:40:00+00:00,24038.69921875,24044.150390625,24031.0,24040.650390625,0
2026-05-06 07:45:00+00:00,24039.900390625,24068.55078125,24036.30078125,24063.44921875,0
2026-05-06 07:50:00+00:00,24063.80078125,24085.80078125,24062.349609375,24081.099609375,0
2026-05-06 07:55:00+00:00,24078.94921875,24082.69921875,24070.599609375,24075.349609375,0
2026-05-06 08:00:00+00:00,24076.599609375,24093.0,24074.650390625,24086.349609375,0
2026-05-06 08:05:00+00:00,24086.900390625,24109.94921875,24084.150390625,24103.55078125,0
2026-05-06 08:10:00+00:00,24102.44921875,24108.099609375,24094.900390625,24100.900390625,0
2026-05-06 08:15:00+00:00,24099.25,24110.400390625,24094.150390625,24102.75,0
2026-05-06 08:20:00+00:00,24102.44921875,24115.94921875,24101.80078125,24111.25,0
2026-05-06 08:25:00+00:00,24112.05078125,24120.25,24101.900390625,24106.94921875,0
2026-05-06 08:30:00+00:00,24106.80078125,24117.099609375,24096.400390625,24109.5,0
2026-05-06 08:35:00+00:00,24108.30078125,24115.0,24103.75,24109.349609375,0
2026-05-06 08:40:00+00:00,24108.0,24133.349609375,24107.400390625,24133.349609375,0
2026-05-06 08:45:00+00:00,24134.05078125,24151.099609375,24133.400390625,24141.150390625,0
2026-05-06 08:50:00+00:00,24140.400390625,24254.25,24139.150390625,24250.5,0
2026-05-06 08:55:00+00:00,24252.05078125,24330.849609375,24252.05078125,24311.650390625,0
2026-05-06 09:00:00+00:00,24314.69921875,24333.05078125,24280.099609375,24306.75,0
2026-05-06 09:05:00+00:00,24306.80078125,24308.69921875,24277.900390625,24300.44921875,0
2026-05-06 09:10:00+00:00,24300.400390625,24336.5,24299.400390625,24334.349609375,0
2026-05-06 09:15:00+00:00,24334.650390625,24353.69921875,24320.80078125,24349.30078125,0
2026-05-06 09:20:00+00:00,24348.849609375,24355.55078125,24328.75,24332.099609375,0
2026-05-06 09:25:00+00:00,24333.400390625,24349.650390625,24324.650390625,24348.25,0
2026-05-06 09:30:00+00:00,24349.0,24353.80078125,24313.849609375,24342.150390625,0
2026-05-06 09:35:00+00:00,24342.69921875,24344.75,24314.05078125,24315.5,0
2026-05-06 09:40:00+00:00,24316.55078125,24330.94921875,24314.94921875,24321.349609375,0
2026-05-06 09:45:00+00:00,24321.75,24335.599609375,24317.05078125,24330.650390625,0
2026-05-06 09:50:00+00:00,24331.150390625,24331.150390625,24317.400390625,24329.05078125,0
2026-05-06 09:55:00+00:00,24330.69921875,24346.599609375,24325.599609375,24339.30078125,0
2026-05-07 03:45:00+00:00,24398.5,24418.900390625,24318.25,24318.25,0
2026-05-07 03:50:00+00:00,24318.25,24337.05078125,24300.69921875,24335.349609375,0
2026-05-07 03:55:00+00:00,24334.900390625,24346.75,24312.19921875,24334.150390625,0
2026-05-07 04:00:00+00:00,24334.80078125,24367.94921875,24320.150390625,24356.69921875,0
2026-05-07 04:05:00+00:00,24356.150390625,24372.55078125,24346.900390625,24354.150390625,0
2026-05-07 04:10:00+00:00,24354.80078125,24402.150390625,24354.80078125,24397.349609375,0
2026-05-07 04:15:00+00:00,24396.900390625,24401.400390625,24352.25,24352.25,0
2026-05-07 04:20:00+00:00,24352.650390625,24363.55078125,24325.650390625,24335.19921875,0
2026-05-07 04:25:00+00:00,24337.349609375,24354.150390625,24331.19921875,24342.94921875,0
2026-05-07 04:30:00+00:00,24343.0,24378.69921875,24340.150390625,24370.25,0
2026-05-07 04:35:00+00:00,24370.75,24374.44921875,24315.25,24328.30078125,0
2026-05-07 04:40:00+00:00,24328.30078125,24337.44921875,24310.0,24323.650390625,0
2026-05-07 04:45:00+00:00,24324.650390625,24350.80078125,24321.599609375,24349.05078125,0
2026-05-07 04:50:00+00:00,24349.400390625,24355.94921875,24344.94921875,24353.150390625,0
2026-05-07 04:55:00+00:00,24353.19921875,24368.900390625,24348.75,24360.30078125,0
2026-05-07 05:00:00+00:00,24360.30078125,24375.55078125,24360.30078125,24367.30078125,0
2026-05-07 05:05:00+00:00,24367.25,24368.25,24352.849609375,24364.599609375,0
2026-05-07 05:10:00+00:00,24364.75,24374.849609375,24358.69921875,24373.44921875,0
2026-05-07 05:15:00+00:00,24372.5,24379.05078125,24356.30078125,24360.44921875,0
2026-05-07 05:20:00+00:00,24359.94921875,24360.80078125,24332.44921875,24351.599609375,0
2026-05-07 05:25:00+00:00,24351.400390625,24353.05078125,24334.400390625,24340.849609375,0
2026-05-07 05:30:00+00:00,24341.0,24343.75,24330.099609375,24332.94921875,0
2026-05-07 05:35:00+00:00,24332.349609375,24336.5,24316.150390625,24320.0,0
2026-05-07 05:40:00+00:00,24320.19921875,24322.150390625,24310.05078125,24317.75,0
2026-05-07 05:45:00+00:00,24328.55078125,24332.25,24314.0,24318.400390625,0
2026-05-07 05:50:00+00:00,24318.349609375,24319.69921875,24293.25,24309.150390625,0
2026-05-07 05:55:00+00:00,24309.349609375,24309.900390625,24289.80078125,24306.44921875,0
2026-05-07 06:00:00+00:00,24306.94921875,24349.80078125,24306.349609375,24323.400390625,0
2026-05-07 06:05:00+00:00,24323.55078125,24324.5,24311.900390625,24313.849609375,0
2026-05-07 06:10:00+00:00,24314.80078125,24316.05078125,24288.400390625,24288.5,0
2026-05-07 06:15:00+00:00,24287.80078125,24308.30078125,24284.650390625,24305.650390625,0
2026-05-07 06:20:00+00:00,24305.80078125,24331.599609375,24305.69921875,24321.30078125,0
2026-05-07 06:25:00+00:00,24321.150390625,24346.849609375,24320.349609375,24340.55078125,0
2026-05-07 06:30:00+00:00,24339.69921875,24369.900390625,24339.69921875,24358.099609375,0
2026-05-07 06:35:00+00:00,24360.25,24360.25,24360.25,24360.25,0
2026-05-07 06:40:00+00:00,24360.099609375,24369.19921875,24350.150390625,24361.55078125,0
2026-05-07 06:45:00+00:00,24362.44921875,24383.650390625,24362.400390625,24365.900390625,0
2026-05-07 06:50:00+00:00,24366.30078125,24381.599609375,24364.099609375,24377.19921875,0
2026-05-07 06:55:00+00:00,24377.650390625,24381.400390625,24355.150390625,24355.150390625,0
2026-05-07 07:00:00+00:00,24355.25,24358.849609375,24329.69921875,24344.94921875,0
2026-05-07 07:05:00+00:00,24345.099609375,24436.849609375,24338.94921875,24436.650390625,0
2026-05-07 07:10:00+00:00,24436.80078125,24481.94921875,24436.80078125,24463.150390625,0
2026-05-07 07:15:00+00:00,24462.849609375,24471.599609375,24437.599609375,24442.80078125,0
2026-05-07 07:20:00+00:00,24442.099609375,24446.150390625,24394.55078125,24409.150390625,0
2026-05-07 07:25:00+00:00,24409.099609375,24414.75,24377.69921875,24388.25,0
2026-05-07 07:30:00+00:00,24387.650390625,24411.05078125,24386.44921875,24402.400390625,0
2026-05-07 07:35:00+00:00,24402.0,24420.55078125,24392.25,24396.349609375,0
2026-05-07 07:40:00+00:00,24395.849609375,24397.150390625,24376.900390625,24389.69921875,0
2026-05-07 07:45:00+00:00,24388.650390625,24399.5,24324.55078125,24350.69921875,0
2026-05-07 07:50:00+00:00,24351.05078125,24373.44921875,24339.5,24345.30078125,0
2026-05-07 07:55:00+00:00,24345.05078125,24359.900390625,24341.900390625,24353.349609375,0
2026-05-07 08:00:00+00:00,24353.55078125,24364.19921875,24344.0,24357.80078125,0
2026-05-07 08:05:00+00:00,24358.599609375,24364.150390625,24334.75,24334.75,0
2026-05-07 08:10:00+00:00,24335.30078125,24360.94921875,24331.650390625,24349.75,0
2026-05-07 08:15:00+00:00,24348.599609375,24359.099609375,24337.900390625,24356.55078125,0
2026-05-07 08:20:00+00:00,24355.80078125,24365.400390625,24344.099609375,24364.69921875,0
2026-05-07 08:25:00+00:00,24364.900390625,24374.80078125,24354.400390625,24368.650390625,0
2026-05-07 08:30:00+00:00,24368.05078125,24375.30078125,24344.599609375,24353.5,0
2026-05-07 08:35:00+00:00,24352.900390625,24374.0,24337.099609375,24372.650390625,0
2026-05-07 08:40:00+00:00,24372.150390625,24375.650390625,24360.150390625,24361.650390625,0
2026-05-07 08:45:00+00:00,24361.25,24364.5,24338.80078125,24342.650390625,0
2026-05-07 08:50:00+00:00,24342.650390625,24365.650390625,24333.349609375,24364.30078125,0
2026-05-07 08:55:00+00:00,24364.25,24381.099609375,24357.80078125,24376.900390625,0
2026-05-07 09:00:00+00:00,24376.5,24385.30078125,24357.849609375,24367.94921875,0
2026-05-07 09:05:00+00:00,24366.099609375,24371.75,24351.94921875,24351.94921875,0
2026-05-07 09:10:00+00:00,24351.599609375,24362.099609375,24334.099609375,24339.44921875,0
2026-05-07 09:15:00+00:00,24339.55078125,24351.5,24323.05078125,24330.25,0
2026-05-07 09:20:00+00:00,24330.0,24353.849609375,24330.0,24348.19921875,0
2026-05-07 09:25:00+00:00,24348.19921875,24362.69921875,24340.80078125,24352.650390625,0
2026-05-07 09:30:00+00:00,24353.099609375,24363.099609375,24323.05078125,24337.849609375,0
2026-05-07 09:35:00+00:00,24337.900390625,24345.5,24308.349609375,24318.55078125,0
2026-05-07 09:40:00+00:00,24317.849609375,24318.400390625,24293.400390625,24303.099609375,0
2026-05-07 09:45:00+00:00,24303.25,24329.69921875,24299.400390625,24328.650390625,0
2026-05-07 09:50:00+00:00,24329.0,24329.0,24315.349609375,24318.849609375,0
2026-05-07 09:55:00+00:00,24319.69921875,24339.05078125,24318.25,24336.400390625,0
2026-05-08 03:45:00+00:00,24237.19921875,24237.55078125,24158.44921875,24219.30078125,0
2026-05-08 03:50:00+00:00,24218.400390625,24253.44921875,24209.0,24215.0,0
2026-05-08 03:55:00+00:00,24216.400390625,24245.75,24210.5,24244.150390625,0
2026-05-08 04:00:00+00:00,24244.30078125,24244.94921875,24184.599609375,24207.150390625,0
2026-05-08 04:05:00+00:00,24209.099609375,24209.099609375,24187.55078125,24191.19921875,0
2026-05-08 04:10:00+00:00,24192.0,24192.30078125,24167.75,24167.75,0
2026-05-08 04:15:00+00:00,24169.05078125,24175.05078125,24138.94921875,24168.55078125,0
2026-05-08 04:20:00+00:00,24170.05078125,24183.69921875,24161.80078125,24182.25,0
2026-05-08 04:25:00+00:00,24183.349609375,24199.650390625,24181.150390625,24198.44921875,0
2026-05-08 04:30:00+00:00,24199.150390625,24202.849609375,24187.599609375,24194.25,0
2026-05-08 04:35:00+00:00,24195.80078125,24199.099609375,24193.0,24196.099609375,0
2026-05-08 04:40:00+00:00,24197.0,24213.69921875,24175.099609375,24211.30078125,0
2026-05-08 04:45:00+00:00,24213.80078125,24214.30078125,24181.25,24206.80078125,0
2026-05-08 04:50:00+00:00,24208.75,24232.25,24204.55078125,24231.5,0
2026-05-08 04:55:00+00:00,24232.5,24243.94921875,24226.0,24238.05078125,0
2026-05-08 05:00:00+00:00,24238.849609375,24242.55078125,24229.849609375,24232.30078125,0
2026-05-08 05:05:00+00:00,24232.650390625,24237.099609375,24226.349609375,24230.75,0
2026-05-08 05:10:00+00:00,24232.05078125,24241.30078125,24226.900390625,24232.25,0
2026-05-08 05:15:00+00:00,24233.650390625,24239.849609375,24222.400390625,24222.400390625,0
2026-05-08 05:20:00+00:00,24223.75,24223.75,24204.099609375,24206.349609375,0
2026-05-08 05:25:00+00:00,24207.55078125,24208.599609375,24195.94921875,24195.94921875,0
2026-05-08 05:30:00+00:00,24197.80078125,24230.69921875,24193.849609375,24225.25,0
2026-05-08 05:35:00+00:00,24226.599609375,24237.05078125,24221.599609375,24225.150390625,0
2026-05-08 05:40:00+00:00,24226.349609375,24233.5,24221.5,24233.0,0
2026-05-08 05:45:00+00:00,24234.80078125,24241.650390625,24212.44921875,24212.5,0
2026-05-08 05:50:00+00:00,24214.30078125,24224.150390625,24197.400390625,24205.0,0
2026-05-08 05:55:00+00:00,24205.94921875,24209.19921875,24195.94921875,24198.349609375,0
2026-05-08 06:00:00+00:00,24199.900390625,24210.900390625,24185.599609375,24207.5,0
2026-05-08 06:05:00+00:00,24209.150390625,24209.150390625,24199.5,24206.05078125,0
2026-05-08 06:10:00+00:00,24207.150390625,24212.94921875,24199.44921875,24199.44921875,0
2026-05-08 06:15:00+00:00,24200.599609375,24208.400390625,24195.75,24199.849609375,0
2026-05-08 06:20:00+00:00,24200.849609375,24209.80078125,24197.849609375,24204.30078125,0
2026-05-08 06:25:00+00:00,24205.150390625,24207.349609375,24190.19921875,24205.849609375,0
2026-05-08 06:30:00+00:00,24206.0,24212.0,24187.44921875,24200.900390625,0
2026-05-08 06:35:00+00:00,24202.0,24203.650390625,24177.25,24178.94921875,0
2026-05-08 06:40:00+00:00,24179.5,24188.19921875,24172.19921875,24184.19921875,0
2026-05-08 06:45:00+00:00,24185.19921875,24189.400390625,24170.05078125,24188.599609375,0
2026-05-08 06:50:00+00:00,24190.05078125,24198.19921875,24178.25,24185.80078125,0
2026-05-08 06:55:00+00:00,24187.05078125,24198.44921875,24185.44921875,24196.099609375,0
2026-05-08 07:00:00+00:00,24195.25,24196.599609375,24169.400390625,24177.599609375,0
2026-05-08 07:05:00+00:00,24178.650390625,24181.650390625,24168.849609375,24171.55078125,0
2026-05-08 07:10:00+00:00,24173.150390625,24177.650390625,24164.099609375,24164.30078125,0
2026-05-08 07:15:00+00:00,24166.0,24171.30078125,24150.94921875,24170.44921875,0
2026-05-08 07:20:00+00:00,24171.30078125,24175.05078125,24159.69921875,24170.900390625,0
2026-05-08 07:25:00+00:00,24172.94921875,24175.69921875,24160.44921875,24163.400390625,0
2026-05-08 07:30:00+00:00,24165.55078125,24167.900390625,24157.400390625,24158.69921875,0
2026-05-08 07:35:00+00:00,24159.44921875,24177.44921875,24157.900390625,24175.400390625,0
2026-05-08 07:40:00+00:00,24176.25,24178.05078125,24164.55078125,24167.0,0
2026-05-08 07:45:00+00:00,24169.55078125,24170.69921875,24156.900390625,24162.94921875,0
2026-05-08 07:50:00+00:00,24164.25,24170.69921875,24157.44921875,24166.69921875,0
2026-05-08 07:55:00+00:00,24168.69921875,24198.400390625,24165.25,24195.44921875,0
2026-05-08 08:00:00+00:00,24196.650390625,24202.650390625,24180.30078125,24184.400390625,0
2026-05-08 08:05:00+00:00,24186.05078125,24188.05078125,24166.5,24172.150390625,0
2026-05-08 08:10:00+00:00,24174.349609375,24182.25,24169.650390625,24170.94921875,0
2026-05-08 08:15:00+00:00,24173.349609375,24178.650390625,24170.099609375,24173.650390625,0
2026-05-08 08:20:00+00:00,24176.05078125,24176.5,24150.75,24174.69921875,0
2026-05-08 08:25:00+00:00,24174.94921875,24181.25,24129.150390625,24137.19921875,0
2026-05-08 08:30:00+00:00,24139.150390625,24155.25,24127.69921875,24145.599609375,0
2026-05-08 08:35:00+00:00,24148.44921875,24178.30078125,24145.94921875,24177.94921875,0
2026-05-08 08:40:00+00:00,24179.099609375,24179.5,24145.849609375,24145.849609375,0
2026-05-08 08:45:00+00:00,24147.349609375,24166.75,24143.5,24147.19921875,0
2026-05-08 08:50:00+00:00,24148.099609375,24164.19921875,24141.75,24147.849609375,0
2026-05-08 08:55:00+00:00,24150.400390625,24170.75,24149.05078125,24169.650390625,0
2026-05-08 09:00:00+00:00,24171.0,24207.05078125,24168.55078125,24195.44921875,0
2026-05-08 09:05:00+00:00,24196.349609375,24223.75,24193.5,24218.650390625,0
2026-05-08 09:10:00+00:00,24220.55078125,24235.849609375,24219.25,24231.69921875,0
2026-05-08 09:15:00+00:00,24233.55078125,24236.900390625,24220.099609375,24232.19921875,0
2026-05-08 09:20:00+00:00,24234.05078125,24240.25,24228.80078125,24231.0,0
2026-05-08 09:25:00+00:00,24232.75,24235.30078125,24206.599609375,24213.650390625,0
2026-05-08 09:30:00+00:00,24215.099609375,24215.099609375,24168.349609375,24170.30078125,0
2026-05-08 09:35:00+00:00,24171.099609375,24185.5,24169.75,24179.69921875,0
2026-05-08 09:40:00+00:00,24180.349609375,24189.0,24172.400390625,24180.849609375,0
2026-05-08 09:45:00+00:00,24180.599609375,24196.900390625,24170.5,24175.599609375,0
2026-05-08 09:50:00+00:00,24174.05078125,24174.94921875,24163.5,24170.69921875,0
2026-05-08 09:55:00+00:00,24170.55078125,24180.650390625,24169.69921875,24179.80078125,0
2026-05-11 03:45:00+00:00,23943.19921875,23975.80078125,23902.650390625,23918.75,0
2026-05-11 03:50:00+00:00,23919.05078125,23942.599609375,23896.349609375,23937.44921875,0
2026-05-11 03:55:00+00:00,23936.80078125,23956.30078125,23918.69921875,23953.25,0
2026-05-11 04:00:00+00:00,23952.19921875,23959.55078125,23917.05078125,23930.69921875,0
2026-05-11 04:05:00+00:00,23930.599609375,23931.30078125,23875.099609375,23881.80078125,0
2026-05-11 04:10:00+00:00,23881.349609375,23898.150390625,23864.44921875,23865.69921875,0
2026-05-11 04:15:00+00:00,23866.150390625,23889.849609375,23864.349609375,23885.0,0
2026-05-11 04:20:00+00:00,23885.349609375,23893.5,23870.5,23892.75,0
2026-05-11 04:25:00+00:00,23893.69921875,23899.94921875,23868.19921875,23874.25,0
2026-05-11 04:30:00+00:00,23874.599609375,23897.400390625,23873.25,23893.150390625,0
2026-05-11 04:35:00+00:00,23892.900390625,23903.69921875,23887.099609375,23899.150390625,0
2026-05-11 04:40:00+00:00,23899.599609375,23902.80078125,23887.30078125,23893.400390625,0
2026-05-11 04:45:00+00:00,23894.75,23896.25,23850.55078125,23851.25,0
2026-05-11 04:50:00+00:00,23850.849609375,23877.5,23845.44921875,23871.69921875,0
2026-05-11 04:55:00+00:00,23871.19921875,23878.30078125,23864.30078125,23869.19921875,0
2026-05-11 05:00:00+00:00,23868.44921875,23874.5,23860.150390625,23870.05078125,0
2026-05-11 05:05:00+00:00,23870.30078125,23874.80078125,23847.44921875,23863.150390625,0
2026-05-11 05:10:00+00:00,23862.650390625,23865.150390625,23851.599609375,23860.099609375,0
2026-05-11 05:15:00+00:00,23859.94921875,23863.349609375,23850.849609375,23860.400390625,0
2026-05-11 05:20:00+00:00,23860.150390625,23890.650390625,23859.19921875,23889.849609375,0
2026-05-11 05:25:00+00:00,23890.099609375,23892.5,23882.099609375,23886.94921875,0
2026-05-11 05:30:00+00:00,23887.0,23897.150390625,23878.55078125,23896.55078125,0
2026-05-11 05:35:00+00:00,23895.80078125,23907.30078125,23893.349609375,23903.25,0
2026-05-11 05:40:00+00:00,23902.900390625,23922.55078125,23902.900390625,23914.599609375,0
2026-05-11 05:45:00+00:00,23914.599609375,23921.69921875,23910.400390625,23918.30078125,0
2026-05-11 05:50:00+00:00,23918.650390625,23942.94921875,23918.19921875,23926.19921875,0
2026-05-11 05:55:00+00:00,23926.19921875,23934.94921875,23913.44921875,23927.80078125,0
2026-05-11 06:00:00+00:00,23928.19921875,23930.849609375,23907.25,23924.599609375,0
2026-05-11 06:05:00+00:00,23925.099609375,23936.099609375,23916.94921875,23936.099609375,0
2026-05-11 06:10:00+00:00,23936.05078125,23952.69921875,23932.900390625,23949.400390625,0
2026-05-11 06:15:00+00:00,23949.55078125,23956.900390625,23920.349609375,23921.25,0
2026-05-11 06:20:00+00:00,23922.099609375,23941.0,23921.400390625,23937.75,0
2026-05-11 06:25:00+00:00,23937.69921875,23939.0,23923.650390625,23930.900390625,0
2026-05-11 06:30:00+00:00,23931.25,23937.80078125,23922.5,23923.69921875,0
2026-05-11 06:35:00+00:00,23923.69921875,23943.94921875,23920.30078125,23939.30078125,0
2026-05-11 06:40:00+00:00,23939.44921875,23942.400390625,23930.400390625,23935.55078125,0
2026-05-11 06:45:00+00:00,23935.19921875,23942.55078125,23926.650390625,23938.0,0
2026-05-11 06:50:00+00:00,23938.19921875,23943.94921875,23928.849609375,23942.5,0
2026-05-11 06:55:00+00:00,23942.19921875,23945.05078125,23928.05078125,23929.05078125,0
2026-05-11 07:00:00+00:00,23928.900390625,23930.19921875,23908.44921875,23924.30078125,0
2026-05-11 07:05:00+00:00,23924.69921875,23933.900390625,23902.44921875,23913.099609375,0
2026-05-11 07:10:00+00:00,23913.80078125,23954.94921875,23913.69921875,23950.349609375,0
2026-05-11 07:15:00+00:00,23949.69921875,23954.650390625,23936.55078125,23940.900390625,0
2026-05-11 07:20:00+00:00,23940.94921875,23951.900390625,23932.0,23938.30078125,0
2026-05-11 07:25:00+00:00,23938.25,23951.75,23937.400390625,23945.55078125,0
2026-05-11 07:30:00+00:00,23945.400390625,23946.19921875,23918.30078125,23918.69921875,0
2026-05-11 07:35:00+00:00,23918.55078125,23939.19921875,23905.05078125,23939.150390625,0
2026-05-11 07:40:00+00:00,23939.19921875,23949.80078125,23932.5,23949.80078125,0
2026-05-11 07:45:00+00:00,23949.900390625,23950.900390625,23934.5,23934.94921875,0
2026-05-11 07:50:00+00:00,23935.349609375,23950.69921875,23935.349609375,23949.5,0
2026-05-11 07:55:00+00:00,23950.650390625,23953.30078125,23940.400390625,23946.349609375,0
2026-05-11 08:00:00+00:00,23946.099609375,23955.150390625,23943.349609375,23950.69921875,0
2026-05-11 08:05:00+00:00,23950.599609375,23986.849609375,23949.80078125,23952.099609375,0
2026-05-11 08:10:00+00:00,23952.05078125,23973.75,23946.349609375,23965.44921875,0
2026-05-11 08:15:00+00:00,23966.55078125,23987.55078125,23965.69921875,23979.80078125,0
2026-05-11 08:20:00+00:00,23978.849609375,23996.599609375,23975.75,23993.94921875,0
2026-05-11 08:25:00+00:00,23994.30078125,23997.0,23966.25,23966.44921875,0
2026-05-11 08:30:00+00:00,23966.44921875,23973.25,23957.94921875,23963.55078125,0
2026-05-11 08:35:00+00:00,23963.349609375,23973.5,23958.05078125,23958.94921875,0
2026-05-11 08:40:00+00:00,23958.94921875,23967.150390625,23943.099609375,23946.30078125,0
2026-05-11 08:45:00+00:00,23945.25,23954.099609375,23933.94921875,23939.75,0
2026-05-11 08:50:00+00:00,23939.55078125,23949.5,23939.150390625,23941.69921875,0
2026-05-11 08:55:00+00:00,23941.599609375,23942.900390625,23922.150390625,23931.900390625,0
2026-05-11 09:00:00+00:00,23931.94921875,23953.55078125,23926.150390625,23953.0,0
2026-05-11 09:05:00+00:00,23952.900390625,23957.849609375,23921.75,23926.099609375,0
2026-05-11 09:10:00+00:00,23925.94921875,23931.30078125,23904.19921875,23916.349609375,0
2026-05-11 09:15:00+00:00,23916.599609375,23924.349609375,23883.099609375,23889.900390625,0
2026-05-11 09:20:00+00:00,23889.94921875,23914.150390625,23888.25,23894.150390625,0
2026-05-11 09:25:00+00:00,23894.05078125,23896.849609375,23875.900390625,23875.900390625,0
2026-05-11 09:30:00+00:00,23878.55078125,23879.69921875,23821.30078125,23830.69921875,0
2026-05-11 09:35:00+00:00,23830.44921875,23832.69921875,23810.400390625,23817.44921875,0
2026-05-11 09:40:00+00:00,23817.69921875,23824.05078125,23801.55078125,23805.75,0
2026-05-11 09:45:00+00:00,23806.19921875,23820.25,23802.849609375,23803.80078125,0
2026-05-11 09:50:00+00:00,23804.599609375,23813.25,23801.25,23810.150390625,0
2026-05-11 09:55:00+00:00,23810.5,23820.349609375,23802.400390625,23820.349609375,0
2026-05-12 03:45:00+00:00,23722.599609375,23754.150390625,23689.900390625,23736.900390625,0
2026-05-12 03:50:00+00:00,23737.80078125,23737.80078125,23684.19921875,23684.19921875,0
2026-05-12 03:55:00+00:00,23685.44921875,23685.44921875,23633.80078125,23638.30078125,0
2026-05-12 04:00:00+00:00,23638.94921875,23643.75,23617.75,23634.05078125,0
2026-05-12 04:05:00+00:00,23634.650390625,23649.150390625,23620.5,23626.150390625,0
2026-05-12 04:10:00+00:00,23626.349609375,23657.849609375,23624.44921875,23640.650390625,0
2026-05-12 04:15:00+00:00,23640.75,23650.150390625,23628.849609375,23638.19921875,0
2026-05-12 04:20:00+00:00,23638.400390625,23646.69921875,23632.099609375,23638.25,0
2026-05-12 04:25:00+00:00,23638.55078125,23652.19921875,23624.55078125,23625.849609375,0
2026-05-12 04:30:00+00:00,23627.0,23635.25,23619.80078125,23630.19921875,0
2026-05-12 04:35:00+00:00,23630.44921875,23642.55078125,23614.0,23636.099609375,0
2026-05-12 04:40:00+00:00,23636.400390625,23655.400390625,23629.150390625,23651.400390625,0
2026-05-12 04:45:00+00:00,23652.05078125,23668.25,23647.75,23668.25,0
2026-05-12 04:50:00+00:00,23669.25,23675.19921875,23627.849609375,23630.30078125,0
2026-05-12 04:55:00+00:00,23631.80078125,23634.150390625,23605.80078125,23613.25,0
2026-05-12 05:00:00+00:00,23613.55078125,23617.05078125,23603.849609375,23607.650390625,0
2026-05-12 05:05:00+00:00,23609.19921875,23620.19921875,23596.44921875,23605.30078125,0
2026-05-12 05:10:00+00:00,23606.599609375,23638.650390625,23602.55078125,23627.55078125,0
2026-05-12 05:15:00+00:00,23628.05078125,23629.599609375,23599.30078125,23602.69921875,0
2026-05-12 05:20:00+00:00,23603.75,23611.150390625,23600.80078125,23605.25,0
2026-05-12 05:25:00+00:00,23605.849609375,23623.30078125,23602.650390625,23614.69921875,0
2026-05-12 05:30:00+00:00,23615.099609375,23615.650390625,23584.849609375,23590.599609375,0
2026-05-12 05:35:00+00:00,23590.599609375,23597.69921875,23578.69921875,23590.400390625,0
2026-05-12 05:40:00+00:00,23590.94921875,23595.099609375,23585.650390625,23589.349609375,0
2026-05-12 05:45:00+00:00,23589.599609375,23612.25,23585.849609375,23608.05078125,0
2026-05-12 05:50:00+00:00,23608.55078125,23613.400390625,23589.599609375,23589.599609375,0
2026-05-12 05:55:00+00:00,23590.94921875,23604.55078125,23588.69921875,23588.900390625,0
2026-05-12 06:00:00+00:00,23589.5,23600.19921875,23578.650390625,23597.25,0
2026-05-12 06:05:00+00:00,23597.400390625,23601.849609375,23579.900390625,23597.05078125,0
2026-05-12 06:10:00+00:00,23599.150390625,23607.650390625,23591.94921875,23602.69921875,0
2026-05-12 06:15:00+00:00,23603.94921875,23604.55078125,23584.349609375,23594.69921875,0
2026-05-12 06:20:00+00:00,23596.150390625,23605.80078125,23584.75,23600.05078125,0
2026-05-12 06:25:00+00:00,23601.80078125,23612.849609375,23595.849609375,23597.5,0
2026-05-12 06:30:00+00:00,23598.44921875,23599.55078125,23581.900390625,23586.30078125,0
2026-05-12 06:35:00+00:00,23587.25,23589.25,23556.19921875,23558.099609375,0
2026-05-12 06:40:00+00:00,23559.94921875,23570.0,23551.599609375,23557.80078125,0
2026-05-12 06:45:00+00:00,23559.5,23580.05078125,23555.099609375,23572.900390625,0
2026-05-12 06:50:00+00:00,23573.75,23575.900390625,23559.0,23566.5,0
2026-05-12 06:55:00+00:00,23567.599609375,23568.75,23554.69921875,23557.30078125,0
2026-05-12 07:00:00+00:00,23557.80078125,23558.94921875,23522.05078125,23522.30078125,0
2026-05-12 07:05:00+00:00,23523.400390625,23526.80078125,23508.599609375,23516.19921875,0
2026-05-12 07:10:00+00:00,23517.349609375,23532.69921875,23513.099609375,23526.150390625,0
2026-05-12 07:15:00+00:00,23527.25,23540.099609375,23516.400390625,23526.849609375,0
2026-05-12 07:20:00+00:00,23527.30078125,23535.0,23513.30078125,23513.349609375,0
2026-05-12 07:25:00+00:00,23515.19921875,23532.849609375,23514.75,23524.55078125,0
2026-05-12 07:30:00+00:00,23525.150390625,23533.650390625,23519.55078125,23530.599609375,0
2026-05-12 07:35:00+00:00,23531.69921875,23532.19921875,23510.849609375,23510.849609375,0
2026-05-12 07:40:00+00:00,23511.94921875,23536.80078125,23506.349609375,23536.80078125,0
2026-05-12 07:45:00+00:00,23538.05078125,23564.05078125,23536.25,23542.80078125,0
2026-05-12 07:50:00+00:00,23544.0,23545.19921875,23526.44921875,23527.55078125,0
2026-05-12 07:55:00+00:00,23528.349609375,23539.5,23524.25,23531.05078125,0
2026-05-12 08:00:00+00:00,23532.44921875,23550.19921875,23528.75,23529.44921875,0
2026-05-12 08:05:00+00:00,23530.44921875,23535.30078125,23511.0,23514.0,0
2026-05-12 08:10:00+00:00,23515.5,23518.400390625,23496.599609375,23506.80078125,0
2026-05-12 08:15:00+00:00,23510.05078125,23519.349609375,23493.80078125,23513.400390625,0
2026-05-12 08:20:00+00:00,23515.05078125,23530.849609375,23495.849609375,23495.849609375,0
2026-05-12 08:25:00+00:00,23500.05078125,23502.44921875,23489.5,23491.5,0
2026-05-12 08:30:00+00:00,23492.80078125,23496.900390625,23477.5,23481.5,0
2026-05-12 08:35:00+00:00,23484.05078125,23490.69921875,23461.55078125,23465.0,0
2026-05-12 08:40:00+00:00,23466.25,23467.94921875,23448.0,23457.5,0
2026-05-12 08:45:00+00:00,23458.75,23472.75,23452.099609375,23460.150390625,0
2026-05-12 08:50:00+00:00,23460.5,23492.69921875,23453.099609375,23486.25,0
2026-05-12 08:55:00+00:00,23487.30078125,23487.30078125,23459.25,23468.599609375,0
2026-05-12 09:00:00+00:00,23469.349609375,23471.30078125,23437.44921875,23438.349609375,0
2026-05-12 09:05:00+00:00,23439.19921875,23470.94921875,23434.44921875,23462.94921875,0
2026-05-12 09:10:00+00:00,23463.94921875,23472.25,23456.25,23463.599609375,0
2026-05-12 09:15:00+00:00,23464.900390625,23474.599609375,23458.44921875,23463.80078125,0
2026-05-12 09:20:00+00:00,23464.94921875,23466.400390625,23428.75,23433.75,0
2026-05-12 09:25:00+00:00,23435.349609375,23435.650390625,23414.0,23421.25,0
2026-05-12 09:30:00+00:00,23422.5,23423.650390625,23367.099609375,23390.900390625,0
2026-05-12 09:35:00+00:00,23393.25,23393.69921875,23358.25,23363.55078125,0
2026-05-12 09:40:00+00:00,23363.94921875,23375.69921875,23349.099609375,23354.80078125,0
2026-05-12 09:45:00+00:00,23356.0,23386.55078125,23355.599609375,23386.55078125,0
2026-05-12 09:50:00+00:00,23386.75,23391.80078125,23377.55078125,23389.75,0
2026-05-12 09:55:00+00:00,23391.25,23434.849609375,23383.55078125,23430.55078125,0
2026-05-13 03:45:00+00:00,23365.80078125,23503.150390625,23365.80078125,23405.400390625,0
2026-05-13 03:50:00+00:00,23415.849609375,23441.150390625,23379.80078125,23437.900390625,0
2026-05-13 03:55:00+00:00,23438.400390625,23439.94921875,23367.05078125,23367.05078125,0
2026-05-13 04:00:00+00:00,23367.69921875,23387.650390625,23335.94921875,23337.94921875,0
2026-05-13 04:05:00+00:00,23337.30078125,23339.349609375,23263.05078125,23276.5,0
2026-05-13 04:10:00+00:00,23275.5,23314.19921875,23264.44921875,23308.5,0
2026-05-13 04:15:00+00:00,23308.900390625,23327.0,23287.099609375,23298.75,0
2026-05-13 04:20:00+00:00,23299.05078125,23372.44921875,23298.599609375,23367.599609375,0
2026-05-13 04:25:00+00:00,23367.25,23389.69921875,23344.69921875,23372.44921875,0
2026-05-13 04:30:00+00:00,23371.150390625,23392.44921875,23354.150390625,23392.44921875,0
2026-05-13 04:35:00+00:00,23392.599609375,23426.25,23392.19921875,23407.400390625,0
2026-05-13 04:40:00+00:00,23407.5,23411.400390625,23381.25,23403.05078125,0
2026-05-13 04:45:00+00:00,23403.19921875,23440.55078125,23398.44921875,23436.05078125,0
2026-05-13 04:50:00+00:00,23435.80078125,23463.94921875,23435.80078125,23460.849609375,0
2026-05-13 04:55:00+00:00,23460.849609375,23477.80078125,23452.099609375,23452.44921875,0
2026-05-13 05:00:00+00:00,23452.25,23478.599609375,23443.349609375,23475.900390625,0
2026-05-13 05:05:00+00:00,23475.5,23476.55078125,23423.599609375,23429.099609375,0
2026-05-13 05:10:00+00:00,23429.849609375,23466.099609375,23429.25,23464.0,0
2026-05-13 05:15:00+00:00,23464.05078125,23472.44921875,23445.400390625,23445.599609375,0
2026-05-13 05:20:00+00:00,23445.650390625,23459.0,23437.30078125,23440.75,0
2026-05-13 05:25:00+00:00,23421.0,23443.150390625,23374.80078125,23374.80078125,0
2026-05-13 05:30:00+00:00,23374.80078125,23409.25,23368.05078125,23402.05078125,0
2026-05-13 05:35:00+00:00,23401.44921875,23404.30078125,23382.599609375,23400.44921875,0
2026-05-13 05:40:00+00:00,23400.30078125,23405.19921875,23382.94921875,23403.94921875,0
2026-05-13 05:45:00+00:00,23403.80078125,23416.44921875,23392.849609375,23409.400390625,0
2026-05-13 05:50:00+00:00,23409.25,23416.0,23392.75,23409.599609375,0
2026-05-13 05:55:00+00:00,23409.44921875,23410.69921875,23393.0,23399.0,0
2026-05-13 06:00:00+00:00,23399.849609375,23410.80078125,23395.69921875,23406.94921875,0
2026-05-13 06:05:00+00:00,23405.75,23468.5,23405.150390625,23468.5,0
2026-05-13 06:10:00+00:00,23468.599609375,23498.849609375,23466.599609375,23498.599609375,0
2026-05-13 06:15:00+00:00,23499.0,23509.69921875,23480.55078125,23482.55078125,0
2026-05-13 06:20:00+00:00,23481.94921875,23500.25,23472.849609375,23474.5,0
2026-05-13 06:25:00+00:00,23473.150390625,23488.900390625,23466.0,23466.849609375,0
2026-05-13 06:30:00+00:00,23465.44921875,23488.75,23465.44921875,23486.650390625,0
2026-05-13 06:35:00+00:00,23486.30078125,23499.30078125,23481.69921875,23497.69921875,0
2026-05-13 06:40:00+00:00,23496.849609375,23513.849609375,23492.599609375,23512.75,0
2026-05-13 06:45:00+00:00,23511.94921875,23518.0,23479.05078125,23497.94921875,0
2026-05-13 06:50:00+00:00,23497.150390625,23497.650390625,23483.650390625,23488.5,0
2026-05-13 06:55:00+00:00,23488.19921875,23495.900390625,23481.75,23491.0,0
2026-05-13 07:00:00+00:00,23489.5,23497.05078125,23474.400390625,23478.94921875,0
2026-05-13 07:05:00+00:00,23478.94921875,23484.25,23449.5,23465.25,0
2026-05-13 07:10:00+00:00,23465.0,23466.0,23423.30078125,23453.900390625,0
2026-05-13 07:15:00+00:00,23453.55078125,23469.75,23449.650390625,23468.44921875,0
2026-05-13 07:20:00+00:00,23468.19921875,23526.849609375,23467.650390625,23525.849609375,0
2026-05-13 07:25:00+00:00,23525.849609375,23579.400390625,23525.849609375,23577.94921875,0
2026-05-13 07:30:00+00:00,23578.099609375,23582.80078125,23549.349609375,23559.349609375,0
2026-05-13 07:35:00+00:00,23558.650390625,23561.94921875,23528.30078125,23532.44921875,0
2026-05-13 07:40:00+00:00,23531.5,23553.599609375,23530.099609375,23538.5,0
2026-05-13 07:45:00+00:00,23538.0,23538.94921875,23494.400390625,23505.099609375,0
2026-05-13 07:50:00+00:00,23505.150390625,23514.55078125,23495.099609375,23508.30078125,0
2026-05-13 07:55:00+00:00,23508.5,23512.69921875,23490.55078125,23496.75,0
2026-05-13 08:00:00+00:00,23492.05078125,23540.5,23492.05078125,23533.55078125,0
2026-05-13 08:05:00+00:00,23532.849609375,23539.150390625,23516.94921875,23535.55078125,0
2026-05-13 08:10:00+00:00,23535.400390625,23538.75,23520.80078125,23523.349609375,0
2026-05-13 08:15:00+00:00,23522.05078125,23535.0,23504.55078125,23511.75,0
2026-05-13 08:20:00+00:00,23510.75,23522.0,23507.099609375,23508.0,0
2026-05-13 08:25:00+00:00,23508.0,23509.599609375,23480.25,23499.80078125,0
2026-05-13 08:30:00+00:00,23499.849609375,23512.30078125,23481.80078125,23490.150390625,0
2026-05-13 08:35:00+00:00,23489.849609375,23513.44921875,23489.849609375,23513.0,0
2026-05-13 08:40:00+00:00,23512.900390625,23525.0,23507.650390625,23516.80078125,0
2026-05-13 08:45:00+00:00,23516.5,23522.400390625,23483.25,23483.44921875,0
2026-05-13 08:50:00+00:00,23482.349609375,23514.30078125,23469.80078125,23510.55078125,0
2026-05-13 08:55:00+00:00,23509.5,23516.349609375,23481.400390625,23491.349609375,0
2026-05-13 09:00:00+00:00,23491.05078125,23502.94921875,23490.19921875,23498.150390625,0
2026-05-13 09:05:00+00:00,23497.400390625,23504.400390625,23487.69921875,23500.150390625,0
2026-05-13 09:10:00+00:00,23499.69921875,23501.5,23465.19921875,23467.5,0
2026-05-13 09:15:00+00:00,23468.19921875,23484.349609375,23446.650390625,23482.849609375,0
2026-05-13 09:20:00+00:00,23482.69921875,23490.849609375,23469.55078125,23485.099609375,0
2026-05-13 09:25:00+00:00,23483.94921875,23486.650390625,23474.25,23479.19921875,0
2026-05-13 09:30:00+00:00,23476.75,23478.69921875,23416.25,23418.30078125,0
2026-05-13 09:35:00+00:00,23418.80078125,23425.69921875,23402.849609375,23423.94921875,0
2026-05-13 09:40:00+00:00,23423.349609375,23426.25,23405.0,23425.69921875,0
2026-05-13 09:45:00+00:00,23425.400390625,23428.25,23411.75,23412.69921875,0
2026-05-13 09:50:00+00:00,23412.55078125,23414.849609375,23394.349609375,23398.25,0
2026-05-13 09:55:00+00:00,23397.349609375,23436.94921875,23397.349609375,23428.69921875,0
2026-05-14 03:45:00+00:00,23531.44921875,23581.099609375,23516.19921875,23550.05078125,0
2026-05-14 03:50:00+00:00,23549.900390625,23575.650390625,23548.900390625,23569.44921875,0
2026-05-14 03:55:00+00:00,23569.69921875,23589.19921875,23564.30078125,23581.30078125,0
2026-05-14 04:00:00+00:00,23581.349609375,23586.19921875,23562.80078125,23564.30078125,0
2026-05-14 04:05:00+00:00,23565.5,23569.94921875,23523.849609375,23524.5,0
2026-05-14 04:10:00+00:00,23525.75,23526.30078125,23494.099609375,23496.80078125,0
2026-05-14 04:15:00+00:00,23499.0,23532.94921875,23490.349609375,23492.650390625,0
2026-05-14 04:20:00+00:00,23494.05078125,23502.80078125,23468.94921875,23471.44921875,0
2026-05-14 04:25:00+00:00,23473.19921875,23479.349609375,23447.5,23464.44921875,0
2026-05-14 04:30:00+00:00,23466.099609375,23492.599609375,23455.44921875,23482.55078125,0
2026-05-14 04:35:00+00:00,23483.80078125,23490.349609375,23459.650390625,23484.94921875,0
2026-05-14 04:40:00+00:00,23483.849609375,23496.349609375,23472.19921875,23495.80078125,0
2026-05-14 04:45:00+00:00,23496.80078125,23513.69921875,23481.349609375,23513.69921875,0
2026-05-14 04:50:00+00:00,23515.349609375,23516.25,23473.25,23494.55078125,0
2026-05-14 04:55:00+00:00,23495.94921875,23517.5,23491.900390625,23506.400390625,0
2026-05-14 05:00:00+00:00,23507.650390625,23519.400390625,23504.05078125,23519.05078125,0
2026-05-14 05:05:00+00:00,23520.19921875,23537.5,23519.400390625,23529.400390625,0
2026-05-14 05:10:00+00:00,23530.55078125,23533.25,23496.80078125,23497.25,0
2026-05-14 05:15:00+00:00,23495.599609375,23495.599609375,23436.05078125,23437.19921875,0
2026-05-14 05:20:00+00:00,23439.0,23480.599609375,23426.849609375,23473.0,0
2026-05-14 05:25:00+00:00,23473.30078125,23473.75,23430.44921875,23430.44921875,0
2026-05-14 05:30:00+00:00,23432.900390625,23444.150390625,23431.650390625,23435.25,0
2026-05-14 05:35:00+00:00,23435.94921875,23446.400390625,23427.849609375,23432.099609375,0
2026-05-14 05:40:00+00:00,23433.44921875,23461.349609375,23429.69921875,23459.150390625,0
2026-05-14 05:45:00+00:00,23459.849609375,23502.94921875,23459.0,23502.94921875,0
2026-05-14 05:50:00+00:00,23503.849609375,23549.25,23500.69921875,23543.150390625,0
2026-05-14 05:55:00+00:00,23545.69921875,23577.80078125,23514.05078125,23567.400390625,0
2026-05-14 06:00:00+00:00,23568.5,23609.849609375,23566.599609375,23604.650390625,0
2026-05-14 06:05:00+00:00,23605.30078125,23634.19921875,23600.900390625,23628.05078125,0
2026-05-14 06:10:00+00:00,23629.150390625,23669.150390625,23612.25,23668.599609375,0
2026-05-14 06:15:00+00:00,23670.69921875,23683.5,23645.05078125,23681.25,0
2026-05-14 06:20:00+00:00,23683.349609375,23702.150390625,23669.400390625,23673.75,0
2026-05-14 06:25:00+00:00,23675.44921875,23689.30078125,23666.900390625,23684.599609375,0
2026-05-14 06:30:00+00:00,23685.55078125,23685.55078125,23645.94921875,23650.599609375,0
2026-05-14 06:35:00+00:00,23653.44921875,23669.30078125,23645.849609375,23650.650390625,0
2026-05-14 06:40:00+00:00,23651.94921875,23668.25,23636.44921875,23667.400390625,0
2026-05-14 06:45:00+00:00,23667.94921875,23707.80078125,23667.19921875,23681.650390625,0
2026-05-14 06:50:00+00:00,23682.599609375,23699.099609375,23680.19921875,23696.25,0
2026-05-14 06:55:00+00:00,23697.900390625,23708.099609375,23688.19921875,23692.650390625,0
2026-05-14 07:00:00+00:00,23695.19921875,23701.25,23679.19921875,23682.69921875,0
2026-05-14 07:05:00+00:00,23682.400390625,23690.150390625,23667.44921875,23677.349609375,0
2026-05-14 07:10:00+00:00,23679.44921875,23702.900390625,23673.099609375,23701.69921875,0
2026-05-14 07:15:00+00:00,23703.349609375,23712.75,23684.150390625,23710.55078125,0
2026-05-14 07:20:00+00:00,23711.75,23711.75,23675.80078125,23684.94921875,0
2026-05-14 07:25:00+00:00,23686.150390625,23697.099609375,23676.650390625,23689.0,0
2026-05-14 07:30:00+00:00,23690.19921875,23739.400390625,23689.30078125,23738.44921875,0
2026-05-14 07:35:00+00:00,23739.44921875,23747.150390625,23721.55078125,23722.75,0
2026-05-14 07:40:00+00:00,23723.400390625,23726.69921875,23695.900390625,23713.55078125,0
2026-05-14 07:45:00+00:00,23715.25,23732.849609375,23709.650390625,23721.150390625,0
2026-05-14 07:50:00+00:00,23722.150390625,23727.30078125,23710.650390625,23710.75,0
2026-05-14 07:55:00+00:00,23711.900390625,23729.5,23709.900390625,23715.150390625,0
2026-05-14 08:00:00+00:00,23718.099609375,23739.55078125,23709.30078125,23737.849609375,0
2026-05-14 08:05:00+00:00,23741.30078125,23760.25,23735.75,23739.25,0
2026-05-14 08:10:00+00:00,23740.55078125,23758.599609375,23738.05078125,23752.55078125,0
2026-05-14 08:15:00+00:00,23753.80078125,23763.400390625,23735.44921875,23740.900390625,0
2026-05-14 08:20:00+00:00,23742.5,23753.5,23725.94921875,23747.849609375,0
2026-05-14 08:25:00+00:00,23749.94921875,23756.150390625,23738.19921875,23751.349609375,0
2026-05-14 08:30:00+00:00,23751.849609375,23758.5,23740.0,23751.05078125,0
2026-05-14 08:35:00+00:00,23753.69921875,23768.599609375,23745.349609375,23758.05078125,0
2026-05-14 08:40:00+00:00,23759.599609375,23765.19921875,23741.44921875,23744.55078125,0
2026-05-14 08:45:00+00:00,23746.44921875,23757.599609375,23724.400390625,23724.900390625,0
2026-05-14 08:50:00+00:00,23727.349609375,23743.44921875,23719.80078125,23740.19921875,0
2026-05-14 08:55:00+00:00,23741.5,23757.80078125,23740.900390625,23755.349609375,0
2026-05-14 09:00:00+00:00,23756.099609375,23776.650390625,23750.150390625,23758.849609375,0
2026-05-14 09:05:00+00:00,23760.69921875,23761.05078125,23725.94921875,23737.75,0
2026-05-14 09:10:00+00:00,23739.75,23742.599609375,23722.30078125,23730.099609375,0
2026-05-14 09:15:00+00:00,23729.849609375,23733.0,23693.19921875,23694.69921875,0
2026-05-14 09:20:00+00:00,23695.5,23716.75,23692.349609375,23702.400390625,0
2026-05-14 09:25:00+00:00,23702.849609375,23722.900390625,23688.25,23710.150390625,0
2026-05-14 09:30:00+00:00,23711.650390625,23713.25,23690.19921875,23706.19921875,0
2026-05-14 09:35:00+00:00,23707.650390625,23707.650390625,23670.19921875,23672.900390625,0
2026-05-14 09:40:00+00:00,23673.80078125,23691.94921875,23670.900390625,23683.80078125,0
2026-05-14 09:45:00+00:00,23683.349609375,23691.0,23668.150390625,23687.30078125,0
2026-05-14 09:50:00+00:00,23687.25,23697.25,23679.349609375,23696.599609375,0
2026-05-14 09:55:00+00:00,23695.75,23719.55078125,23688.099609375,23713.75,0
2026-05-15 03:45:00+00:00,23731.400390625,23766.599609375,23663.849609375,23718.900390625,0
2026-05-15 03:50:00+00:00,23719.099609375,23765.69921875,23707.30078125,23764.69921875,0
2026-05-15 03:55:00+00:00,23764.900390625,23796.44921875,23751.849609375,23789.30078125,0
2026-05-15 04:00:00+00:00,23787.900390625,23790.25,23748.5,23748.5,0
2026-05-15 04:05:00+00:00,23749.599609375,23772.900390625,23734.099609375,23771.349609375,0
2026-05-15 04:10:00+00:00,23770.80078125,23802.75,23769.599609375,23801.849609375,0
2026-05-15 04:15:00+00:00,23802.099609375,23818.0,23792.55078125,23794.69921875,0
2026-05-15 04:20:00+00:00,23795.599609375,23824.69921875,23791.5,23823.650390625,0
2026-05-15 04:25:00+00:00,23823.150390625,23836.400390625,23818.25,23818.400390625,0
2026-05-15 04:30:00+00:00,23817.94921875,23821.349609375,23787.69921875,23817.80078125,0
2026-05-15 04:35:00+00:00,23818.349609375,23819.25,23785.25,23788.05078125,0
2026-05-15 04:40:00+00:00,23787.599609375,23801.44921875,23781.25,23800.099609375,0
2026-05-15 04:45:00+00:00,23800.25,23815.5,23792.5,23796.599609375,0
2026-05-15 04:50:00+00:00,23796.400390625,23821.0,23788.75,23820.650390625,0
2026-05-15 04:55:00+00:00,23820.5,23834.150390625,23820.19921875,23828.849609375,0
2026-05-15 05:00:00+00:00,23828.150390625,23829.25,23805.150390625,23814.94921875,0
2026-05-15 05:05:00+00:00,23815.150390625,23822.099609375,23802.849609375,23806.099609375,0
2026-05-15 05:10:00+00:00,23805.75,23823.19921875,23800.94921875,23817.400390625,0
2026-05-15 05:15:00+00:00,23817.05078125,23832.05078125,23816.900390625,23827.05078125,0
2026-05-15 05:20:00+00:00,23827.0,23838.94921875,23822.05078125,23830.19921875,0
2026-05-15 05:25:00+00:00,23830.44921875,23834.849609375,23820.25,23829.5,0
2026-05-15 05:30:00+00:00,23829.55078125,23830.75,23781.55078125,23781.849609375,0
2026-05-15 05:35:00+00:00,23782.349609375,23784.44921875,23741.80078125,23743.25,0
2026-05-15 05:40:00+00:00,23743.05078125,23757.19921875,23732.25,23744.099609375,0
2026-05-15 05:45:00+00:00,23743.55078125,23751.69921875,23713.55078125,23742.94921875,0
2026-05-15 05:50:00+00:00,23742.650390625,23747.650390625,23725.30078125,23727.69921875,0
2026-05-15 05:55:00+00:00,23727.349609375,23732.849609375,23712.400390625,23712.400390625,0
2026-05-15 06:00:00+00:00,23712.69921875,23720.099609375,23677.650390625,23716.25,0
2026-05-15 06:05:00+00:00,23716.849609375,23728.30078125,23705.19921875,23726.849609375,0
2026-05-15 06:10:00+00:00,23727.0,23730.25,23711.80078125,23721.69921875,0
2026-05-15 06:15:00+00:00,23721.75,23734.44921875,23717.19921875,23726.349609375,0
2026-05-15 06:20:00+00:00,23726.19921875,23735.30078125,23718.80078125,23721.19921875,0
2026-05-15 06:25:00+00:00,23720.94921875,23727.400390625,23713.69921875,23725.55078125,0
2026-05-15 06:30:00+00:00,23725.55078125,23755.849609375,23718.75,23754.400390625,0
2026-05-15 06:35:00+00:00,23754.05078125,23769.5,23752.25,23755.650390625,0
2026-05-15 06:40:00+00:00,23755.25,23765.599609375,23747.30078125,23751.099609375,0
2026-05-15 06:45:00+00:00,23751.150390625,23755.30078125,23731.150390625,23740.099609375,0
2026-05-15 06:50:00+00:00,23740.05078125,23741.69921875,23720.69921875,23725.099609375,0
2026-05-15 06:55:00+00:00,23725.5,23743.19921875,23718.69921875,23720.099609375,0
2026-05-15 07:00:00+00:00,23720.5,23736.44921875,23715.55078125,23736.30078125,0
2026-05-15 07:05:00+00:00,23736.349609375,23747.80078125,23734.099609375,23743.900390625,0
2026-05-15 07:10:00+00:00,23744.30078125,23769.69921875,23743.80078125,23767.349609375,0
2026-05-15 07:15:00+00:00,23767.5,23786.94921875,23766.05078125,23783.55078125,0
2026-05-15 07:20:00+00:00,23783.599609375,23797.5,23777.599609375,23782.849609375,0
2026-05-15 07:25:00+00:00,23782.349609375,23790.05078125,23774.650390625,23784.75,0
2026-05-15 07:30:00+00:00,23784.650390625,23787.349609375,23773.150390625,23775.30078125,0
2026-05-15 07:35:00+00:00,23781.099609375,23784.400390625,23766.650390625,23775.25,0
2026-05-15 07:40:00+00:00,23775.400390625,23786.19921875,23775.099609375,23780.05078125,0
2026-05-15 07:45:00+00:00,23780.650390625,23785.75,23770.44921875,23785.75,0
2026-05-15 07:50:00+00:00,23785.849609375,23787.80078125,23774.05078125,23776.099609375,0
2026-05-15 07:55:00+00:00,23776.05078125,23785.19921875,23765.69921875,23777.0,0
2026-05-15 08:00:00+00:00,23776.099609375,23779.599609375,23758.5,23761.25,0
2026-05-15 08:05:00+00:00,23761.55078125,23770.80078125,23737.0,23740.099609375,0
2026-05-15 08:10:00+00:00,23739.69921875,23742.650390625,23728.0,23738.650390625,0
2026-05-15 08:15:00+00:00,23739.19921875,23750.650390625,23702.30078125,23711.150390625,0
2026-05-15 08:20:00+00:00,23711.0,23733.849609375,23699.55078125,23728.80078125,0
2026-05-15 08:25:00+00:00,23728.69921875,23734.75,23705.25,23713.55078125,0
2026-05-15 08:30:00+00:00,23713.55078125,23714.650390625,23694.44921875,23694.80078125,0
2026-05-15 08:35:00+00:00,23694.94921875,23715.0,23693.69921875,23713.19921875,0
2026-05-15 08:40:00+00:00,23713.80078125,23722.25,23704.44921875,23722.150390625,0
2026-05-15 08:45:00+00:00,23722.349609375,23726.650390625,23704.69921875,23717.75,0
2026-05-15 08:50:00+00:00,23718.099609375,23720.19921875,23701.599609375,23706.69921875,0
2026-05-15 08:55:00+00:00,23706.75,23708.5,23685.30078125,23694.25,0
2026-05-15 09:00:00+00:00,23695.69921875,23702.94921875,23676.599609375,23695.5,0
2026-05-15 09:05:00+00:00,23695.05078125,23703.19921875,23685.099609375,23692.5,0
2026-05-15 09:10:00+00:00,23692.55078125,23705.30078125,23689.650390625,23690.44921875,0
2026-05-15 09:15:00+00:00,23690.75,23692.25,23625.599609375,23626.05078125,0
2026-05-15 09:20:00+00:00,23625.94921875,23633.30078125,23610.80078125,23617.94921875,0
2026-05-15 09:25:00+00:00,23618.69921875,23658.150390625,23611.5,23646.849609375,0
2026-05-15 09:30:00+00:00,23646.099609375,23674.75,23633.80078125,23674.75,0
2026-05-15 09:35:00+00:00,23674.19921875,23678.349609375,23644.0,23647.599609375,0
2026-05-15 09:40:00+00:00,23647.849609375,23653.19921875,23640.099609375,23643.650390625,0
2026-05-15 09:45:00+00:00,23644.099609375,23645.849609375,23616.5,23636.849609375,0
2026-05-15 09:50:00+00:00,23637.150390625,23646.849609375,23626.0,23632.400390625,0
2026-05-15 09:55:00+00:00,23632.849609375,23660.75,23625.30078125,23657.900390625,0
2026-05-18 03:45:00+00:00,23482.19921875,23485.80078125,23372.900390625,23400.5,0
2026-05-18 03:50:00+00:00,23396.5,23413.349609375,23383.349609375,23401.5,0
2026-05-18 03:55:00+00:00,23399.80078125,23405.44921875,23363.30078125,23373.099609375,0
2026-05-18 04:00:00+00:00,23373.150390625,23394.94921875,23360.19921875,23388.19921875,0
2026-05-18 04:05:00+00:00,23387.900390625,23394.80078125,23347.349609375,23358.400390625,0
2026-05-18 04:10:00+00:00,23358.5,23383.5,23349.69921875,23371.05078125,0
2026-05-18 04:15:00+00:00,23370.75,23372.19921875,23341.650390625,23342.400390625,0
2026-05-18 04:20:00+00:00,23342.599609375,23345.099609375,23322.349609375,23325.05078125,0
2026-05-18 04:25:00+00:00,23325.349609375,23342.05078125,23317.55078125,23341.150390625,0
2026-05-18 04:30:00+00:00,23340.80078125,23364.05078125,23339.5,23361.05078125,0
2026-05-18 04:35:00+00:00,23361.099609375,23366.5,23340.30078125,23350.900390625,0
2026-05-18 04:40:00+00:00,23350.75,23366.400390625,23348.69921875,23362.400390625,0
2026-05-18 04:45:00+00:00,23362.30078125,23389.44921875,23353.900390625,23384.900390625,0
2026-05-18 04:50:00+00:00,23385.0,23389.05078125,23373.5,23381.900390625,0
2026-05-18 04:55:00+00:00,23382.19921875,23385.94921875,23375.5,23379.849609375,0
2026-05-18 05:00:00+00:00,23379.75,23414.400390625,23355.55078125,23413.650390625,0
2026-05-18 05:05:00+00:00,23414.05078125,23439.69921875,23412.55078125,23429.0,0
2026-05-18 05:10:00+00:00,23429.0,23433.5,23403.94921875,23417.19921875,0
2026-05-18 05:15:00+00:00,23417.80078125,23418.099609375,23389.599609375,23408.650390625,0
2026-05-18 05:20:00+00:00,23408.150390625,23445.30078125,23408.150390625,23443.69921875,0
2026-05-18 05:25:00+00:00,23443.55078125,23465.94921875,23442.69921875,23465.099609375,0
2026-05-18 05:30:00+00:00,23464.900390625,23471.44921875,23452.599609375,23455.25,0
2026-05-18 05:35:00+00:00,23455.150390625,23477.75,23454.75,23476.400390625,0
2026-05-18 05:40:00+00:00,23477.099609375,23477.75,23460.599609375,23470.099609375,0
2026-05-18 05:45:00+00:00,23470.19921875,23494.69921875,23465.849609375,23494.05078125,0
2026-05-18 05:50:00+00:00,23494.30078125,23518.0,23476.05078125,23516.19921875,0
2026-05-18 05:55:00+00:00,23516.400390625,23519.599609375,23494.19921875,23495.80078125,0
2026-05-18 06:00:00+00:00,23505.0,23532.599609375,23494.400390625,23528.55078125,0
2026-05-18 06:05:00+00:00,23529.25,23562.44921875,23524.55078125,23560.650390625,0
2026-05-18 06:10:00+00:00,23560.69921875,23561.099609375,23525.150390625,23534.25,0
2026-05-18 06:15:00+00:00,23536.5,23538.25,23502.80078125,23512.69921875,0
2026-05-18 06:20:00+00:00,23512.55078125,23512.900390625,23499.30078125,23499.69921875,0
2026-05-18 06:25:00+00:00,23500.099609375,23509.650390625,23473.69921875,23474.69921875,0
2026-05-18 06:30:00+00:00,23474.75,23485.5,23468.349609375,23477.900390625,0
2026-05-18 06:35:00+00:00,23477.69921875,23500.150390625,23477.69921875,23492.5,0
2026-05-18 06:40:00+00:00,23492.44921875,23522.75,23492.0,23516.05078125,0
2026-05-18 06:45:00+00:00,23529.75,23529.75,23529.75,23529.75,0
2026-05-18 06:50:00+00:00,23519.94921875,23537.150390625,23518.44921875,23535.94921875,0
2026-05-18 06:55:00+00:00,23536.0,23558.150390625,23536.0,23553.44921875,0
2026-05-18 07:00:00+00:00,23553.5,23599.25,23553.5,23593.94921875,0
2026-05-18 07:05:00+00:00,23593.099609375,23609.849609375,23591.69921875,23604.400390625,0
2026-05-18 07:10:00+00:00,23604.25,23608.05078125,23578.75,23584.75,0
2026-05-18 07:15:00+00:00,23585.0,23588.75,23572.650390625,23578.75,0
2026-05-18 07:20:00+00:00,23579.19921875,23592.099609375,23577.0,23589.25,0
2026-05-18 07:25:00+00:00,23589.5,23637.400390625,23589.05078125,23636.900390625,0
2026-05-18 07:30:00+00:00,23637.150390625,23661.349609375,23634.5,23646.349609375,0
2026-05-18 07:35:00+00:00,23645.900390625,23647.25,23605.25,23610.349609375,0
2026-05-18 07:40:00+00:00,23610.650390625,23616.44921875,23592.25,23615.900390625,0
2026-05-18 07:45:00+00:00,23615.5,23628.75,23613.900390625,23620.349609375,0
2026-05-18 07:50:00+00:00,23620.5,23627.75,23596.44921875,23627.69921875,0
2026-05-18 07:55:00+00:00,23628.0,23634.25,23610.099609375,23618.94921875,0
2026-05-18 08:00:00+00:00,23618.349609375,23633.5,23611.80078125,23621.5,0
2026-05-18 08:05:00+00:00,23622.150390625,23628.400390625,23606.19921875,23607.05078125,0
2026-05-18 08:10:00+00:00,23607.0,23630.80078125,23599.150390625,23622.400390625,0
2026-05-18 08:15:00+00:00,23622.05078125,23625.5,23604.05078125,23624.44921875,0
2026-05-18 08:20:00+00:00,23625.05078125,23646.349609375,23623.099609375,23642.849609375,0
2026-05-18 08:25:00+00:00,23642.5,23659.400390625,23634.05078125,23640.900390625,0
2026-05-18 08:30:00+00:00,23641.25,23652.0,23627.400390625,23641.30078125,0
2026-05-18 08:35:00+00:00,23642.25,23644.19921875,23612.650390625,23615.150390625,0
2026-05-18 08:40:00+00:00,23615.150390625,23638.099609375,23606.69921875,23624.849609375,0
2026-05-18 08:45:00+00:00,23609.75,23624.900390625,23599.0,23612.150390625,0
2026-05-18 08:50:00+00:00,23616.5,23619.44921875,23591.05078125,23591.05078125,0
2026-05-18 08:55:00+00:00,23590.75,23620.69921875,23583.849609375,23614.349609375,0
2026-05-18 09:00:00+00:00,23613.5,23624.25,23595.900390625,23597.400390625,0
2026-05-18 09:05:00+00:00,23597.80078125,23603.75,23586.05078125,23587.099609375,0
2026-05-18 09:10:00+00:00,23586.599609375,23611.30078125,23582.0,23602.94921875,0
2026-05-18 09:15:00+00:00,23603.349609375,23607.900390625,23585.75,23585.75,0
2026-05-18 09:20:00+00:00,23586.05078125,23595.5,23583.5,23592.099609375,0
2026-05-18 09:25:00+00:00,23592.650390625,23598.0,23581.94921875,23591.5,0
2026-05-18 09:30:00+00:00,23591.0,23695.400390625,23590.25,23662.69921875,0
2026-05-18 09:35:00+00:00,23662.44921875,23674.25,23629.099609375,23637.69921875,0
2026-05-18 09:40:00+00:00,23638.05078125,23649.80078125,23631.650390625,23634.599609375,0
2026-05-18 09:45:00+00:00,23634.25,23635.599609375,23619.30078125,23626.900390625,0
2026-05-18 09:50:00+00:00,23626.94921875,23658.349609375,23626.19921875,23657.30078125,0
2026-05-18 09:55:00+00:00,23657.0,23658.400390625,23640.05078125,23644.44921875,0
2026-05-19 03:45:00+00:00,23675.30078125,23739.75,23675.30078125,23735.099609375,0
2026-05-19 03:50:00+00:00,23734.80078125,23757.75,23719.80078125,23748.849609375,0
2026-05-19 03:55:00+00:00,23748.94921875,23765.150390625,23746.150390625,23757.19921875,0
2026-05-19 04:00:00+00:00,23756.900390625,23768.44921875,23683.55078125,23684.0,0
2026-05-19 04:05:00+00:00,23684.0,23707.69921875,23647.900390625,23706.150390625,0
2026-05-19 04:10:00+00:00,23706.75,23757.900390625,23706.75,23749.599609375,0
2026-05-19 04:15:00+00:00,23749.19921875,23751.69921875,23706.099609375,23715.05078125,0
2026-05-19 04:20:00+00:00,23714.150390625,23722.150390625,23689.349609375,23696.0,0
2026-05-19 04:25:00+00:00,23695.05078125,23703.80078125,23677.599609375,23677.599609375,0
2026-05-19 04:30:00+00:00,23678.150390625,23721.0,23678.150390625,23698.55078125,0
2026-05-19 04:35:00+00:00,23699.25,23730.19921875,23696.5,23723.900390625,0
2026-05-19 04:40:00+00:00,23722.80078125,23762.900390625,23720.900390625,23754.25,0
2026-05-19 04:45:00+00:00,23753.44921875,23762.599609375,23724.900390625,23726.44921875,0
2026-05-19 04:50:00+00:00,23725.69921875,23743.30078125,23724.0,23739.19921875,0
2026-05-19 04:55:00+00:00,23739.19921875,23756.75,23739.099609375,23751.05078125,0
2026-05-19 05:00:00+00:00,23751.05078125,23757.849609375,23735.75,23744.650390625,0
2026-05-19 05:05:00+00:00,23744.849609375,23754.05078125,23734.19921875,23752.94921875,0
2026-05-19 05:10:00+00:00,23753.150390625,23765.150390625,23743.150390625,23764.400390625,0
2026-05-19 05:15:00+00:00,23764.75,23774.30078125,23750.400390625,23757.05078125,0
2026-05-19 05:20:00+00:00,23757.44921875,23767.55078125,23724.900390625,23741.69921875,0
2026-05-19 05:25:00+00:00,23742.099609375,23782.19921875,23741.150390625,23771.650390625,0
2026-05-19 05:30:00+00:00,23771.94921875,23774.94921875,23744.099609375,23751.55078125,0
2026-05-19 05:35:00+00:00,23751.55078125,23752.650390625,23738.44921875,23744.099609375,0
2026-05-19 05:40:00+00:00,23743.849609375,23754.0,23738.150390625,23744.150390625,0
